time,total_energy,kinetic_energy,potential_energy,linear_momentum,angular_momentum,com_drift,shadow_energy,timestep
0,0.00044403875950479099,0.00059204621429118976,-0.00014800745478639875,0,0.048663999999999985,0,0.00044403875950479099,1
1000,0.00044403051585348427,0.00059203679297540886,-0.00014800627712192462,0,0.048664000000000485,0,0.00044403051585348427,1
2000,0.00044400980743677715,0.00059201312621345913,-0.00014800331877668201,0,0.048664000000000117,0,0.00044400980743677715,1
3000,0.0004439892590143113,0.00059198964230207005,-0.00014800038328775878,0,0.048663999999999985,0,0.0004439892590143113,1
4000,0.00044398139542147657,0.00059198065533883114,-0.00014799925991735454,0,0.048663999999999784,0,0.00044398139542147657,1
5000,0.00044399100910850087,0.0005919916424097164,-0.0001480006333012155,0,0.048663999999999687,0,0.00044399100910850087,1
6000,0.0004440122409866108,0.00059201590741327016,-0.00014800366642665934,0,0.048663999999999798,0,0.0004440122409866108,1
7000,0.0004440321493852698,0.00059203865986888113,-0.00014800651048361131,0,0.04866399999999961,0,0.0004440321493852698,1
8000,0.00044403859704319711,0.00059204602862079848,-0.00014800743157760134,0,0.048663999999999492,0,0.00044403859704319711,1
9000,0.00044402765263331918,0.00059203352072379422,-0.00014800586809047504,0,0.048663999999999742,0,0.00044402765263331918,1
10000,0.0004440059891464461,0.00059200876245308286,-0.00014800277330663674,0,0.048663999999999541,0,0.0004440059891464461,1
11000,0.00044398681318772077,0.00059198684707168175,-0.000148000033883961,0,0.048663999999999735,0,0.00044398681318772077,1
12000,0.00044398181269983069,0.00059198113222837538,-0.00014799931952854471,0,0.048664000000000714,0,0.00044398181269983069,1
13000,0.00044399403519111534,0.00059199510078984229,-0.00014800106559872695,0,0.048664000000001088,0,0.00044399403519111534,1
14000,0.0004440160315112143,0.00059202023944138324,-0.00014800420793016893,0,0.04866400000000131,0,0.0004440160315112143,1
15000,0.00044403439361023842,0.00059204122469741298,-0.00014800683108717459,0,0.048664000000000672,0,0.00044403439361023842,1
16000,0.00044403792662493899,0.00059204526242850062,-0.0001480073358035616,0,0.048664000000000311,0,0.00044403792662493899,1
17000,0.00044402447635649711,0.00059202989069313968,-0.0001480054143366426,0,0.048663999999999964,0,0.00044402447635649711,1
18000,0.00044400224351427524,0.00059200448173060141,-0.00014800223821632616,0,0.048663999999999666,0,0.00044400224351427524,1
19000,0.00044398478136383921,0.00059198452498724523,-0.00014799974362340599,0,0.048663999999999888,0,0.00044398478136383921,1
20000,0.00044398273298040526,0.00059198218397760551,-0.00014799945099720026,0,0.048664000000000138,0,0.00044398273298040526,1
21000,0.00044399734672889322,0.00059199888540444729,-0.00014800153867555407,0,0.04866400000000061,0,0.00044399734672889322,1
22000,0.00044401971590337058,0.00059202445017527902,-0.00014800473427190841,0,0.048664000000000471,0,0.00044401971590337058,1
23000,0.00044403620473701833,0.00059204329455659027,-0.00014800708981957197,0,0.048664000000000596,0,0.00044403620473701833,1
24000,0.00044403676018972679,0.00059204392935968653,-0.00014800716916995972,0,0.048664000000000353,0,0.00044403676018972679,1
25000,0.00044402104358214788,0.00059202596752245271,-0.00014800492394030483,0,0.048664000000000575,0,0.00044402104358214788,1
26000,0.00044399863722087429,0.00059200036025242628,-0.00014800172303155198,0,0.048664000000000422,0,0.00044399863722087429,1
27000,0.00044398319970599909,0.00059198271737828385,-0.00014799951767228476,0,0.048664000000000235,0,0.00044398319970599909,1
28000,0.00044398413988429016,0.00059198379186776008,-0.0001479996519834699,0,0.048664000000000027,0,0.00044398413988429016,1
29000,0.00044400088477483381,0.00059200292888552503,-0.00014800204411069122,0,0.048663999999999805,0,0.00044400088477483381,1
30000,0.00044402322856221921,0.00059202846464253851,-0.00014800523608031929,0,0.048663999999999347,0,0.00044402322856221921,1
31000,0.00044403755051189068,0.00059204483258502221,-0.00014800728207313153,0,0.048663999999998764,0,0.00044403755051189068,1
32000,0.00044403511851064386,0.0005920420531550229,-0.00014800693464437907,0,0.048663999999999603,0,0.00044403511851064386,1
33000,0.00044401741543446797,0.00059202182106796696,-0.00014800440563349901,0,0.048663999999998979,0,0.00044401741543446797,1
34000,0.00044399523446361891,0.00059199647138699738,-0.00014800123692337847,0,0.04866399999999875,0,0.00044399523446361891,1
35000,0.00044398209636473064,0.00059198145641684084,-0.0001479993600521102,0,0.048663999999998313,0,0.00044398209636473064,1
36000,0.00044398600837143273,0.00059198592728164346,-0.00014799991891021073,0,0.04866399999999825,0,0.00044398600837143273,1
37000,0.00044400458634746246,0.00059200715925424735,-0.00014800257290678486,0,0.048663999999998687,0,0.00044400458634746246,1
38000,0.00044402650694212243,0.00059203221136243139,-0.00014800570442030894,0,0.048663999999998347,0,0.00044402650694212243,1
39000,0.00044403840696801089,0.00059204581139201816,-0.00014800740442400727,0,0.048663999999998354,0,0.00044403840696801089,1
40000,0.00044403303082390813,0.0005920396672273279,-0.0001480066364034198,0,0.048663999999998743,0,0.00044403303082390813,1
41000,0.00044401365651376842,0.00059201752515859599,-0.00014800386864482758,0,0.048663999999998986,0,0.00044401365651376842,1
42000,0.00044399209581418871,0.00059199288435907594,-0.00014800078854488723,0,0.048663999999999097,0,0.00044399209581418871,1
43000,0.00044398149097711945,0.0005919807645452821,-0.00014799927356816265,0,0.048663999999999208,0,0.00044398149097711945,1
44000,0.00044398830518582624,0.00059198855221237749,-0.00014800024702655125,0,0.048663999999998667,0,0.00044398830518582624,1
45000,0.00044400838555149998,0.00059201150120172014,-0.00014800311565022018,0,0.048663999999998306,0,0.00044400838555149998,1
46000,0.00044402949266657933,0.00059203562361895366,-0.00014800613095237433,0,0.04866399999999832,0,0.00044402949266657933,1
47000,0.00044403875885254667,0.00059204621354577215,-0.00014800745469322548,0,0.048663999999998701,0,0.00044403875885254667,1
48000,0.00044403053430779797,0.00059203681406606011,-0.00014800627975826211,0,0.048663999999998493,0,0.00044403053430779797,1
49000,0.00044400983374601286,0.00059201315628116342,-0.00014800332253515054,0,0.04866399999999832,0,0.00044400983374601286,1
50000,0.00044398927714074676,0.00059198966301800271,-0.00014800038587725598,0,0.048663999999998146,0,0.00044398927714074676,1
51000,0.00044398139431764649,0.0005919806540773193,-0.00014799925975967281,0,0.048663999999997404,0,0.00044398139431764649,1
52000,0.00044399098944712223,0.0005919916199395765,-0.0001480006304924543,0,0.048663999999997612,0,0.00044399098944712223,1
53000,0.00044401221475090828,0.00059201587742961875,-0.00014800366267871048,0,0.048663999999997327,0,0.00044401221475090828,1
54000,0.00044403213256853766,0.00059203864064976569,-0.00014800650808122803,0,0.048663999999997584,0,0.00044403213256853766,1
55000,0.00044403859989879753,0.00059204603188434764,-0.00014800743198555008,0,0.048663999999997813,0,0.00044403859989879753,1
56000,0.0004440276734201154,0.00059203354448014007,-0.00014800587106002469,0,0.048663999999997633,0,0.0004440276734201154,1
57000,0.00044400601519102979,0.00059200879221832879,-0.00014800277702729903,0,0.04866399999999739,0,0.00044400601519102979,1
58000,0.00044398682861429388,0.00059198686470206025,-0.00014800003608776639,0,0.048663999999997078,0,0.00044398682861429388,1
59000,0.00044398180810656217,0.00059198112697893702,-0.00014799931887237485,0,0.048663999999997459,0,0.00044398180810656217,1
60000,0.00044399401337731279,0.00059199507585979501,-0.0001480010624824822,0,0.048663999999997425,0,0.00044399401337731279,1
61000,0.00044401600577237627,0.00059202021002558044,-0.00014800420425320414,0,0.048663999999997827,0,0.00044401600577237627,1
62000,0.00044403437963730222,0.00059204120872835206,-0.00014800682909104981,0,0.048663999999998084,0,0.00044403437963730222,1
63000,0.00044403793293754914,0.0005920452696429174,-0.00014800733670536823,0,0.048663999999998833,0,0.00044403793293754914,1
64000,0.00044402449910563302,0.00059202991669215675,-0.00014800541758652375,0,0.048663999999998625,0,0.00044402449910563302,1
65000,0.00044400226883052851,0.000592004510663465,-0.00014800224183293649,0,0.048663999999998882,0,0.00044400226883052851,1
66000,0.0004439847938158643,0.00059198453921813395,-0.00014799974540226964,0,0.048663999999999041,0,0.0004439847938158643,1
67000,0.00044398272497942712,0.00059198217483363532,-0.0001479994498542082,0,0.048663999999998743,0,0.00044398272497942712,1
68000,0.00044399732315098011,0.00059199885845826849,-0.00014800153530728839,0,0.048663999999998403,0,0.00044399732315098011,1
69000,0.00044401969111961936,0.00059202442185099882,-0.00014800473073137943,0,0.048663999999998486,0,0.00044401969111961936,1
70000,0.00044403619385668047,0.00059204328212192575,-0.00014800708826524531,0,0.048663999999998486,0,0.00044403619385668047,1
71000,0.00044403676984690918,0.00059204394039647184,-0.00014800717054956264,0,0.048663999999998798,0,0.00044403676984690918,1
72000,0.00044402106788853096,0.00059202599530118103,-0.00014800492741265007,0,0.048663999999999194,0,0.00044402106788853096,1
73000,0.00044399866135812096,0.00059200038783785653,-0.00014800172647973554,0,0.048663999999998861,0,0.00044399866135812096,1
74000,0.00044398320896191841,0.00059198272795648221,-0.00014799951899456383,0,0.048663999999998833,0,0.00044398320896191841,1
75000,0.00044398412861804235,0.00059198377899205383,-0.00014799965037401149,0,0.048663999999998438,0,0.00044398412861804235,1
76000,0.00044400085985252198,0.00059200290040288637,-0.00014800204055036439,0,0.048663999999998819,0,0.00044400085985252198,1
77000,0.00044402320517490445,0.00059202843791418081,-0.00014800523273927635,0,0.048663999999998757,0,0.00044402320517490445,1
78000,0.00044403754291791699,0.00059204482390619502,-0.00014800728098827802,0,0.048663999999998798,0,0.00044403754291791699,1
79000,0.00044403513134039284,0.0005920420678175957,-0.00014800693647720284,0,0.048663999999998896,0,0.00044403513134039284,1
80000,0.00044401744086528059,0.00059202185013175512,-0.00014800440926647453,0,0.048663999999998313,0,0.00044401744086528059,1
81000,0.00044399525699216754,0.00059199649713391261,-0.00014800124014174509,0,0.048663999999998014,0,0.00044399525699216754,1
82000,0.00044398210225978787,0.00059198146315404961,-0.00014799936089426174,0,0.048663999999998174,0,0.00044398210225978787,1
83000,0.00044398599404037956,0.00059198591090329697,-0.00014799991686291743,0,0.04866399999999825,0,0.00044398599404037956,1
84000,0.00044400456052441807,0.00059200712974219721,-0.00014800256921777914,0,0.048663999999998521,0,0.00044400456052441807,1
85000,0.00044402648536764238,0.00059203218670588278,-0.0001480057013382404,0,0.048663999999998334,0,0.00044402648536764238,1
86000,0.00044403840279561577,0.00059204580662356582,-0.00014800740382795002,0,0.048663999999998576,0,0.00044403840279561577,1
87000,0.00044403304659771498,0.00059203968525453664,-0.00014800663865682166,0,0.048663999999998486,0,0.00044403304659771498,1
88000,0.00044401368261623333,0.0005920175549899865,-0.00014800387237375316,0,0.048663999999998403,0,0.00044401368261623333,1
89000,0.00044399211633302398,0.00059199290780917587,-0.00014800079147615192,0,0.048663999999998375,0,0.00044399211633302398,1
90000,0.00044398149340638425,0.00059198076732158711,-0.00014799927391520286,0,0.048663999999998521,0,0.00044398149340638425,1
91000,0.00044398828804507594,0.0005919885326229503,-0.00014800024457787436,0,0.048663999999998174,0,0.00044398828804507594,1
92000,0.0004440083592874028,0.00059201147118560825,-0.00014800311189820545,0,0.048663999999998549,0,0.0004440083592874028,1
93000,0.00044402947328915491,0.00059203560147332458,-0.00014800612818416969,0,0.048663999999998639,0,0.00044402947328915491,1
94000,0.00044403875817612801,0.0005920462127727206,-0.0001480074545965926,0,0.048663999999999159,0,0.00044403875817612801,1
95000,0.00044403055274486181,0.00059203683513698864,-0.00014800628239212686,0,0.04866399999999891,0,0.00044403055274486181,1
96000,0.00044400986005541045,0.00059201318634904433,-0.00014800332629363389,0,0.048663999999998903,0,0.00044400986005541045,1
97000,0.00044398929528464498,0.00059198968375388285,-0.00014800038846923786,0,0.048663999999999173,0,0.00044398929528464498,1
98000,0.00044398139323783111,0.00059198065284323865,-0.00014799925960540754,0,0.048663999999999104,0,0.00044398139323783111,1
99000,0.00044399096980165674,0.00059199159748761086,-0.00014800062768595412,0,0.048663999999999083,0,0.00044399096980165674,1
100000,0.00044401218851328249,0.00059201584744375307,-0.00014800365893047061,0,0.048663999999999513,0,0.00044401218851328249,1
101000,0.00044403211573318683,0.00059203862140935716,-0.00014800650567617035,0,0.048663999999999749,0,0.00044403211573318683,1
102000,0.00044403860273040601,0.00059204603512046582,-0.00014800743239005981,0,0.048663999999999479,0,0.00044403860273040601,1
103000,0.00044402769419205773,0.00059203356821949679,-0.00014800587402743909,0,0.048663999999999347,0,0.00044402769419205773,1
104000,0.0004440060412389125,0.0005920088219873304,-0.00014800278074841787,0,0.048663999999999472,0,0.0004440060412389125,1
105000,0.00044398684406023398,0.00059198688235455571,-0.0001480000382943217,0,0.048663999999999263,0,0.00044398684406023398,1
106000,0.00044398180353692285,0.00059198112175648412,-0.00014799931821956127,0,0.048663999999999749,0,0.00044398180353692285,1
107000,0.00044399399157693829,0.00059199505094507238,-0.00014800105936813409,0,0.048663999999999985,0,0.00044399399157693829,1
108000,0.00044401598002849729,0.00059202018060399569,-0.0001480042005754984,0,0.048664000000000346,0,0.00044401598002849729,1
109000,0.00044403436564389835,0.00059204119273588212,-0.00014800682709198377,0,0.048664000000000485,0,0.00044403436564389835,1
110000,0.00044403793922671766,0.00059204527683053205,-0.00014800733760381442,0,0.048664000000000686,0,0.00044403793922671766,1
111000,0.00044402452184257545,0.00059202994267722642,-0.00014800542083465097,0,0.048664000000000762,0,0.00044402452184257545,1
112000,0.00044400229415321387,0.00059200453960367124,-0.00014800224545045737,0,0.048664000000000512,0,0.00044400229415321387,1
113000,0.00044398480628901507,0.00059198455347315776,-0.00014799974718414269,0,0.048664000000000665,0,0.00044398480628901507,1
114000,0.00044398271700128711,0.00059198216571575211,-0.000147999448714465,0,0.04866400000000131,0,0.00044398271700128711,1
115000,0.00044399729958367385,0.000591998831524192,-0.00014800153194051812,0,0.048664000000001928,0,0.00044399729958367385,1
116000,0.00044401966632777044,0.00059202439351744359,-0.00014800472718967312,0,0.048664000000002407,0,0.00044401966632777044,1
117000,0.00044403618295437656,0.00059204326966213691,-0.00014800708670776038,0,0.048664000000002212,0,0.00044403618295437656,1
118000,0.00044403677948164045,0.00059204395140758292,-0.0001480071719259425,0,0.048664000000001761,0,0.00044403677948164045,1
119000,0.00044402109218560367,0.00059202602306925587,-0.0001480049308836522,0,0.048664000000001567,0,0.00044402109218560367,1
120000,0.00044399868550479,0.00059200041543403838,-0.0001480017299292484,0,0.048664000000002108,0,0.00044399868550479,1
121000,0.00044398321824021128,0.00059198273856023436,-0.00014799952032002305,0,0.048664000000002053,0,0.00044398321824021128,1
122000,0.00044398411737336105,0.00059198376614097805,-0.00014799964876761702,0,0.04866400000000172,0,0.00044398411737336105,1
123000,0.00044400083493781415,0.00059200287192892403,-0.00014800203699110988,0,0.048664000000001838,0,0.00044400083493781415,1
124000,0.00044402318177649825,0.00059202841117313523,-0.00014800522939663701,0,0.048664000000001616,0,0.00044402318177649825,1
125000,0.0004440375353008626,0.00059204481520097824,-0.00014800727990011564,0,0.048664000000002178,0,0.0004440375353008626,1
126000,0.00044403514414909187,0.00059204208245609705,-0.00014800693830700518,0,0.048664000000002275,0,0.00044403514414909187,1
127000,0.00044401746628989342,0.00059202187918844392,-0.00014800441289855048,0,0.04866400000000165,0,0.00044401746628989342,1
128000,0.00044399527953308443,0.00059199652289494795,-0.00014800124336186352,0,0.048664000000001623,0,0.00044399527953308443,1
129000,0.00044398210817817203,0.00059198146991790537,-0.00014799936173973331,0,0.048664000000001595,0,0.00044398210817817203,1
130000,0.0004439859797293656,0.00059198589454784005,-0.00014799991481847442,0,0.048664000000001838,0,0.0004439859797293656,1
131000,0.00044400453470582558,0.00059200710023522439,-0.00014800256552939881,0,0.048664000000001401,0,0.00044400453470582558,1
132000,0.00044402646377931945,0.00059203216203350124,-0.00014800569825418179,0,0.048664000000001928,0,0.00044402646377931945,1
133000,0.00044403839859949001,0.00059204580182798153,-0.0001480074032284915,0,0.048664000000002032,0,0.00044403839859949001,1
134000,0.00044403306235231215,0.00059203970325977858,-0.0001480066409074664,0,0.048664000000001935,0,0.00044403306235231215,1
135000,0.00044401370871565273,0.00059201758481788077,-0.00014800387610222805,0,0.048664000000002317,0,0.00044401370871565273,1
136000,0.00044399213686685665,0.00059199293127639894,-0.00014800079440954229,0,0.048664000000002497,0,0.00044399213686685665,1
137000,0.00044398149585949136,0.0005919807701251224,-0.00014799927426563102,0,0.048664000000003045,0,0.00044398149585949136,1
138000,0.00044398827092242287,0.0005919885130541867,-0.00014800024213176382,0,0.048664000000003121,0,0.00044398827092242287,1
139000,0.00044400833302462298,0.00059201144117098725,-0.00014800310814636427,0,0.04866400000000299,0,0.00044400833302462298,1
140000,0.00044402945389537964,0.00059203557930899539,-0.00014800612541361575,0,0.048664000000002844,0,0.00044402945389537964,1
141000,0.00044403875747564569,0.00059204621197215645,-0.00014800745449651073,0,0.048664000000002899,0,0.00044403875747564569,1
142000,0.00044403057116472163,0.00059203685618824269,-0.00014800628502352104,0,0.048664000000003045,0,0.00044403057116472163,1
143000,0.00044400988636495787,0.00059201321641708603,-0.00014800333005212816,0,0.04866400000000249,0,0.00044400988636495787,1
144000,0.00044398931344591212,0.00059198970450960572,-0.00014800039106369357,0,0.048664000000002344,0,0.00044398931344591212,1
145000,0.0004439813921820147,0.00059198065163658029,-0.00014799925945456561,0,0.048664000000002261,0,0.0004439813921820147,1
146000,0.0004439909501721641,0.00059199157505389355,-0.00014800062488172944,0,0.048664000000002386,0,0.0004439909501721641,1
147000,0.00044401216227386218,0.00059201581745583218,-0.00014800365518197,0,0.048664000000002969,0,0.00044401216227386218,1
148000,0.00044403209887931253,0.00059203860214777394,-0.00014800650326846139,0,0.048664000000003392,0,0.00044403209887931253,1
149000,0.00044403860553801178,0.0005920460383291447,-0.0001480074327911329,0,0.04866400000000335,0,0.00044403860553801178,1
150000,0.00044402771494919424,0.00059203359194192457,-0.00014800587699273033,0,0.048664000000003357,0,0.00044402771494919424,1
151000,0.00044400606729019153,0.0005920088517602063,-0.00014800278447001477,0,0.048664000000003614,0,0.00044400606729019153,1
152000,0.00044398685952567215,0.00059198690002932707,-0.00014800004050365489,0,0.048664000000003621,0,0.00044398685952567215,1
153000,0.00044398179899097926,0.00059198111656110809,-0.00014799931757012881,0,0.048664000000003184,0,0.00044398179899097926,1
154000,0.00044399396978997451,0.0005919950260456718,-0.00014800105625569732,0,0.048664000000003829,0,0.00044399396978997451,1
155000,0.00044401595427957265,0.00059202015117664072,-0.0001480041968970681,0,0.048664000000003933,0,0.00044401595427957265,1
156000,0.00044403435163002186,0.00059204117672001164,-0.00014800682508998977,0,0.048664000000003843,0,0.00044403435163002186,1
157000,0.00044403794549245732,0.00059204528399136626,-0.00014800733849890894,0,0.048664000000003892,0,0.00044403794549245732,1
158000,0.00044402454456734749,0.00059202996864838263,-0.00014800542408103514,0,0.048664000000004169,0,0.00044402454456734749,1
159000,0.00044400231948242384,0.0005920045685513279,-0.00014800224906890406,0,0.048664000000003906,0,0.00044400231948242384,1
160000,0.00044398481878336768,0.00059198456775240774,-0.00014799974896904006,0,0.048664000000003579,0,0.00044398481878336768,1
161000,0.00044398270904614839,0.00059198215662415734,-0.00014799944757800895,0,0.048664000000003517,0,0.00044398270904614839,1
162000,0.00044399727602716641,0.00059199880460246565,-0.00014800152857529921,0,0.048664000000002955,0,0.00044399727602716641,1
163000,0.00044401964152790798,0.0005920243651747403,-0.00014800472364683235,0,0.048664000000003343,0,0.00044401964152790798,1
164000,0.00044403617203013886,0.00059204325717728966,-0.0001480070851471508,0,0.04866400000000342,0,0.00044403617203013886,1
165000,0.0004440367890938832,0.00059204396239299645,-0.00014800717329911328,0,0.048664000000003711,0,0.0004440367890938832,1
166000,0.00044402111647337918,0.00059202605082670596,-0.00014800493435332678,0,0.048664000000003774,0,0.00044402111647337918,1
167000,0.00044399870966107337,0.00059200044304121371,-0.00014800173338014034,0,0.048664000000003732,0,0.00044399870966107337,1
168000,0.00044398322754114902,0.00059198274918987129,-0.0001479995216487223,0,0.048664000000003815,0,0.00044398322754114902,1
169000,0.00044398410615061534,0.00059198375331497434,-0.000147999647164359,0,0.048664000000004197,0,0.00044398410615061534,1
170000,0.00044400081003097747,0.00059200284346395851,-0.00014800203343298102,0,0.04866400000000453,0,0.00044400081003097747,1
171000,0.00044402315836711834,0.00059202838441954684,-0.0001480052260524285,0,0.048664000000004884,0,0.00044402315836711834,1
172000,0.0004440375276606992,0.00059204480646935214,-0.00014800727880865292,0,0.048664000000005286,0,0.0004440375276606992,1
173000,0.00044403515693663986,0.00059204209707042774,-0.00014800694013378785,0,0.048664000000005127,0,0.00044403515693663986,1
174000,0.00044401749170817055,0.00059202190823789145,-0.0001480044165297209,0,0.048664000000005113,0,0.00044401749170817055,1
175000,0.00044399530208635228,0.00059199654867010069,-0.00014800124658374841,0,0.048664000000004662,0,0.00044399530208635228,1
176000,0.00044398211412008263,0.00059198147670864868,-0.00014799936258856606,0,0.048664000000004939,0,0.00044398211412008263,1
177000,0.0004439859654387019,0.00059198587821564274,-0.00014799991277694081,0,0.048664000000004773,0,0.0004439859654387019,1
178000,0.00044400450889204218,0.00059200707073374815,-0.00014800256184170597,0,0.048664000000004121,0,0.00044400450889204218,1
179000,0.00044402644217733607,0.00059203213734551239,-0.00014800569516817632,0,0.048664000000004183,0,0.00044402644217733607,1
180000,0.00044403839437954086,0.00059204579700517423,-0.0001480074026256334,0,0.048664000000004391,0,0.00044403839437954086,1
181000,0.00044403307808744442,0.00059203972124277757,-0.00014800664315533317,0,0.048664000000004606,0,0.00044403307808744442,1
182000,0.0004440137348118992,0.00059201761464215425,-0.00014800387983025508,0,0.048664000000004662,0,0.0004440137348118992,1
183000,0.00044399215741569895,0.00059199295476078189,-0.00014800079734508294,0,0.048664000000004856,0,0.00044399215741569895,1
184000,0.00044398149833667268,0.00059198077295618038,-0.00014799927461950767,0,0.048664000000004884,0,0.00044398149833667268,1
185000,0.00044398825381823941,0.00059198849350654173,-0.00014800023968830235,0,0.04866400000000505,0,0.00044398825381823941,1
186000,0.00044400830676343428,0.00059201141115819216,-0.00014800310439475791,0,0.048664000000005293,0,0.00044400830676343428,1
187000,0.0004440294344853975,0.00059203555712614966,-0.00014800612264075219,0,0.048664000000005425,0,0.0004440294344853975,1
188000,0.00044403875675105473,0.00059204621114404608,-0.00014800745439299133,0,0.048664000000004745,0,0.00044403875675105473,1
189000,0.000444030589567281,0.0005920368772197324,-0.0001480062876524514,0,0.048664000000004981,0,0.000444030589567281,1
190000,0.00044400991267454974,0.00059201324648518042,-0.00014800333381063068,0,0.048664000000005543,0,0.00044400991267454974,1
191000,0.00044398933162452569,0.00059198972528515248,-0.00014800039366062677,0,0.048664000000005675,0,0.00044398933162452569,1
192000,0.00044398139115032586,0.00059198065045749481,-0.00014799925930716892,0,0.048664000000005897,0,0.00044398139115032586,1
193000,0.00044399093055886603,0.00059199155263868464,-0.00014800062207981861,0,0.048664000000005578,0,0.00044399093055886603,1
194000,0.00044401213603283639,0.00059201578746607942,-0.00014800365143324303,0,0.04866400000000555,0,0.00044401213603283639,1
195000,0.00044403208200701416,0.00059203858286513943,-0.0001480065008581253,0,0.048664000000005626,0,0.00044403208200701416,1
196000,0.00044403860832164903,0.00059204604151043597,-0.00014800743318878695,0,0.048664000000005758,0,0.00044403860832164903,1
197000,0.00044402773569141479,0.00059203361564730934,-0.00014800587995589454,0,0.048664000000006286,0,0.00044402773569141479,1
198000,0.00044400609334472707,0.00059200888153680925,-0.00014800278819208221,0,0.04866400000000623,0,0.00044400609334472707,1
199000,0.00044398687501058569,0.00059198691772636384,-0.00014800004271577815,0,0.048664000000005696,0,0.00044398687501058569,1
200000,0.00044398179446882892,0.00059198111139292732,-0.00014799931692409841,0,0.048664000000005751,0,0.00044398179446882892,1
201000,0.00044399394801665189,0.00059199500116186824,-0.00014800105314521634,0,0.048664000000005647,0,0.00044399394801665189,1
202000,0.00044401592852579637,0.00059202012174374764,-0.0001480041932179513,0,0.048664000000005633,0,0.00044401592852579637,1
203000,0.0004440343375958039,0.00059204116068090084,-0.00014800682308509694,0,0.048664000000005148,0,0.0004440343375958039,1
204000,0.00044403795173476716,0.00059204529112543021,-0.00014800733939066303,0,0.048664000000005168,0,0.00044403795173476716,1
205000,0.00044402456727997766,0.00059202999460567104,-0.00014800542732569338,0,0.048664000000005078,0,0.00044402456727997766,1
206000,0.00044400234481815882,0.00059200459750644995,-0.00014800225268829116,0,0.04866400000000496,0,0.00044400234481815882,1
207000,0.0004439848312989764,0.00059198458205595578,-0.0001479997507569794,0,0.048664000000004953,0,0.0004439848312989764,1
208000,0.00044398270111401612,0.00059198214755885707,-0.00014799944644484098,0,0.048664000000005314,0,0.00044398270111401612,1
209000,0.00044399725248136981,0.00059199877769297614,-0.00014800152521160634,0,0.048664000000005161,0,0.00044399725248136981,1
210000,0.00044401961671995091,0.00059202433682278453,-0.00014800472010283362,0,0.048664000000004752,0,0.00044401961671995091,1
211000,0.0004440361610839349,0.00059204324466733706,-0.00014800708358340216,0,0.048664000000004926,0,0.0004440361610839349,1
212000,0.00044403679868370888,0.00059204397335279365,-0.00014800717466908477,0,0.048664000000004731,0,0.00044403679868370888,1
213000,0.00044402114075193648,0.00059202607857362466,-0.00014800493782168817,0,0.048664000000004905,0,0.00044402114075193648,1
214000,0.00044399873382691967,0.00059200047065931867,-0.000148001736832399,0,0.048664000000005203,0,0.00044399873382691967,1
215000,0.00044398323686463534,0.00059198275984527992,-0.00014799952298064455,0,0.048664000000005078,0,0.00044398323686463534,1
216000,0.00044398409494964935,0.00059198374051386672,-0.00014799964556421738,0,0.048664000000005245,0,0.00044398409494964935,1
217000,0.00044400078513187808,0.00059200281500784344,-0.00014800202987596536,0,0.048664000000004946,0,0.00044400078513187808,1
218000,0.00044402313494676897,0.00059202835765343321,-0.00014800522270666424,0,0.048664000000004905,0,0.00044402313494676897,1
219000,0.00044403751999757266,0.00059204479771149529,-0.00014800727771392265,0,0.04866400000000469,0,0.00044403751999757266,1
220000,0.00044403516970326843,0.00059204211166086055,-0.00014800694195759209,0,0.048664000000005078,0,0.00044403516970326843,1
221000,0.00044401751712040672,0.00059202193728044984,-0.0001480044201600431,0,0.048664000000004315,0,0.00044401751712040672,1
222000,0.00044399532465213144,0.00059199657445956413,-0.0001480012498074327,0,0.048664000000004218,0,0.00044399532465213144,1
223000,0.00044398212008548782,0.00059198148352625712,-0.00014799936344076929,0,0.048664000000004225,0,0.00044398212008548782,1
224000,0.00044398595116824739,0.00059198586190655357,-0.0001479999107383062,0,0.048664000000004259,0,0.00044398595116824739,1
225000,0.00044400448308285298,0.00059200704123753246,-0.00014800255815467948,0,0.048664000000003968,0,0.00044400448308285298,1
226000,0.00044402642056156602,0.00059203211264177615,-0.00014800569208021013,0,0.048664000000003899,0,0.00044402642056156602,1
227000,0.00044403839013588823,0.00059204579215528779,-0.00014800740201939959,0,0.048664000000003753,0,0.00044403839013588823,1
228000,0.00044403309380349794,0.0005920397392039842,-0.00014800664540048626,0,0.048664000000003857,0,0.00044403309380349794,1
229000,0.00044401376090530138,0.00059201764446318748,-0.0001480038835578861,0,0.048664000000004051,0,0.00044401376090530138,1
230000,0.00044399217797974979,0.00059199297826255869,-0.0001480008002828089,0,0.048664000000003593,0,0.00044399217797974979,1
231000,0.00044398150083786877,0.00059198077581469567,-0.0001479992749768269,0,0.048664000000003302,0,0.00044398150083786877,1
232000,0.00044398823673229081,0.00059198847397974878,-0.00014800023724745797,0,0.048664000000003482,0,0.00044398823673229081,1
233000,0.00044400828050360989,0.00059201138114696895,-0.00014800310064335906,0,0.048664000000003968,0,0.00044400828050360989,1
234000,0.00044402941505908733,0.00059203553492465544,-0.00014800611986556808,0,0.048664000000004551,0,0.00044402941505908733,1
235000,0.00044403875600239979,0.00059204621028844068,-0.00014800745428604088,0,0.048664000000004669,0,0.00044403875600239979,1
236000,0.0004440306079527972,0.00059203689823175243,-0.00014800629027895523,0,0.048664000000004544,0,0.0004440306079527972,1
237000,0.00044400993898456283,0.00059201327655377246,-0.00014800333756920963,0,0.048664000000003906,0,0.00044400993898456283,1
238000,0.00044398934982083364,0.00059198974608093977,-0.0001480003962601061,0,0.048664000000003739,0,0.00044398934982083364,1
239000,0.00044398139014281435,0.00059198064930606018,-0.00014799925916324583,0,0.048664000000003843,0,0.00044398139014281435,1
240000,0.00044399091096154411,0.00059199153024174834,-0.00014800061928020423,0,0.048664000000004703,0,0.00044399091096154411,1
241000,0.00044401210978986202,0.00059201575747411196,-0.00014800364768424994,0,0.048664000000004613,0,0.00044401210978986202,1
242000,0.00044403206511609532,0.00059203856356123633,-0.00014800649844514102,0,0.04866400000000444,0,0.00044403206511609532,1
243000,0.0004440386110813935,0.00059204604466443409,-0.00014800743358304059,0,0.048664000000004495,0,0.0004440386110813935,1
244000,0.00044402775641910741,0.00059203363933610733,-0.00014800588291699989,0,0.04866400000000444,0,0.00044402775641910741,1
245000,0.00044400611940298017,0.00059200891131767702,-0.00014800279191469687,0,0.04866400000000419,0,0.00044400611940298017,1
246000,0.00044398689051521729,0.00059198693544594853,-0.00014800004493073122,0,0.048664000000004051,0,0.00044398689051521729,1
247000,0.00044398178997046847,0.00059198110625194864,-0.00014799931628148015,0,0.048664000000004412,0,0.00044398178997046847,1
248000,0.00044399392625678373,0.00059199497629345156,-0.00014800105003666782,0,0.048664000000004481,0,0.00044399392625678373,1
249000,0.00044401590276699871,0.0005920200923051252,-0.00014800418953812649,0,0.048664000000004655,0,0.00044401590276699871,1
250000,0.00044403432354116142,0.00059204114461845357,-0.00014800682107729215,0,0.048664000000004773,0,0.00044403432354116142,1
251000,0.00044403795795375049,0.0005920452982328421,-0.00014800734027909163,0,0.048664000000004481,0,0.00044403795795375049,1
252000,0.00044402458998061027,0.00059203002054925295,-0.00014800543056864271,0,0.048664000000004565,0,0.00044402458998061027,1
253000,0.00044400237016062663,0.00059200462646927287,-0.00014800225630864623,0,0.048664000000004232,0,0.00044400237016062663,1
254000,0.00044398484383593691,0.00059198459638391365,-0.00014799975254797676,0,0.048664000000004086,0,0.00044398484383593691,1
255000,0.0004439826932048904,0.00059198213851986009,-0.00014799944531496969,0,0.048664000000004211,0,0.0004439826932048904,1
256000,0.00044399722894624002,0.0005919987507956889,-0.00014800152184944892,0,0.04866400000000401,0,0.00044399722894624002,1
257000,0.0004440195919038658,0.00059202430846154734,-0.00014800471655768152,0,0.048664000000003919,0,0.0004440195919038658,1
258000,0.00044403615011581179,0.00059204323213234438,-0.00014800708201653261,0,0.048664000000003434,0,0.00044403615011581179,1
259000,0.00044403680825121691,0.00059204398428709453,-0.0001480071760358776,0,0.048664000000003031,0,0.00044403680825121691,1
260000,0.00044402116502142243,0.00059202610631018619,-0.00014800494128876376,0,0.048664000000003135,0,0.00044402116502142243,1
261000,0.0004439987580025497,0.00059200049828861748,-0.00014800174028606778,0,0.048664000000003087,0,0.0004439987580025497,1
262000,0.00044398324621082116,0.00059198277052664196,-0.00014799952431582077,0,0.048664000000003108,0,0.00044398324621082116,1
263000,0.00044398408377051431,0.00059198372773772113,-0.00014799964396720679,0,0.048664000000002747,0,0.00044398408377051431,1
264000,0.00044400076024047252,0.00059200278656053144,-0.0001480020263200589,0,0.048664000000002469,0,0.00044400076024047252,1
265000,0.00044402311151529482,0.00059202833087461273,-0.00014800521935931789,0,0.048664000000002858,0,0.00044402311151529482,1
266000,0.00044403751231132053,0.00059204478892721426,-0.00014800727661589376,0,0.048664000000002636,0,0.00044403751231132053,1
267000,0.00044403518244885871,0.00059204212622725855,-0.00014800694377839984,0,0.048664000000002448,0,0.00044403518244885871,1
268000,0.0004440175425264747,0.00059202196631596028,-0.0001480044237894856,0,0.048664000000003101,0,0.0004440175425264747,1
269000,0.00044399534723046767,0.00059199660026338047,-0.0001480012530329128,0,0.048664000000003198,0,0.00044399534723046767,1
270000,0.00044398212607451356,0.00059198149037086153,-0.000147999364296348,0,0.048664000000003184,0,0.00044398212607451356,1
271000,0.00044398593691808363,0.00059198584562065591,-0.00014799990870257226,0,0.048664000000003191,0,0.00044398593691808363,1
272000,0.00044400445727830334,0.00059200701174662079,-0.00014800255446831742,0,0.048664000000003343,0,0.00044400445727830334,1
273000,0.00044402639893194036,0.00059203208792220526,-0.0001480056889902649,0,0.048664000000003524,0,0.00044402639893194036,1
274000,0.00044403838586833843,0.00059204578727808813,-0.0001480074014097497,0,0.048664000000003718,0,0.00044403838586833843,1
275000,0.00044403310950011257,0.00059203975714297173,-0.00014800664764285919,0,0.048664000000004037,0,0.00044403310950011257,1
276000,0.00044401378699562079,0.00059201767428069543,-0.00014800388728507464,0,0.048664000000004044,0,0.00044401378699562079,1
277000,0.00044399219855887506,0.00059199300178155881,-0.00014800080322268375,0,0.048664000000003642,0,0.00044399219855887506,1
278000,0.00044398150336307711,0.00059198077870064583,-0.00014799927533756869,0,0.04866400000000394,0,0.00044398150336307711,1
279000,0.00044398821966467076,0.00059198845447389526,-0.00014800023480922447,0,0.048664000000004086,0,0.00044398821966467076,1
280000,0.00044400825424528213,0.00059201135113745259,-0.00014800309689217046,0,0.048664000000003642,0,0.00044400825424528213,1
281000,0.00044402939561653018,0.00059203551270459415,-0.000148006117088064,0,0.048664000000003371,0,0.00044402939561653018,1
282000,0.00044403875522966532,0.0005920462094053206,-0.00014800745417565528,0,0.048664000000003226,0,0.00044403875522966532,1
283000,0.00044403062632107941,0.00059203691922408009,-0.00014800629290300069,0,0.048664000000003066,0,0.00044403062632107941,1
284000,0.00044400996529465566,0.00059201330662245319,-0.00014800334132779753,0,0.048664000000003003,0,0.00044400996529465566,1
285000,0.0004439893680344652,0.00059198976689651983,-0.00014800039886205465,0,0.048664000000003392,0,0.0004439893680344652,1
286000,0.0004439813891593306,0.00059198064818207993,-0.0001479992590227493,0,0.048664000000003503,0,0.0004439813891593306,1
287000,0.00044399089138035783,0.00059199150786325497,-0.00014800061648289714,0,0.048664000000003198,0,0.00044399089138035783,1
288000,0.00044401208354527018,0.00059201572748029724,-0.00014800364393502706,0,0.048664000000003316,0,0.00044401208354527018,1
289000,0.00044403204820679128,0.0005920385442363214,-0.00014800649602953012,0,0.048664000000003302,0,0.00044403204820679128,1
290000,0.00044403861381714599,0.00059204604779101197,-0.00014800743397386598,0,0.048664000000003454,0,0.00044403861381714599,1
291000,0.000444027777131804,0.00059203366300776398,-0.00014800588587595998,0,0.048664000000003454,0,0.000444027777131804,1
292000,0.0004440061454643587,0.00059200894110211203,-0.00014800279563775332,0,0.048664000000003496,0,0.0004440061454643587,1
293000,0.00044398690603919143,0.00059198695318763545,-0.000148000047148444,0,0.04866400000000342,0,0.00044398690603919143,1
294000,0.00044398178549586809,0.0005919811011381238,-0.00014799931564225574,0,0.048664000000003198,0,0.00044398178549586809,1
295000,0.00044399390451053554,0.00059199495144059892,-0.00014800104693006341,0,0.04866400000000376,0,0.00044399390451053554,1
296000,0.00044401587700337918,0.00059202006286099306,-0.00014800418585761386,0,0.048664000000003371,0,0.00044401587700337918,1
297000,0.00044403430946617572,0.00059204112853276014,-0.00014800681906658439,0,0.048664000000003496,0,0.00044403430946617572,1
298000,0.00044403796414925522,0.00059204530531342247,-0.00014800734116416722,0,0.048664000000003482,0,0.00044403796414925522,1
299000,0.00044402461266895117,0.00059203004647878968,-0.00014800543380983849,0,0.048664000000003364,0,0.00044402461266895117,1
300000,0.0004440023955093916,0.00059200465543929217,-0.00014800225992990054,0,0.0486640000000036,0,0.0004440023955093916,1
301000,0.0004439848563939548,0.00059198461073593377,-0.00014799975434197894,0,0.048664000000004204,0,0.0004439848563939548,1
302000,0.00044398268531875931,0.00059198212950713994,-0.00014799944418838066,0,0.048664000000003899,0,0.00044398268531875931,1
303000,0.00044399720542202554,0.00059199872391087205,-0.00014800151848884651,0,0.048664000000004107,0,0.00044399720542202554,1
304000,0.00044401956707992033,0.00059202428009132407,-0.00014800471301140375,0,0.048664000000003864,0,0.00044401956707992033,1
305000,0.00044403613912581214,0.00059204321957234262,-0.00014800708044653048,0,0.048664000000004051,0,0.00044403613912581214,1
306000,0.00044403681779611189,0.00059204399519554337,-0.00014800717739943148,0,0.048664000000003767,0,0.00044403681779611189,1
307000,0.00044402118928132906,0.00059202613403579131,-0.00014800494475446222,0,0.048664000000003843,0,0.00044402118928132906,1
308000,0.00044399878218738813,0.00059200052592842882,-0.00014800174374104066,0,0.048664000000004252,0,0.00044399878218738813,1
309000,0.00044398325557933787,0.00059198278123351203,-0.00014799952565417414,0,0.048664000000004884,0,0.00044398325557933787,1
310000,0.00044398407261319022,0.00059198371498648422,-0.00014799964237329402,0,0.048664000000005425,0,0.00044398407261319022,1
311000,0.00044400073535701303,0.00059200275812228251,-0.00014800202276526948,0,0.048664000000005196,0,0.00044400073535701303,1
312000,0.00044402308807300564,0.00059202830408341771,-0.00014800521601041208,0,0.048664000000004967,0,0.00044402308807300564,1
313000,0.00044403750460198546,0.00059204478011653562,-0.00014800727551455016,0,0.048664000000005515,0,0.00044403750460198546,1
314000,0.00044403519517317137,0.00059204214076931871,-0.00014800694559614734,0,0.048664000000005758,0,0.00044403519517317137,1
315000,0.00044401756792605167,0.00059202199534404024,-0.00014800442741798859,0,0.04866400000000539,0,0.00044401756792605167,1
316000,0.00044399536982093877,0.00059199662608105507,-0.0001480012562601163,0,0.048664000000005127,0,0.00044399536982093877,1
317000,0.00044398213208685203,0.00059198149724209992,-0.00014799936515524789,0,0.048664000000004801,0,0.00044398213208685203,1
318000,0.00044398592268815444,0.00059198582935787183,-0.00014799990666971739,0,0.048664000000005446,0,0.00044398592268815444,1
319000,0.00044400443147854502,0.00059200698226117502,-0.00014800255078263,0,0.048664000000005543,0,0.00044400443147854502,1
320000,0.00044402637728872433,0.00059203206318709416,-0.00014800568589836983,0,0.048664000000005564,0,0.00044402637728872433,1
321000,0.00044403838157704395,0.00059204578237374611,-0.00014800740079670214,0,0.0486640000000053,0,0.00044403838157704395,1
322000,0.00044403312517732416,0.00059203977505978083,-0.00014800664988245667,0,0.048664000000005238,0,0.00044403312517732416,1
323000,0.00044401381308265578,0.00059201770409444531,-0.00014800389101178954,0,0.0486640000000053,0,0.00044401381308265578,1
324000,0.00044399221915285118,0.00059199302531752506,-0.00014800080616467391,0,0.048664000000005495,0,0.00044399221915285118,1
325000,0.00044398150591227472,0.00059198078161401004,-0.00014799927570173534,0,0.048664000000005231,0,0.00044398150591227472,1
326000,0.0004439882026155259,0.00059198843498915439,-0.00014800023237362852,0,0.048664000000005182,0,0.0004439882026155259,1
327000,0.00044400822798860886,0.0005920113211298221,-0.00014800309314121323,0,0.048664000000004766,0,0.00044400822798860886,1
328000,0.00044402937615777732,0.00059203549046601511,-0.00014800611430823777,0,0.048664000000004634,0,0.00044402937615777732,1
329000,0.00044403875443271449,0.00059204620849451401,-0.00014800745406179952,0,0.048664000000004835,0,0.00044403875443271449,1
330000,0.00044403064467187273,0.00059203694019641117,-0.00014800629552453844,0,0.048664000000004259,0,0.00044403064467187273,1
331000,0.00044400999160465389,0.00059201333669101715,-0.00014800334508636325,0,0.048664000000004558,0,0.00044400999160465389,1
332000,0.00044398938626546113,0.00059198978773194002,-0.00014800040146647892,0,0.048664000000004454,0,0.00044398938626546113,1
333000,0.00044398138820004262,0.00059198064708574727,-0.00014799925888570465,0,0.048664000000004509,0,0.00044398138820004262,1
334000,0.00044399087181536589,0.0005919914855032609,-0.00014800061368789498,0,0.048664000000004135,0,0.00044399087181536589,1
335000,0.00044401205729903295,0.00059201569748459362,-0.00014800364018556066,0,0.048664000000004447,0,0.00044401205729903295,1
336000,0.00044403203127894457,0.00059203852489020598,-0.00014800649361126141,0,0.048664000000004703,0,0.00044403203127894457,1
337000,0.00044403861652877856,0.00059204605089001718,-0.00014800743436123862,0,0.048664000000004447,0,0.00044403861652877856,1
338000,0.00044402779782949132,0.00059203368666225923,-0.00014800588883276787,0,0.048664000000004773,0,0.00044402779782949132,1
339000,0.00044400617152898041,0.00059200897089024633,-0.00014800279936126595,0,0.048664000000004877,0,0.00044400617152898041,1
340000,0.00044398692158264174,0.00059198697095157421,-0.00014800004936893244,0,0.048664000000004717,0,0.00044398692158264174,1
341000,0.00044398178104506768,0.00059198109605148957,-0.00014799931500642186,0,0.048664000000004703,0,0.00044398178104506768,1
342000,0.00044399388277791647,0.00059199492660331554,-0.00014800104382539905,0,0.04866400000000505,0,0.00044399388277791647,1
343000,0.0004440158512348726,0.00059202003341126699,-0.00014800418217639441,0,0.048664000000004579,0,0.0004440158512348726,1
344000,0.00044403429537075574,0.00059204111242370497,-0.00014800681705294923,0,0.048664000000004565,0,0.00044403429537075574,1
345000,0.00044403797032121486,0.00059204531236708503,-0.00014800734204587016,0,0.048664000000005071,0,0.00044403797032121486,1
346000,0.00044402463534495677,0.00059203007239421932,-0.00014800543704926257,0,0.04866400000000487,0,0.00044402463534495677,1
347000,0.00044400242086458546,0.00059200468441665197,-0.00014800226355206651,0,0.048664000000004912,0,0.00044400242086458546,1
348000,0.00044398486897321546,0.00059198462511222776,-0.00014799975613901233,0,0.048664000000005307,0,0.00044398486897321546,1
349000,0.00044398267745566523,0.00059198212052073923,-0.000147999443065074,0,0.048664000000006043,0,0.00044398267745566523,1
350000,0.00044399718190858955,0.00059199869703836501,-0.00014800151512977543,0,0.048664000000006639,0,0.00044399718190858955,1
351000,0.00044401954224790124,0.0005920242517118621,-0.00014800470946396086,0,0.048664000000007188,0,0.00044401954224790124,1
352000,0.00044403612811378074,0.00059204320698715192,-0.00014800707887337115,0,0.048664000000007507,0,0.00044403612811378074,1
353000,0.00044403682731842923,0.00059204400607817682,-0.00014800717875974756,0,0.048664000000008062,0,0.00044403682731842923,1
354000,0.00044402121353183936,0.00059202616175064592,-0.00014800494821880656,0,0.048664000000007951,0,0.00044402121353183936,1
355000,0.00044399880638173973,0.00059200055357910657,-0.00014800174719736684,0,0.04866400000000707,0,0.00044399880638173973,1
356000,0.0004439832649704719,0.00059198279196622937,-0.00014799952699575747,0,0.048664000000006959,0,0.0004439832649704719,1
357000,0.00044398406147780215,0.00059198370226032099,-0.00014799964078251887,0,0.048664000000006979,0,0.00044398406147780215,1
358000,0.00044400071048138071,0.00059200272969298084,-0.00014800201921160011,0,0.048664000000007396,0,0.00044400071048138071,1
359000,0.00044402306461968605,0.00059202827727961504,-0.00014800521265992899,0,0.048664000000007528,0,0.00044402306461968605,1
360000,0.00044403749686949259,0.00059204477127939518,-0.00014800727440990262,0,0.04866400000000716,0,0.00044403749686949259,1
361000,0.00044403520787628982,0.00059204215528716169,-0.0001480069474108719,0,0.048664000000007653,0,0.00044403520787628982,1
362000,0.00044401759331932661,0.00059202202436491839,-0.0001480044310455918,0,0.048664000000007555,0,0.00044401759331932661,1
363000,0.0004439953924238369,0.0005919966519129286,-0.00014800125948909171,0,0.048664000000008006,0,0.0004439953924238369,1
364000,0.0004439821381228087,0.00059198150414032725,-0.00014799936601751854,0,0.048664000000007354,0,0.0004439821381228087,1
365000,0.00044398590847862722,0.00059198581311840416,-0.00014799990463977694,0,0.048664000000007757,0,0.00044398590847862722,1
366000,0.00044400440568352135,0.00059200695278113921,-0.00014800254709761786,0,0.048664000000008055,0,0.00044400440568352135,1
367000,0.00044402635563170402,0.00059203203843620738,-0.00014800568280450333,0,0.048664000000007424,0,0.00044402635563170402,1
368000,0.00044403837726179419,0.00059204577744202366,-0.00014800740018022947,0,0.048664000000007715,0,0.00044403837726179419,1
369000,0.00044403314083507666,0.00059203979295434741,-0.00014800665211927075,0,0.048664000000007451,0,0.00044403314083507666,1
370000,0.00044401383916656083,0.00059201773390461343,-0.00014800389473805262,0,0.048664000000007902,0,0.00044401383916656083,1
371000,0.00044399223976192005,0.00059199304887073859,-0.00014800080910881854,0,0.048664000000007812,0,0.00044399223976192005,1
372000,0.00044398150848548134,0.00059198078455480901,-0.00014799927606932769,0,0.048664000000007701,0,0.00044398150848548134,1
373000,0.00044398818558467694,0.00059198841552531977,-0.0001480002299406428,0,0.048664000000007285,0,0.00044398818558467694,1
374000,0.00044400820173337476,0.00059201129112383211,-0.00014800308939045732,0,0.048664000000007139,0,0.00044400820173337476,1
375000,0.00044402935668271079,0.00059203546820878737,-0.00014800611152607655,0,0.048664000000007201,0,0.00044402935668271079,1
376000,0.00044403875361165811,0.00059204620755615471,-0.00014800745394449662,0,0.048664000000007465,0,0.00044403875361165811,1
377000,0.00044403066300540089,0.00059203696114900153,-0.00014800629814360061,0,0.048664000000008076,0,0.00044403066300540089,1
378000,0.00044401001791477806,0.00059201336675971923,-0.0001480033488449412,0,0.048664000000007784,0,0.00044401001791477806,1
379000,0.00044398940451381415,0.0005919898085871881,-0.00014800040407337393,0,0.048664000000008076,0,0.00044398940451381415,1
380000,0.00044398138726476304,0.00059198064601684438,-0.00014799925875208134,0,0.048664000000007958,0,0.00044398138726476304,1
381000,0.0004439908522663937,0.00059199146316156535,-0.00014800061089517165,0,0.048664000000007895,0,0.0004439908522663937,1
382000,0.00044401203105101731,0.00059201566748685007,-0.00014800363643583276,0,0.048664000000007729,0,0.00044401203105101731,1
383000,0.00044403201433261682,0.00059203850552296444,-0.00014800649119034765,0,0.048664000000007521,0,0.00044403201433261682,1
384000,0.00044403861921646262,0.00059204605396164498,-0.00014800743474518234,0,0.048664000000007646,0,0.00044403861921646262,1
385000,0.00044402781851232985,0.0005920337102997789,-0.00014800589178744905,0,0.048664000000007659,0,0.00044402781851232985,1
386000,0.00044400619759687359,0.00059200900068211051,-0.00014800280308523695,0,0.048664000000008825,0,0.00044400619759687359,1
387000,0.00044398693714546578,0.00059198698873764305,-0.00014800005159217725,0,0.048664000000009262,0,0.00044398693714546578,1
388000,0.00044398177661791514,0.0005919810909918692,-0.00014799931437395409,0,0.04866400000000972,0,0.00044398177661791514,1
389000,0.00044399386105877783,0.00059199490178142708,-0.00014800104072264922,0,0.048664000000009582,0,0.00044399386105877783,1
390000,0.00044401582546140563,0.00059202000395585969,-0.00014800417849445405,0,0.048664000000009339,0,0.00044401582546140563,1
391000,0.00044403428125494734,0.00059204109629133641,-0.00014800681503638905,0,0.0486640000000092,0,0.00044403428125494734,1
392000,0.0004440379764697598,0.00059204531939398091,-0.0001480073429242211,0,0.048664000000008707,0,0.0004440379764697598,1
393000,0.00044402465800875437,0.00059203009829569104,-0.0001480054402869367,0,0.048664000000008117,0,0.00044402465800875437,1
394000,0.00044400244622618966,0.00059200471340133131,-0.00014800226717514165,0,0.048664000000008138,0,0.00044400244622618966,1
395000,0.00044398488157357328,0.00059198463951262888,-0.0001479997579390556,0,0.048664000000007562,0,0.00044398488157357328,1
396000,0.00044398266961552903,0.00059198211156057633,-0.00014799944194504727,0,0.048664000000008138,0,0.00044398266961552903,1
397000,0.0004439971584059778,0.00059199867017823142,-0.0001480015117722536,0,0.048664000000008333,0,0.0004439971584059778,1
398000,0.00044401951740796617,0.00059202422332336156,-0.00014800470591539539,0,0.048664000000008159,0,0.00044401951740796617,1
399000,0.00044403611707993405,0.00059204319437703953,-0.00014800707729710545,0,0.048664000000008048,0,0.00044403611707993405,1
400000,0.00044403683681838886,0.00059204401693527492,-0.00014800718011688605,0,0.048664000000007659,0,0.00044403683681838886,1
401000,0.0004440212377731091,0.00059202618945495568,-0.00014800495168184661,0,0.0486640000000075,0,0.0004440212377731091,1
402000,0.00044399883058565529,0.00059200058124072284,-0.00014800175065506757,0,0.048664000000007493,0,0.00044399883058565529,1
403000,0.00044398327438414898,0.00059198280272471451,-0.0001479995283405655,0,0.048664000000007826,0,0.00044398327438414898,1
404000,0.0004439840503641674,0.00059198368955902156,-0.00014799963919485417,0,0.048664000000007729,0,0.0004439840503641674,1
405000,0.00044400068561361271,0.00059200270127267231,-0.00014800201565905963,0,0.048664000000008027,0,0.00044400068561361271,1
406000,0.0004440230411554878,0.00059202825046338536,-0.00014800520930789756,0,0.048664000000008423,0,0.0004440230411554878,1
407000,0.00044403748911406874,0.00059204476241604871,-0.00014800727330197997,0,0.048664000000008582,0,0.00044403748911406874,1
408000,0.0004440352205584327,0.00059204216978103394,-0.00014800694922260127,0,0.0486640000000092,0,0.0004440352205584327,1
409000,0.00044401761870636007,0.00059202205337866563,-0.00014800443467230556,0,0.048664000000009082,0,0.00044401761870636007,1
410000,0.00044399541503906972,0.00059199667775890544,-0.00014800126271983569,0,0.04866400000000904,0,0.00044399541503906972,1
411000,0.0004439821441821237,0.00059198151106525337,-0.00014799936688312965,0,0.048664000000008888,0,0.0004439821441821237,1
412000,0.00044398589428931218,0.000591985796902043,-0.00014799990261273082,0,0.048664000000008069,0,0.00044398589428931218,1
413000,0.00044400437989321119,0.0005920069233064961,-0.00014800254341328491,0,0.048664000000008908,0,0.00044400437989321119,1
414000,0.00044402633396100087,0.00059203201366968619,-0.00014800567970868532,0,0.048664000000008367,0,0.00044402633396100087,1
415000,0.00044403837292287596,0.00059204577248325697,-0.00014800739956038098,0,0.048664000000008596,0,0.00044403837292287596,1
416000,0.00044403315647354314,0.00059203981082687552,-0.00014800665435333238,0,0.048664000000008895,0,0.00044403315647354314,1
417000,0.00044401386524737846,0.00059201776371125897,-0.00014800389846388048,0,0.048664000000008839,0,0.00044401386524737846,1
418000,0.00044399226038599736,0.00059199307244110777,-0.0001480008120551104,0,0.048664000000009221,0,0.00044399226038599736,1
419000,0.00044398151108272928,0.00059198078752308492,-0.00014799927644035561,0,0.048664000000009866,0,0.00044398151108272928,1
420000,0.00044398816857221254,0.00059198839608249362,-0.00014800022751028109,0,0.048664000000010067,0,0.00044398816857221254,1
421000,0.00044400817547966083,0.00059201126111957663,-0.0001480030856399158,0,0.048664000000010289,0,0.00044400817547966083,1
422000,0.00044402933719134166,0.00059203544593292566,-0.00014800610874158397,0,0.048664000000010435,0,0.00044402933719134166,1
423000,0.00044403875276640629,0.00059204620659014304,-0.00014800745382373675,0,0.048664000000010227,0,0.00044403875276640629,1
424000,0.00044403068132163983,0.00059203698208183685,-0.00014800630076019705,0,0.048664000000010699,0,0.00044403068132163983,1
425000,0.00044401004422497812,0.00059201339682851001,-0.00014800335260353189,0,0.04866400000001047,0,0.00044401004422497812,1
426000,0.00044398942277956287,0.00059198982946231851,-0.00014800040668275566,0,0.048664000000011226,0,0.00044398942277956287,1
427000,0.00044398138635359108,0.00059198064497549248,-0.0001479992586219014,0,0.048664000000011559,0,0.00044398138635359108,1
428000,0.00044399083273357666,0.00059199144083833528,-0.00014800060810475865,0,0.048664000000010935,0,0.00044399083273357666,1
429000,0.00044401200480138469,0.00059201563748726002,-0.0001480036326858753,0,0.048664000000010581,0,0.00044401200480138469,1
430000,0.00044403199736783053,0.0005920384861346264,-0.00014800648876679587,0,0.048664000000010657,0,0.00044403199736783053,1
431000,0.00044403862188009029,0.00059204605700578154,-0.00014800743512569128,0,0.048664000000010331,0,0.00044403862188009029,1
432000,0.00044402783918020324,0.00059203373392019605,-0.00014800589473999278,0,0.048664000000010435,0,0.00044402783918020324,1
433000,0.00044400622366805992,0.00059200903047774826,-0.00014800280680968834,0,0.048664000000009922,0,0.00044400622366805992,1
434000,0.00044398695272783814,0.00059198700654606565,-0.00014800005381822751,0,0.048664000000010088,0,0.00044398695272783814,1
435000,0.00044398177221467326,0.00059198108595959241,-0.00014799931374491918,0,0.048664000000009811,0,0.00044398177221467326,1
436000,0.000443993839353355,0.0005919948769752281,-0.0001480010376218731,0,0.048664000000009991,0,0.000443993839353355,1
437000,0.00044401579968318021,0.00059201997449502737,-0.00014800417481184718,0,0.048664000000010262,0,0.00044401579968318021,1
438000,0.00044403426711878233,0.00059204108013571346,-0.00014800681301693115,0,0.048664000000010851,0,0.00044403426711878233,1
439000,0.00044403798259479984,0.00059204532639402089,-0.00014800734379922105,0,0.04866400000001038,0,0.00044403798259479984,1
440000,0.00044402468066027847,0.00059203012418313969,-0.00014800544352286122,0,0.048664000000010275,0,0.00044402468066027847,1
441000,0.00044400247159423457,0.00059200474239337597,-0.00014800227079914141,0,0.048664000000010053,0,0.00044400247159423457,1
442000,0.0004439848941951806,0.00059198465393731602,-0.00014799975974213542,0,0.048664000000009561,0,0.0004439848941951806,1
443000,0.00044398266179850672,0.00059198210262683304,-0.00014799944082832635,0,0.048664000000009124,0,0.00044398266179850672,1
444000,0.0004439971349142368,0.00059199864333052464,-0.00014800150841628784,0,0.04866400000000911,0,0.0004439971349142368,1
445000,0.00044401949256006742,0.00059202419492576056,-0.00014800470236569317,0,0.048664000000008839,0,0.00044401949256006742,1
446000,0.00044403610602416327,0.0005920431817418709,-0.0001480070757177076,0,0.048664000000008624,0,0.00044403610602416327,1
447000,0.0004440368462957754,0.00059204402776656998,-0.0001480071814707946,0,0.048664000000008756,0,0.0004440368462957754,1
448000,0.00044402126200493252,0.00059202621714846344,-0.00014800495514353092,0,0.048664000000008874,0,0.00044402126200493252,1
449000,0.00044399885479896655,0.00059200060891307521,-0.00014800175411410865,0,0.048664000000008464,0,0.00044399885479896655,1
450000,0.0004439832838203637,0.00059198281350895704,-0.00014799952968859337,0,0.048664000000008631,0,0.0004439832838203637,1
451000,0.00044398403927252178,0.00059198367688285058,-0.0001479996376103288,0,0.048664000000009054,0,0.00044398403927252178,1
452000,0.00044400066075375266,0.00059200267286139974,-0.00014800201210764708,0,0.048664000000009165,0,0.00044400066075375266,1
453000,0.00044402301768036389,0.0005920282236346699,-0.00014800520595430604,0,0.048664000000009103,0,0.00044402301768036389,1
454000,0.00044403748133549836,0.00059204475352625247,-0.00014800727219075412,0,0.048664000000009013,0,0.00044403748133549836,1
455000,0.00044403523321933855,0.00059204218425064066,-0.00014800695103130208,0,0.0486640000000092,0,0.00044403523321933855,1
456000,0.0004440176440869744,0.0005920220823850815,-0.00014800443829810709,0,0.048664000000009235,0,0.0004440176440869744,1
457000,0.00044399543766662894,0.00059199670361897235,-0.00014800126595234338,0,0.048664000000009262,0,0.00044399543766662894,1
458000,0.00044398215026501754,0.00059198151801713092,-0.00014799936775211341,0,0.048664000000009186,0,0.00044398215026501754,1
459000,0.00044398588012043274,0.00059198578070903426,-0.00014799990058860153,0,0.048664000000009131,0,0.00044398588012043274,1
460000,0.00044400435410782218,0.00059200689383747936,-0.00014800253972965718,0,0.048664000000009131,0,0.00044400435410782218,1
461000,0.00044402631227668382,0.00059203198888760811,-0.00014800567661092431,0,0.04866400000000877,0,0.00044402631227668382,1
462000,0.00044403836856009017,0.00059204576749721555,-0.00014800739893712538,0,0.048664000000008735,0,0.00044403836856009017,1
463000,0.00044403317209249036,0.000592039828677103,-0.00014800665658461261,0,0.048664000000008312,0,0.00044403317209249036,1
464000,0.00044401389132490651,0.00059201779351414872,-0.00014800390218924224,0,0.048664000000008652,0,0.00044401389132490651,1
465000,0.00044399228102500859,0.00059199309602854955,-0.00014800081500354097,0,0.048664000000009117,0,0.00044399228102500859,1
466000,0.00044398151370402276,0.00059198079051885251,-0.00014799927681482974,0,0.048664000000008818,0,0.00044398151370402276,1
467000,0.0004439881515783281,0.00059198837666091611,-0.000148000225082588,0,0.048664000000008714,0,0.0004439881515783281,1
468000,0.00044400814922776726,0.0005920112311174168,-0.00014800308188964956,0,0.048664000000009054,0,0.00044400814922776726,1
469000,0.00044402931768401167,0.00059203542363884111,-0.00014800610595482942,0,0.048664000000008457,0,0.00044402931768401167,1
470000,0.0004440387518972084,0.00059204620559678281,-0.0001480074536995744,0,0.048664000000007715,0,0.0004440387518972084,1
471000,0.00044403069962058183,0.00059203700299492409,-0.00014800630337434225,0,0.048664000000007653,0,0.00044403069962058183,1
472000,0.00044401007053517736,0.00059201342689732192,-0.00014800335636214456,0,0.048664000000006799,0,0.00044401007053517736,1
473000,0.00044398944106274513,0.00059198985035739909,-0.00014800040929465393,0,0.048664000000006889,0,0.00044398944106274513,1
474000,0.00044398138546669793,0.00059198064396191546,-0.00014799925849521756,0,0.048664000000007188,0,0.00044398138546669793,1
475000,0.00044399081321710846,0.00059199141853381236,-0.0001480006053167039,0,0.048664000000007437,0,0.00044399081321710846,1
476000,0.00044401197855026937,0.0005920156074859965,-0.00014800362893572713,0,0.048664000000007375,0,0.00044401197855026937,1
477000,0.00044403198038472322,0.00059203846672537192,-0.00014800648634064869,0,0.048664000000007493,0,0.00044403198038472322,1
478000,0.00044403862451981857,0.00059204606002262613,-0.00014800743550280753,0,0.04866400000000682,0,0.00044403862451981857,1
479000,0.00044402785983322962,0.00059203375752366885,-0.00014800589769043925,0,0.048664000000006355,0,0.00044402785983322962,1
480000,0.00044400624974256999,0.00059200906027720326,-0.0001480028105346333,0,0.048664000000005626,0,0.00044400624974256999,1
481000,0.00044398696832974685,0.00059198702437683495,-0.00014800005604708811,0,0.048664000000005356,0,0.00044398696832974685,1
482000,0.00044398176783531516,0.00059198108095462581,-0.00014799931311931065,0,0.048664000000005772,0,0.00044398176783531516,1
483000,0.00044399381766171134,0.00059199485218479277,-0.00014800103452308142,0,0.048664000000005807,0,0.00044399381766171134,1
484000,0.00044401577390025207,0.00059201994502883996,-0.00014800417112858789,0,0.048664000000005612,0,0.00044401577390025207,1
485000,0.00044403425296240552,0.00059204106395701521,-0.00014800681099460966,0,0.048664000000005661,0,0.00044403425296240552,1
486000,0.00044403798869648866,0.00059204533336739611,-0.00014800734467090745,0,0.048664000000005612,0,0.00044403798869648866,1
487000,0.00044402470329961858,0.00059203015005668833,-0.00014800544675706975,0,0.048664000000005356,0,0.00044402470329961858,1
488000,0.00044400249696878219,0.00059200477139287604,-0.00014800227442409388,0,0.048664000000005148,0,0.00044400249696878219,1
489000,0.00044398490683806202,0.00059198466838633851,-0.00014799976154827651,0,0.048664000000005196,0,0.00044398490683806202,1
490000,0.00044398265400461467,0.0005919820937195419,-0.00014799943971492723,0,0.048664000000005092,0,0.00044398265400461467,1
491000,0.00044399711143350393,0.00059199861649541444,-0.00014800150506191049,0,0.048664000000005377,0,0.00044399711143350393,1
492000,0.00044401946770436268,0.00059202416651925349,-0.00014800469881489077,0,0.048664000000005217,0,0.00044401946770436268,1
493000,0.00044403609494654534,0.00059204316908174784,-0.0001480070741352025,0,0.048664000000005259,0,0.00044403609494654534,1
494000,0.00044403685575070064,0.00059204403857220946,-0.00014800718282150882,0,0.048664000000005703,0,0.00044403685575070064,1
495000,0.00044402128622739629,0.00059202624483128898,-0.00014800495860389269,0,0.04866400000000605,0,0.00044402128622739629,1
496000,0.00044399887902175992,0.00059200063659627545,-0.0001480017575745155,0,0.048664000000006223,0,0.00044399887902175992,1
497000,0.00044398329327914978,0.00059198282431900629,-0.00014799953103985651,0,0.048664000000006327,0,0.00044398329327914978,1
498000,0.00044398402820277933,0.00059198366423172531,-0.00014799963602894601,0,0.048664000000006466,0,0.00044398402820277933,1
499000,0.00044400063590187624,0.00059200264445926319,-0.00014800200855738692,0,0.048664000000006896,0,0.00044400063590187624,1
500000,0.00044402299419445004,0.00059202819679363421,-0.00014800520259918416,0,0.048664000000006612,0,0.00044402299419445004,1
501000,0.00044403747353398502,0.00059204474461024587,-0.00014800727107626088,0,0.048664000000006521,0,0.00044403747353398502,1
502000,0.00044403524585915212,0.00059204219869615164,-0.00014800695283699952,0,0.04866400000000639,0,0.00044403524585915212,1
503000,0.000444017669461317,0.00059202211138434076,-0.00014800444192302373,0,0.048664000000006195,0,0.000444017669461317,1
504000,0.00044399546030654622,0.00059199672949317508,-0.00014800126918662886,0,0.048664000000005925,0,0.00044399546030654622,1
505000,0.00044398215637143261,0.00059198152499590232,-0.00014799936862446968,0,0.048664000000005946,0,0.00044398215637143261,1
506000,0.00044398586597194003,0.00059198576453933901,-0.00014799989856739899,0,0.048664000000006043,0,0.00044398586597194003,1
507000,0.00044400432832728746,0.00059200686437402338,-0.00014800253604673589,0,0.048664000000005592,0,0.00044400432832728746,1
508000,0.00044402629057880866,0.00059203196409004881,-0.00014800567351124018,0,0.048664000000005231,0,0.00044402629057880866,1
509000,0.00044403836417365803,0.00059204576248416329,-0.00014800739831050529,0,0.048664000000004974,0,0.00044403836417365803,1
510000,0.00044403318769214219,0.00059203984650528637,-0.00014800665881314418,0,0.048664000000005467,0,0.00044403318769214219,1
511000,0.00044401391739932631,0.00059201782331349639,-0.00014800390591417008,0,0.048664000000005571,0,0.00044401391739932631,1
512000,0.00044399230167906285,0.00059199311963319709,-0.00014800081795413424,0,0.04866400000000505,0,0.00044399230167906285,1
513000,0.0004439815163493375,0.00059198079354208261,-0.00014799927719274511,0,0.048664000000005002,0,0.0004439815163493375,1
514000,0.00044398813460282826,0.00059198835726035877,-0.00014800022265753051,0,0.048664000000004724,0,0.00044398813460282826,1
515000,0.00044400812297744655,0.00059201120111706509,-0.00014800307813961857,0,0.04866400000000478,0,0.00044400812297744655,1
516000,0.00044402929816049843,0.00059203540132626788,-0.00014800610316576944,0,0.04866400000000462,0,0.00044402929816049843,1
517000,0.0004440387510039338,0.00059204620457590856,-0.00014800745357197476,0,0.048664000000004537,0,0.0004440387510039338,1
518000,0.00044403071790226399,0.00059203702388828687,-0.0001480063059860229,0,0.048664000000004252,0,0.00044403071790226399,1
519000,0.00044401009684543206,0.00059201345696619347,-0.0001480033601207614,0,0.048664000000004197,0,0.00044401009684543206,1
520000,0.0004439894593631944,0.00059198987127220696,-0.00014800041190901256,0,0.04866400000000437,0,0.0004439894593631944,1
521000,0.00044398138460380684,0.00059198064297576484,-0.000147999258371958,0,0.048664000000004141,0,0.00044398138460380684,1
522000,0.00044399079371680778,0.00059199139624776598,-0.00014800060253095822,0,0.048664000000004121,0,0.00044399079371680778,1
523000,0.00044401195229756677,0.00059201557748291814,-0.00014800362518535139,0,0.048664000000004398,0,0.00044401195229756677,1
524000,0.00044403196338326802,0.00059203844729514756,-0.00014800648391187951,0,0.048664000000004572,0,0.00044403196338326802,1
525000,0.00044403862713559444,0.00059204606301209298,-0.00014800743587649854,0,0.048664000000004301,0,0.00044403862713559444,1
526000,0.00044402788047129976,0.00059203378111004075,-0.00014800590063874096,0,0.048664000000004648,0,0.00044402788047129976,1
527000,0.00044400627582018249,0.00059200909008019385,-0.00014800281426001133,0,0.048664000000004239,0,0.00044400627582018249,1
528000,0.0004439869839509144,0.00059198704222960326,-0.00014800005827868886,0,0.048664000000003801,0,0.0004439869839509144,1
529000,0.000443981763479649,0.00059198107597673033,-0.00014799931249708133,0,0.048664000000003267,0,0.000443981763479649,1
530000,0.00044399379598366435,0.00059199482740989145,-0.00014800103142622708,0,0.04866400000000308,0,0.00044399379598366435,1
531000,0.00044401574811252058,0.00059201991555715412,-0.00014800416744463355,0,0.048664000000003524,0,0.00044401574811252058,1
532000,0.00044403423878571836,0.00059204104775509477,-0.00014800680896937644,0,0.048664000000003427,0,0.00044403423878571836,1
533000,0.00044403799477472168,0.00059204534031395326,-0.00014800734553923158,0,0.048664000000004135,0,0.00044403799477472168,1
534000,0.00044402472592663483,0.00059203017591613985,-0.00014800544998950501,0,0.048664000000004093,0,0.00044402472592663483,1
535000,0.00044400252234959043,0.00059200480039951948,-0.00014800227804992903,0,0.048664000000003586,0,0.00044400252234959043,1
536000,0.00044398491950193263,0.00059198468285933921,-0.00014799976335740659,0,0.048664000000003545,0,0.00044398491950193263,1
537000,0.00044398264623363615,0.00059198208483842688,-0.00014799943860479076,0,0.048664000000004141,0,0.00044398264623363615,1
538000,0.00044399708796358088,0.00059199858967264984,-0.00014800150170906899,0,0.048664000000004023,0,0.00044399708796358088,1
539000,0.00044401944284074555,0.0005920241381036943,-0.00014800469526294878,0,0.048664000000004273,0,0.00044401944284074555,1
540000,0.00044403608384711629,0.00059204315639668846,-0.00014800707254957217,0,0.048664000000004565,0,0.00044403608384711629,1
541000,0.00044403686518316212,0.00059204404935216831,-0.00014800718416900618,0,0.048664000000004877,0,0.00044403686518316212,1
542000,0.00044402131044045189,0.00059202627250335706,-0.00014800496206290517,0,0.048664000000004752,0,0.00044402131044045189,1
543000,0.00044399890325393581,0.00059200066429019574,-0.00014800176103625993,0,0.048664000000004773,0,0.00044399890325393581,1
544000,0.00044398330276035564,0.000591982835154676,-0.00014799953239432034,0,0.048664000000004662,0,0.00044398330276035564,1
545000,0.0004439840171548598,0.00059198365160553974,-0.00014799963445067993,0,0.048664000000004114,0,0.0004439840171548598,1
546000,0.00044400061105787417,0.00059200261606612574,-0.00014800200500825157,0,0.048664000000004648,0,0.00044400061105787417,1
547000,0.00044402297069766046,0.00059202816994016977,-0.00014800519924250928,0,0.048664000000003926,0,0.00044402297069766046,1
548000,0.00044403746570949955,0.00059204473566798802,-0.00014800726995848847,0,0.048664000000003302,0,0.00044403746570949955,1
549000,0.00044403525847792522,0.00059204221311761869,-0.00014800695463969345,0,0.04866400000000292,0,0.00044403525847792522,1
550000,0.00044401769482933578,0.00059202214037637208,-0.00014800444554703631,0,0.048664000000003357,0,0.00044401769482933578,1
551000,0.00044399548295875283,0.00059199675538141943,-0.00014800127242266657,0,0.048664000000003566,0,0.00044399548295875283,1
552000,0.00044398216250120433,0.00059198153200136364,-0.00014799936950015934,0,0.048664000000003649,0,0.00044398216250120433,1
553000,0.00044398585184365387,0.000591985748392735,-0.00014799989654908113,0,0.048664000000003538,0,0.00044398585184365387,1
554000,0.00044400430255145265,0.00059200683491593571,-0.00014800253236448303,0,0.048664000000002927,0,0.00044400430255145265,1
555000,0.00044402626886720208,0.00059203193927678983,-0.00014800567040958775,0,0.048664000000003607,0,0.00044402626886720208,1
556000,0.00044403835976341546,0.00059204575744389062,-0.00014800739768047519,0,0.048664000000003663,0,0.00044403835976341546,1
557000,0.00044403320327239385,0.00059203986431129315,-0.0001480066610388993,0,0.048664000000004051,0,0.00044403320327239385,1
558000,0.00044401394347054967,0.00059201785310918575,-0.00014800390963863607,0,0.048664000000003996,0,0.00044401394347054967,1
559000,0.00044399232234800402,0.00059199314325484838,-0.00014800082090684439,0,0.048664000000003822,0,0.00044399232234800402,1
560000,0.00044398151901857679,0.00059198079659264632,-0.0001479992775740695,0,0.048664000000003711,0,0.00044398151901857679,1
561000,0.00044398811764565806,0.0005919883378807389,-0.00014800022023508082,0,0.048664000000003801,0,0.00044398811764565806,1
562000,0.00044400809672864752,0.0005920111711184389,-0.00014800307438979135,0,0.04866400000000444,0,0.00044400809672864752,1
563000,0.00044402927862071371,0.00059203537899508735,-0.00014800610037437364,0,0.048664000000004037,0,0.00044402927862071371,1
564000,0.00044403875008648024,0.00059204620352739095,-0.00014800745344091071,0,0.048664000000004315,0,0.00044403875008648024,1
565000,0.00044403073616654882,0.00059203704476175562,-0.00014800630859520677,0,0.048664000000004169,0,0.00044403073616654882,1
566000,0.00044401012315566644,0.00059201348703503173,-0.00014800336387936532,0,0.048664000000004481,0,0.00044401012315566644,1
567000,0.00044398947768102038,0.00059198989220686548,-0.00014800041452584509,0,0.048664000000004315,0,0.00044398947768102038,1
568000,0.00044398138376503676,0.00059198064201717096,-0.0001479992582521342,0,0.048664000000004003,0,0.00044398138376503676,1
569000,0.0004439907742325842,0.00059199137398008306,-0.00014800059974749889,0,0.048664000000003774,0,0.0004439907742325842,1
570000,0.00044401192604314106,0.00059201554747786143,-0.00014800362143472037,0,0.048664000000004037,0,0.00044401192604314106,1
571000,0.00044403194636327985,0.00059203842784373594,-0.0001480064814804561,0,0.048664000000003572,0,0.00044403194636327985,1
572000,0.00044403862972732942,0.00059204606597407878,-0.00014800743624674936,0,0.048664000000003434,0,0.00044403862972732942,1
573000,0.00044402790109445903,0.00059203380467936833,-0.0001480059035849093,0,0.04866400000000385,0,0.00044402790109445903,1
574000,0.00044400630190109586,0.00059200911988695334,-0.00014800281798585749,0,0.048664000000003843,0,0.00044400630190109586,1
575000,0.00044398699959153254,0.00059198706010459414,-0.00014800006051306157,0,0.048664000000004162,0,0.00044398699959153254,1
576000,0.00044398175914768425,0.00059198107102591193,-0.00014799931187822767,0,0.048664000000003711,0,0.00044398175914768425,1
577000,0.00044399377431915394,0.00059199480265045086,-0.00014800102833129692,0,0.048664000000003101,0,0.00044399377431915394,1
578000,0.00044401572231987321,0.00059201988607984464,-0.00014800416375997143,0,0.04866400000000301,0,0.00044401572231987321,1
579000,0.00044403422458861555,0.00059204103152983589,-0.00014800680694122034,0,0.048664000000003017,0,0.00044403422458861555,1
580000,0.00044403800082947842,0.00059204534723367966,-0.00014800734640420124,0,0.048664000000002865,0,0.00044403800082947842,1
581000,0.00044402474854137732,0.00059203020176156417,-0.00014800545322018685,0,0.048664000000002858,0,0.00044402474854137732,1
582000,0.0004440025477368049,0.00059200482941348183,-0.00014800228167667696,0,0.048664000000002719,0,0.0004440025477368049,1
583000,0.00044398493218700415,0.00059198469735656837,-0.00014799976516956424,0,0.048664000000002226,0,0.00044398493218700415,1
584000,0.00044398263848572023,0.00059198207598367303,-0.00014799943749795283,0,0.048664000000002074,0,0.00044398263848572023,1
585000,0.00044399706450451345,0.00059199856286229382,-0.00014800149835778037,0,0.048664000000002081,0,0.00044399706450451345,1
586000,0.00044401941796920019,0.00059202410967907878,-0.00014800469170987856,0,0.04866400000000206,0,0.00044401941796920019,1
587000,0.00044403607272577714,0.00059204314368659517,-0.00014800707096081803,0,0.048664000000002094,0,0.00044403607272577714,1
588000,0.00044403687459311405,0.00059204406010640717,-0.00014800718551329309,0,0.048664000000002566,0,0.00044403687459311405,1
589000,0.00044402133464411955,0.00059202630016469806,-0.00014800496552057853,0,0.048664000000002865,0,0.00044402133464411955,1
590000,0.00044399892749556833,0.00059200069199492542,-0.00014800176449935706,0,0.048664000000002837,0,0.00044399892749556833,1
591000,0.00044398331226408677,0.00059198284601608901,-0.00014799953375200226,0,0.048664000000002906,0,0.00044398331226408677,1
592000,0.00044398400612878988,0.00059198363900432062,-0.00014799963287553077,0,0.048664000000003059,0,0.00044398400612878988,1
593000,0.0004440005862217652,0.00059200258768200777,-0.00014800200146024257,0,0.048664000000002754,0,0.0004440005862217652,1
594000,0.00044402294718997443,0.00059202814307424806,-0.00014800519588427366,0,0.048664000000002414,0,0.00044402294718997443,1
595000,0.00044403745786191911,0.00059204472669932681,-0.00014800726883740771,0,0.04866400000000267,0,0.00044403745786191911,1
596000,0.00044403527107547659,0.00059204222751482174,-0.00014800695643934516,0,0.048664000000002497,0,0.00044403527107547659,1
597000,0.00044401772019092431,0.00059202216936104796,-0.00014800444917012365,0,0.0486640000000024,0,0.00044401772019092431,1
598000,0.00044399550562320388,0.00059199678128365367,-0.00014800127566044982,0,0.048664000000002261,0,0.00044399550562320388,1
599000,0.00044398216865443134,0.00059198153903362828,-0.00014799937037919691,0,0.048664000000002178,0,0.00044398216865443134,1
600000,0.00044398583773568669,0.00059198573226934852,-0.00014799989453366183,0,0.048664000000002212,0,0.00044398583773568669,1
601000,0.00044400427678041186,0.00059200680546332024,-0.00014800252868290838,0,0.048664000000002185,0,0.00044400427678041186,1
602000,0.00044402624714198779,0.00059203191444797895,-0.00014800566730599116,0,0.048664000000002046,0,0.00044402624714198779,1
603000,0.0004440383553293933,0.00059204575237644297,-0.00014800739704704967,0,0.048664000000001879,0,0.0004440383553293933,1
604000,0.0004440332188332094,0.00059203988209508896,-0.00014800666326187953,0,0.048664000000002164,0,0.0004440332188332094,1
605000,0.00044401396953852427,0.00059201788290116485,-0.00014800391336264061,0,0.04866400000000165,0,0.00044401396953852427,1
606000,0.00044399234303190121,0.00059199316689359689,-0.00014800082386169571,0,0.048664000000001276,0,0.00044399234303190121,1
607000,0.00044398152171184156,0.00059198079967067135,-0.00014799927795882981,0,0.048664000000001345,0,0.00044398152171184156,1
608000,0.0004439881007069832,0.0005919883185222626,-0.00014800021781527942,0,0.048664000000001116,0,0.0004439881007069832,1
609000,0.00044400807048158066,0.00059201114112180232,-0.00014800307064022166,0,0.048664000000001192,0,0.00044400807048158066,1
610000,0.0004440292590648661,0.00059203535664555736,-0.00014800609758069128,0,0.048664000000001102,0,0.0004440292590648661,1
611000,0.00044403874914497349,0.00059204620245139434,-0.00014800745330642082,0,0.048664000000001144,0,0.00044403874914497349,1
612000,0.00044403075441353749,0.00059203706561546956,-0.00014800631120193204,0,0.04866400000000054,0,0.00044403075441353749,1
613000,0.00044401014946592195,0.00059201351710390761,-0.00014800336763798563,0,0.048664000000000936,0,0.00044401014946592195,1
614000,0.00044398949601616314,0.0005919899131613263,-0.00014800041714516313,0,0.048664000000000873,0,0.00044398949601616314,1
615000,0.00044398138295034036,0.00059198064108610042,-0.00014799925813576003,0,0.048664000000000832,0,0.00044398138295034036,1
616000,0.0004439907547645845,0.0005919913517309504,-0.00014800059696636593,0,0.048664000000000943,0,0.0004439907547645845,1
617000,0.00044401189978722039,0.00059201551747110643,-0.00014800361768388604,0,0.048664000000000741,0,0.00044401189978722039,1
618000,0.0004440319293249885,0.00059203840837141375,-0.00014800647904642528,0,0.048664000000000464,0,0.0004440319293249885,1
619000,0.0004440386322950966,0.00059204606890868089,-0.00014800743661358426,0,0.048664000000000283,0,0.0004440386322950966,1
620000,0.00044402792170263614,0.00059203382823158298,-0.00014800590652894687,0,0.048664000000000325,0,0.00044402792170263614,1
621000,0.00044400632798515145,0.00059200914969731303,-0.00014800282171216155,0,0.048664000000000845,0,0.00044400632798515145,1
622000,0.00044398701525158425,0.00059198707800180866,-0.00014800006275022444,0,0.04866400000000054,0,0.00044398701525158425,1
623000,0.00044398175483958654,0.00059198106610238127,-0.00014799931126279473,0,0.048664000000000963,0,0.00044398175483958654,1
624000,0.00044399375266844499,0.00059199477790679083,-0.00014800102523834585,0,0.048664000000000991,0,0.00044399375266844499,1
625000,0.00044401569652260166,0.00059201985659725596,-0.0001480041600746543,0,0.04866400000000088,0,0.00044401569652260166,1
626000,0.00044403421037132415,0.00059204101528151094,-0.00014800680491018682,0,0.048664000000000672,0,0.00044403421037132415,1
627000,0.0004440380068607805,0.00059204535412660166,-0.00014800734726582116,0,0.048664000000001331,0,0.0004440380068607805,1
628000,0.00044402477114378219,0.00059203022759289137,-0.00014800545644910921,0,0.048664000000000728,0,0.00044402477114378219,1
629000,0.00044400257313031635,0.00059200485843464502,-0.00014800228530432866,0,0.048664000000000637,0,0.00044400257313031635,1
630000,0.00044398494489317111,0.00059198471187790866,-0.00014799976698473758,0,0.048664000000000325,0,0.00044398494489317111,1
631000,0.00044398263076083787,0.00059198206715524264,-0.00014799943639440475,0,0.048664000000000193,0,0.00044398263076083787,1
632000,0.00044399704105642943,0.00059199853606449091,-0.00014800149500806151,0,0.048663999999999943,0,0.00044399704105642943,1
633000,0.00044401939308983361,0.00059202408124552335,-0.00014800468815568977,0,0.0486640000000002,0,0.00044401939308983361,1
634000,0.00044403606158263046,0.00059204313095157792,-0.00014800706936894746,0,0.048663999999999916,0,0.00044403606158263046,1
635000,0.0004440368839805574,0.00059204407083492323,-0.00014800718685436582,0,0.04866399999999986,0,0.0004440368839805574,1
636000,0.00044402135883828033,0.00059202632781518,-0.0001480049689768997,0,0.04866399999999927,0,0.00044402135883828033,1
637000,0.00044399895174649019,0.00059200071971027518,-0.00014800176796378499,0,0.048663999999999791,0,0.00044399895174649019,1
638000,0.00044398332179031695,0.00059198285690322092,-0.000147999535112904,0,0.048663999999999541,0,0.00044398332179031695,1
639000,0.00044398399512470275,0.00059198362642823321,-0.00014799963130353045,0,0.048663999999999569,0,0.00044398399512470275,1
640000,0.00044400056139375164,0.00059200255930714357,-0.0001480019979133919,0,0.048664000000000346,0,0.00044400056139375164,1
641000,0.00044402292367156694,0.00059202811619607325,-0.00014800519252450634,0,0.048664000000000929,0,0.00044402292367156694,1
642000,0.00044403744999136876,0.00059204471770441663,-0.00014800726771304788,0,0.048664000000001373,0,0.00044403744999136876,1
643000,0.00044403528365177575,0.00059204224188773942,-0.00014800695823596367,0,0.048664000000001234,0,0.00044403528365177575,1
644000,0.00044401774554596492,0.00059202219833824231,-0.00014800445279227739,0,0.048664000000000956,0,0.00044401774554596492,1
645000,0.00044399552829979668,0.00059199680719976245,-0.00014800127889996579,0,0.048664000000001477,0,0.00044399552829979668,1
646000,0.00044398217483109317,0.00059198154609267249,-0.00014799937126157932,0,0.048664000000001553,0,0.00044398217483109317,1
647000,0.00044398582364819764,0.0005919857161693628,-0.00014799989252116519,0,0.048664000000001706,0,0.00044398582364819764,1
648000,0.00044400425101441944,0.00059200677601647402,-0.00014800252500205458,0,0.048664000000001525,0,0.00044400425101441944,1
649000,0.00044402622540324965,0.00059203188960370626,-0.00014800566420045661,0,0.048664000000002192,0,0.00044402622540324965,1
650000,0.0004440383508715561,0.00059204574728177089,-0.00014800739641021481,0,0.04866400000000215,0,0.0004440383508715561,1
651000,0.00044403323437444637,0.00059203989985650402,-0.00014800666548205765,0,0.048664000000001761,0,0.00044403323437444637,1
652000,0.00044401399560306407,0.00059201791268921264,-0.00014800391708614857,0,0.048664000000000984,0,0.00044401399560306407,1
653000,0.00044399236373057012,0.00059199319054922025,-0.00014800082681865016,0,0.048664000000000776,0,0.00044399236373057012,1
654000,0.0004439815244290613,0.00059198080277606706,-0.00014799927834700577,0,0.048664000000000866,0,0.0004439815244290613,1
655000,0.00044398808378681416,0.00059198829918492542,-0.00014800021539811129,0,0.048664000000001435,0,0.00044398808378681416,1
656000,0.00044400804423623834,0.00059201111112712316,-0.0001480030668908848,0,0.048664000000001838,0,0.00044400804423623834,1
657000,0.00044402923949285597,0.00059203533427754215,-0.00014800609478468618,0,0.048664000000002164,0,0.00044402923949285597,1
658000,0.00044403874817925407,0.00059204620134771209,-0.00014800745316845802,0,0.04866400000000197,0,0.00044403874817925407,1
659000,0.00044403077264293432,0.0005920370864490607,-0.00014800631380612641,0,0.048664000000002018,0,0.00044403077264293432,1
660000,0.00044401017577591574,0.0005920135471724681,-0.00014800337139655239,0,0.048664000000002011,0,0.00044401017577591574,1
661000,0.00044398951436847608,0.00059198993413539448,-0.00014800041976691843,0,0.048664000000001928,0,0.00044398951436847608,1
662000,0.00044398138215975466,0.00059198064018257024,-0.0001479992580228156,0,0.048664000000001865,0,0.00044398138215975466,1
663000,0.00044399073531289706,0.00059199132950044846,-0.00014800059418755137,0,0.048664000000001539,0,0.00044399073531289706,1
664000,0.00044401187352976915,0.00059201548746258797,-0.00014800361393281882,0,0.048664000000001525,0,0.00044401187352976915,1
665000,0.00044403191226825942,0.00059203838887800578,-0.00014800647660974639,0,0.048664000000001428,0,0.00044403191226825942,1
666000,0.00044403863483874544,0.00059204607181570382,-0.00014800743697695838,0,0.048664000000001505,0,0.00044403863483874544,1
667000,0.00044402794229567242,0.00059203385176647859,-0.00014800590947080614,0,0.048664000000001206,0,0.00044402794229567242,1
668000,0.00044400635407223105,0.00059200917951111789,-0.00014800282543888684,0,0.04866400000000095,0,0.00044400635407223105,1
669000,0.00044398703093088721,0.00059198709592100994,-0.00014800006499012273,0,0.048664000000001158,0,0.00044398703093088721,1
670000,0.00044398175055527264,0.00059198106120602234,-0.00014799931065074973,0,0.048664000000001012,0,0.00044398175055527264,1
671000,0.00044399373103146827,0.00059199475317881856,-0.00014800102214735031,0,0.048664000000000651,0,0.00044399373103146827,1
672000,0.00044401567072060966,0.00059201982710926741,-0.00014800415638865775,0,0.048664000000000221,0,0.00044401567072060966,1
673000,0.0004440341961336917,0.00059204099900993234,-0.00014800680287624062,0,0.048664000000000297,0,0.0004440341961336917,1
674000,0.00044403801286852201,0.00059204536099259479,-0.00014800734812407278,0,0.048664000000000519,0,0.00044403801286852201,1
675000,0.00044402479373371146,0.00059203025340995254,-0.00014800545967624107,0,0.048664000000000984,0,0.00044402479373371146,1
676000,0.00044400259853004468,0.00059200488746290517,-0.00014800228893286049,0,0.048664000000000866,0,0.00044400259853004468,1
677000,0.0004439849576204129,0.00059198472642332518,-0.00014799976880291229,0,0.048664000000001095,0,0.0004439849576204129,1
678000,0.0004439826230590412,0.00059198205835318601,-0.00014799943529414484,0,0.048664000000001123,0,0.0004439826230590412,1
679000,0.00044399701761929004,0.00059199850927918473,-0.00014800149165989469,0,0.048664000000001116,0,0.00044399701761929004,1
680000,0.00044401936820260239,0.0005920240528029697,-0.00014800468460036731,0,0.048664000000001276,0,0.00044401936820260239,1
681000,0.00044403605041752045,0.00059204311819144697,-0.00014800706777392652,0,0.048664000000001421,0,0.00044403605041752045,1
682000,0.0004440368933452891,0.00059204408153746971,-0.00014800718819218058,0,0.048664000000001026,0,0.0004440368933452891,1
683000,0.00044402138302283042,0.00059202635545466185,-0.00014800497243183143,0,0.048664000000000422,0,0.00044402138302283042,1
684000,0.00044399897600671037,0.00059200074743624091,-0.00014800177142953053,0,0.048663999999999867,0,0.00044399897600671037,1
685000,0.00044398333133898859,0.0005919828678159877,-0.00014799953647699911,0,0.048663999999999784,0,0.00044398333133898859,1
686000,0.00044398398414252464,0.00059198361387717145,-0.00014799962973464681,0,0.048663999999999874,0,0.00044398398414252464,1
687000,0.00044400053657370686,0.00059200253094137897,-0.00014800199436767214,0,0.048664000000000068,0,0.00044400053657370686,1
688000,0.00044402290014228029,0.00059202808930546198,-0.00014800518916318169,0,0.048664000000000339,0,0.00044402290014228029,1
689000,0.000444037442097712,0.00059204470868309659,-0.00014800726658538459,0,0.048664000000000811,0,0.000444037442097712,1
690000,0.00044403529620683907,0.00059204225623638409,-0.00014800696002954502,0,0.048664000000000984,0,0.00044403529620683907,1
691000,0.00044401777089459783,0.0005920222273081082,-0.00014800445641351037,0,0.048664000000001033,0,0.00044401777089459783,1
692000,0.00044399555098871763,0.00059199683312995848,-0.00014800128214124085,0,0.048664000000001296,0,0.00044399555098871763,1
693000,0.0004439821810312688,0.00059198155317858822,-0.00014799937214731942,0,0.048664000000001338,0,0.0004439821810312688,1
694000,0.00044398580958106482,0.00059198570009264049,-0.00014799989051157567,0,0.048664000000001442,0,0.00044398580958106482,1
695000,0.00044400422525319702,0.00059200674657507819,-0.00014800252132188117,0,0.048664000000001185,0,0.00044400422525319702,1
696000,0.000444026203650806,0.0005920318647437739,-0.0001480056610929679,0,0.048664000000001269,0,0.000444026203650806,1
697000,0.00044403834638988759,0.00059204574215986647,-0.0001480073957699789,0,0.048664000000001442,0,0.00044403834638988759,1
698000,0.00044403324989624035,0.00059203991759569879,-0.00014800666769945842,0,0.04866400000000129,0,0.00044403324989624035,1
699000,0.00044401402166441192,0.00059201794247360883,-0.00014800392080919692,0,0.04866400000000138,0,0.00044401402166441192,1
700000,0.00044399238444421869,0.00059199321422195882,-0.00014800082977774011,0,0.048664000000001553,0,0.00044399238444421869,1
701000,0.00044398152717030034,0.0005919808059089086,-0.00014799927873860826,0,0.048664000000001748,0,0.00044398152717030034,1
702000,0.00044398806688503948,0.00059198827986860951,-0.00014800021298357001,0,0.048664000000002025,0,0.00044398806688503948,1
703000,0.00044400801799247239,0.00059201108113424747,-0.00014800306314177511,0,0.048664000000001914,0,0.00044400801799247239,1
704000,0.00044402921990467463,0.00059203531189105083,-0.00014800609198637618,0,0.048664000000001692,0,0.00044402921990467463,1
705000,0.00044403874718948217,0.00059204620021654543,-0.00014800745302706329,0,0.048664000000001602,0,0.00044403874718948217,1
706000,0.00044403079085507261,0.00059203710726293487,-0.00014800631640786226,0,0.048664000000001512,0,0.00044403079085507261,1
707000,0.0004440102020859478,0.00059201357724107662,-0.00014800337515512884,0,0.048664000000001879,0,0.0004440102020859478,1
708000,0.0004439895327381599,0.00059198995512931886,-0.00014800042239115893,0,0.048664000000001942,0,0.0004439895327381599,1
709000,0.00044398138139326379,0.00059198063930657814,-0.00014799925791331435,0,0.048664000000002594,0,0.00044398138139326379,1
710000,0.00044399071587736423,0.00059199130728840679,-0.00014800059141104255,0,0.048664000000002719,0,0.00044399071587736423,1
711000,0.00044401184727074837,0.00059201545745227429,-0.00014800361018152592,0,0.048664000000002761,0,0.00044401184727074837,1
712000,0.00044403189519312601,0.00059203836936356103,-0.00014800647417043505,0,0.048664000000003302,0,0.00044403189519312601,1
713000,0.00044403863735837501,0.00059204607469527507,-0.00014800743733690006,0,0.048664000000003059,0,0.00044403863735837501,1
714000,0.00044402796287373224,0.00059203387528425561,-0.00014800591241052337,0,0.048664000000002816,0,0.00044402796287373224,1
715000,0.00044400638016252379,0.00059200920932858962,-0.00014800282916606583,0,0.04866400000000258,0,0.00044400638016252379,1
716000,0.00044398704662963718,0.00059198711386243357,-0.00014800006723279642,0,0.048664000000002552,0,0.00044398704662963718,1
717000,0.00044398174629474028,0.0005919810563368384,-0.00014799931004209812,0,0.048664000000002192,0,0.00044398174629474028,1
718000,0.00044399370940811841,0.0005919947284664125,-0.00014800101905829409,0,0.048664000000002448,0,0.00044399370940811841,1
719000,0.00044401564491373946,0.00059201979761569685,-0.00014800415270195739,0,0.048664000000001546,0,0.00044401564491373946,1
720000,0.00044403418187562778,0.00059204098271499776,-0.00014800680083936995,0,0.04866400000000156,0,0.00044403418187562778,1
721000,0.00044403801885271719,0.00059204536783167053,-0.00014800734897895334,0,0.048664000000001789,0,0.00044403801885271719,1
722000,0.00044402481631132843,0.00059203027921293934,-0.00014800546290161094,0,0.048664000000002122,0,0.00044402481631132843,1
723000,0.00044400262393615283,0.00059200491649845388,-0.00014800229256230104,0,0.048664000000001865,0,0.00044400262393615283,1
724000,0.00044398497036884021,0.00059198474099295465,-0.00014799977062411441,0,0.048664000000001623,0,0.00044398497036884021,1
725000,0.00044398261538028708,0.00059198204957746389,-0.00014799943419717681,0,0.048664000000002025,0,0.00044398261538028708,1
726000,0.00044399699419303421,0.00059199848250631923,-0.00014800148831328503,0,0.048664000000001595,0,0.00044399699419303421,1
727000,0.00044401934330745465,0.00059202402435136958,-0.00014800468104391489,0,0.048664000000002067,0,0.00044401934330745465,1
728000,0.00044403603923053611,0.00059204310540631854,-0.00014800706617578243,0,0.048664000000002421,0,0.00044403603923053611,1
729000,0.00044403690268753608,0.00059204409221431877,-0.00014800718952678269,0,0.048664000000002351,0,0.00044403690268753608,1
730000,0.00044402140719794557,0.00059202638308335632,-0.00014800497588541079,0,0.048664000000002865,0,0.00044402140719794557,1
731000,0.00044399900027630669,0.00059200077517291248,-0.00014800177489660577,0,0.048664000000002719,0,0.00044399900027630669,1
732000,0.00044398334091010658,0.00059198287875439869,-0.00014799953784429214,0,0.048664000000002525,0,0.00044398334091010658,1
733000,0.0004439839731821565,0.00059198360135102868,-0.00014799962816887215,0,0.048664000000002115,0,0.0004439839731821565,1
734000,0.0004440005117615033,0.00059200250258456891,-0.00014800199082306561,0,0.048664000000001817,0,0.0004440005117615033,1
735000,0.0004440228766020766,0.00059202806240236494,-0.00014800518580028837,0,0.048664000000002379,0,0.0004440228766020766,1
736000,0.00044403743418100744,0.00059204469963542881,-0.00014800726545442135,0,0.048664000000002386,0,0.00044403743418100744,1
737000,0.00044403530874073102,0.00059204227056082687,-0.00014800696182009585,0,0.048664000000002469,0,0.00044403530874073102,1
738000,0.00044401779623677562,0.00059202225627059263,-0.00014800446003381703,0,0.04866400000000233,0,0.00044401779623677562,1
739000,0.00044399557368979552,0.0005919968590740426,-0.00014800128538424711,0,0.048664000000002691,0,0.00044399557368979552,1
740000,0.00044398218725479792,0.00059198156029118833,-0.00014799937303639044,0,0.048664000000002657,0,0.00044398218725479792,1
741000,0.00044398579553422556,0.0005919856840391058,-0.00014799988850488024,0,0.048664000000002622,0,0.00044398579553422556,1
742000,0.00044400419949684538,0.00059200671713924356,-0.00014800251764239821,0,0.048664000000002372,0,0.00044400419949684538,1
743000,0.00044402618188483037,0.00059203183986836878,-0.00014800565798353844,0,0.048664000000002525,0,0.00044402618188483037,1
744000,0.00044403834188449219,0.000592045737010839,-0.00014800739512634678,0,0.048664000000002663,0,0.00044403834188449219,1
745000,0.00044403326539854156,0.00059203993531260876,-0.0001480066699140672,0,0.048664000000002927,0,0.00044403326539854156,1
746000,0.00044401404772238465,0.00059201797225414397,-0.00014800392453175932,0,0.048664000000002851,0,0.00044401404772238465,1
747000,0.0004439924051726599,0.00059199323791159979,-0.00014800083273893986,0,0.048664000000003316,0,0.0004439924051726599,1
748000,0.0004439815299354643,0.00059198080906909035,-0.00014799927913362607,0,0.048664000000003357,0,0.0004439815299354643,1
749000,0.00044398805000175662,0.00059198826057342362,-0.00014800021057166697,0,0.0486640000000036,0,0.00044398805000175662,1
750000,0.00044400799175046361,0.00059201105114337505,-0.00014800305939291142,0,0.048664000000003434,0,0.00044400799175046361,1
751000,0.0004440292003003743,0.00059203528948612884,-0.00014800608918575454,0,0.048664000000003801,0,0.0004440292003003743,1
752000,0.00044403874617552079,0.00059204619905772499,-0.00014800745288220423,0,0.048664000000003746,0,0.00044403874617552079,1
753000,0.0004440308090496833,0.0005920371280567654,-0.00014800631900708209,0,0.048664000000004454,0,0.0004440308090496833,1
754000,0.00044401022839581593,0.00059201360730949052,-0.00014800337891367457,0,0.048664000000003864,0,0.00044401022839581593,1
755000,0.00044398955112508556,0.0005919899761429421,-0.00014800042501785651,0,0.04866400000000369,0,0.00044398955112508556,1
756000,0.00044398138065094835,0.00059198063845821423,-0.00014799925780726588,0,0.048664000000003572,0,0.00044398138065094835,1
757000,0.00044399069645815982,0.00059199128509502554,-0.0001480005886368657,0,0.048664000000004107,0,0.00044399069645815982,1
758000,0.0004440118210102174,0.00059201542744023467,-0.00014800360643001727,0,0.048664000000003954,0,0.0004440118210102174,1
759000,0.00044403187809963977,0.00059203834982814738,-0.00014800647172850761,0,0.048664000000003559,0,0.00044403187809963977,1
760000,0.00044403863985397466,0.00059204607754738609,-0.00014800743769341143,0,0.048664000000003878,0,0.00044403863985397466,1
761000,0.00044402798343669037,0.00059203389878477344,-0.00014800591534808307,0,0.048664000000004468,0,0.00044402798343669037,1
762000,0.00044400640625585138,0.00059200923914952939,-0.00014800283289367804,0,0.048664000000004315,0,0.00044400640625585138,1
763000,0.00044398706234768796,0.00059198713182591388,-0.00014800006947822593,0,0.04866400000000437,0,0.00044398706234768796,1
764000,0.00044398174205801684,0.00059198105149486273,-0.00014799930943684589,0,0.048664000000003926,0,0.00044398174205801684,1
765000,0.00044399368779857179,0.00059199470376978169,-0.0001480010159712099,0,0.048664000000004211,0,0.00044399368779857179,1
766000,0.00044401561910226741,0.00059201976811686227,-0.00014800414901459485,0,0.048664000000004252,0,0.00044401561910226741,1
767000,0.00044403416759734155,0.00059204096639694506,-0.00014800679879960354,0,0.048664000000004794,0,0.00044403416759734155,1
768000,0.00044403802481340042,0.00059204537464386988,-0.00014800734983046946,0,0.048664000000004697,0,0.00044403802481340042,1
769000,0.00044402483887642183,0.00059203030500160829,-0.00014800546612518645,0,0.048664000000004787,0,0.00044402483887642183,1
770000,0.00044400264934841345,0.00059200494554102843,-0.00014800229619261497,0,0.048664000000004454,0,0.00044400264934841345,1
771000,0.00044398498313827611,0.00059198475558658423,-0.00014799977244830809,0,0.048664000000004912,0,0.00044398498313827611,1
772000,0.00044398260772459666,0.00059198204082809352,-0.00014799943310349684,0,0.048664000000004884,0,0.00044398260772459666,1
773000,0.00044399697077780661,0.0005919984557460462,-0.00014800148496823959,0,0.048664000000005321,0,0.00044399697077780661,1
774000,0.00044401931840457715,0.00059202399589092605,-0.00014800467748634887,0,0.04866400000000555,0,0.00044401931840457715,1
775000,0.0004440360280217553,0.00059204309259627461,-0.00014800706457451931,0,0.048664000000004932,0,0.0004440360280217553,1
776000,0.00044403691200717592,0.00059204410286532705,-0.00014800719085815114,0,0.048664000000004842,0,0.00044403691200717592,1
777000,0.00044402143136345099,0.00059202641070106934,-0.00014800497933761838,0,0.04866400000000503,0,0.00044402143136345099,1
778000,0.00044399902455513932,0.00059200080292014343,-0.00014800177836500408,0,0.048664000000004558,0,0.00044399902455513932,1
779000,0.00044398335050368067,0.00059198288971847404,-0.0001479995392147934,0,0.04866400000000521,0,0.00044398335050368067,1
780000,0.00044398396224376265,0.00059198358884999776,-0.00014799962660623508,0,0.048664000000004815,0,0.00044398396224376265,1
781000,0.00044400048695743602,0.00059200247423705468,-0.00014800198727961869,0,0.048664000000004322,0,0.00044400048695743602,1
782000,0.00044402285305122441,0.00059202803548709805,-0.00014800518243587364,0,0.048664000000004475,0,0.00044402285305122441,1
783000,0.00044403742624132716,0.00059204469056150252,-0.00014800726432017539,0,0.048664000000004086,0,0.00044403742624132716,1
784000,0.00044403532125336523,0.00059204228486097474,-0.00014800696360760951,0,0.048664000000004051,0,0.00044403532125336523,1
785000,0.00044401782157238315,0.00059202228522556755,-0.00014800446365318437,0,0.048664000000003794,0,0.00044401782157238315,1
786000,0.00044399559640298741,0.00059199688503197253,-0.00014800128862898511,0,0.048664000000003767,0,0.00044399559640298741,1
787000,0.00044398219350174446,0.00059198156743055252,-0.00014799937392880806,0,0.048664000000003621,0,0.00044398219350174446,1
788000,0.00044398578150780241,0.00059198566800890303,-0.00014799988650110059,0,0.048664000000004044,0,0.00044398578150780241,1
789000,0.00044400417374544464,0.00059200668770906446,-0.00014800251396361982,0,0.04866400000000435,0,0.00044400417374544464,1
790000,0.00044402616010532221,0.00059203181497749686,-0.00014800565487217465,0,0.0486640000000041,0,0.00044402616010532221,1
791000,0.00044403833735533925,0.00059204573183465996,-0.0001480073944793207,0,0.048664000000003878,0,0.00044403833735533925,1
792000,0.00044403328088136215,0.000592039953007258,-0.00014800667212589588,0,0.048664000000003732,0,0.00044403328088136215,1
793000,0.00044401407377699824,0.00059201800203084103,-0.00014800392825384281,0,0.048664000000004044,0,0.00044401407377699824,1
794000,0.00044399242591592312,0.00059199326161818271,-0.00014800083570225958,0,0.048664000000004343,0,0.00044399242591592312,1
795000,0.0004439815327246118,0.00059198081225668323,-0.00014799927953207146,0,0.048664000000004586,0,0.0004439815327246118,1
796000,0.00044398803313696548,0.00059198824129937512,-0.00014800020816240967,0,0.048664000000004023,0,0.00044398803313696548,1
797000,0.00044400796551018358,0.0005920110211544812,-0.00014800305564429764,0,0.0486640000000041,0,0.00044400796551018358,1
798000,0.00044402918068002793,0.00059203526706287451,-0.00014800608638284657,0,0.048664000000004197,0,0.00044402918068002793,1
799000,0.00044403874513754287,0.00059204619787146578,-0.00014800745273392291,0,0.048664000000003392,0,0.00044403874513754287,1
800000,0.00044403082722694573,0.00059203714883078169,-0.00014800632160383596,0,0.048664000000003843,0,0.00044403082722694573,1
801000,0.00044401025470555645,0.00059201363737776565,-0.00014800338267220923,0,0.048664000000003781,0,0.00044401025470555645,1
802000,0.00044398956952920461,0.0005919899971762203,-0.00014800042764701569,0,0.048664000000003885,0,0.00044398956952920461,1
803000,0.00044398137993263199,0.00059198063763727965,-0.00014799925770464769,0,0.04866400000000403,0,0.00044398137993263199,1
804000,0.00044399067705518558,0.00059199126292019673,-0.00014800058586501117,0,0.048664000000004405,0,0.00044399067705518558,1
805000,0.00044401179474825968,0.00059201539742656647,-0.0001480036026783068,0,0.048664000000004606,0,0.00044401179474825968,1
806000,0.00044403186098790294,0.00059203833027187411,-0.00014800646928397114,0,0.048664000000004308,0,0.00044403186098790294,1
807000,0.00044403864232563252,0.00059204608037213575,-0.00014800743804650323,0,0.048664000000004509,0,0.00044403864232563252,1
808000,0.00044402800398467046,0.00059203392226817877,-0.00014800591828350831,0,0.048664000000004606,0,0.00044402800398467046,1
809000,0.00044400643235227382,0.00059200926897401266,-0.00014800283662173887,0,0.048664000000004169,0,0.00044400643235227382,1
810000,0.00044398707808507222,0.00059198714981149782,-0.00014800007172642557,0,0.048664000000003829,0,0.00044398707808507222,1
811000,0.00044398173784507495,0.0005919810466800717,-0.00014799930883499675,0,0.04866400000000401,0,0.00044398173784507495,1
812000,0.00044399366620279812,0.00059199467908889914,-0.00014800101288610102,0,0.048664000000003732,0,0.00044399366620279812,1
813000,0.0004440155932861533,0.0005920197386127319,-0.0001480041453265786,0,0.048664000000004246,0,0.0004440155932861533,1
814000,0.00044403415329888167,0.00059204095005584926,-0.00014800679675696762,0,0.048664000000004454,0,0.00044403415329888167,1
815000,0.00044403803075067816,0.00059204538142932999,-0.00014800735067865186,0,0.048664000000004731,0,0.00044403803075067816,1
816000,0.00044402486142925356,0.00059203033077627443,-0.00014800546934702087,0,0.048664000000004412,0,0.00044402486142925356,1
817000,0.00044400267476696093,0.0005920049745907972,-0.0001480022998238363,0,0.048664000000004391,0,0.00044400267476696093,1
818000,0.00044398499592880386,0.00059198477020433015,-0.00014799977427552629,0,0.048664000000004919,0,0.00044398499592880386,1
819000,0.0004439826000919773,0.00059198203210509908,-0.00014799943201312181,0,0.048664000000005113,0,0.0004439826000919773,1
820000,0.00044399694737359905,0.00059199842899838081,-0.00014800148162478176,0,0.048664000000005203,0,0.00044399694737359905,1
821000,0.00044401929349397774,0.00059202396742167012,-0.00014800467392769235,0,0.048664000000005384,0,0.00044401929349397774,1
822000,0.00044403601679121726,0.00059204307976137534,-0.00014800706297015808,0,0.048664000000004551,0,0.00044403601679121726,1
823000,0.00044403692130433586,0.00059204411349065428,-0.00014800719218631842,0,0.048664000000004391,0,0.00044403692130433586,1
824000,0.00044402145551948287,0.00059202643830796387,-0.00014800498278848097,0,0.048664000000004766,0,0.00044402145551948287,1
825000,0.0004439990488432942,0.00059200083067803501,-0.00014800178183474081,0,0.048664000000004468,0,0.0004439990488432942,1
826000,0.00044398336011971693,0.00059198290070823305,-0.00014799954058851609,0,0.048664000000004294,0,0.00044398336011971693,1
827000,0.00044398395132731327,0.0005919835763740568,-0.00014799962504674356,0,0.048664000000004454,0,0.00044398395132731327,1
828000,0.00044400046216140838,0.00059200244589873666,-0.00014800198373732831,0,0.048664000000004523,0,0.00044400046216140838,1
829000,0.00044402282948963765,0.00059202800855956991,-0.00014800517906993229,0,0.048664000000004579,0,0.00044402282948963765,1
830000,0.00044403741827869292,0.00059204468146134689,-0.00014800726318265394,0,0.048664000000004738,0,0.00044403741827869292,1
831000,0.00044403533374484769,0.00059204229913695098,-0.00014800696539210329,0,0.048664000000005106,0,0.00044403533374484769,1
832000,0.00044401784690157871,0.00059202231417321586,-0.00014800446727163716,0,0.048664000000004863,0,0.00044401784690157871,1
833000,0.00044399561912841464,0.00059199691100388628,-0.00014800129187547164,0,0.048664000000004634,0,0.00044399561912841464,1
834000,0.00044398219977211367,0.00059198157459668392,-0.00014799937482457026,0,0.048664000000005002,0,0.00044398219977211367,1
835000,0.00044398576750178298,0.00059198565200201884,-0.00014799988450023586,0,0.048664000000005425,0,0.00044398576750178298,1
836000,0.0004440041479989896,0.00059200665828454228,-0.00014800251028555266,0,0.048664000000004967,0,0.0004440041479989896,1
837000,0.00044402613831226261,0.00059203179007113885,-0.00014800565175887624,0,0.048664000000005286,0,0.00044402613831226261,1
838000,0.00044403833280240256,0.00059204572663129878,-0.00014800739382889622,0,0.048664000000005293,0,0.00044403833280240256,1
839000,0.00044403329634468299,0.00059203997067962006,-0.00014800667433493704,0,0.048664000000005092,0,0.00044403329634468299,1
840000,0.00044401409982831506,0.0005920180318037707,-0.00014800393197545567,0,0.048664000000005141,0,0.00044401409982831506,1
841000,0.00044399244667407299,0.00059199328534177914,-0.00014800083866770616,0,0.048664000000005335,0,0.00044399244667407299,1
842000,0.00044398153553772661,0.00059198081547166695,-0.00014799927993394034,0,0.048664000000005911,0,0.00044398153553772661,1
843000,0.00044398801629065798,0.00059198822204644297,-0.00014800020575578499,0,0.048664000000006702,0,0.00044398801629065798,1
844000,0.00044400793927164999,0.00059201099116757653,-0.00014800305189592656,0,0.048664000000006737,0,0.00044400793927164999,1
845000,0.0004440291610436022,0.00059203524462123438,-0.00014800608357763218,0,0.048664000000007264,0,0.0004440291610436022,1
846000,0.00044403874407537771,0.00059204619665755031,-0.00014800745258217258,0,0.048664000000006979,0,0.00044403874407537771,1
847000,0.00044403084538670112,0.00059203716958477776,-0.00014800632419807665,0,0.048664000000006757,0,0.00044403084538670112,1
848000,0.00044401028101509303,0.00059201366744579575,-0.00014800338643070269,0,0.04866400000000716,0,0.00044401028101509303,1
849000,0.00044398958795048419,0.00059199001822909762,-0.00014800043027861346,0,0.048664000000007798,0,0.00044398958795048419,1
850000,0.00044398137923840205,0.00059198063684386278,-0.0001479992576054607,0,0.048664000000007285,0,0.00044398137923840205,1
851000,0.00044399065766845692,0.00059199124076392512,-0.00014800058309546822,0,0.048664000000007361,0,0.00044399065766845692,1
852000,0.00044401176848478624,0.00059201536741115878,-0.00014800359892637257,0,0.048664000000007326,0,0.00044401176848478624,1
853000,0.00044403184385775267,0.00059203831069454846,-0.00014800646683679579,0,0.048664000000007486,0,0.00044403184385775267,1
854000,0.00044403864477319898,0.00059204608316934363,-0.00014800743839614466,0,0.048664000000007659,0,0.00044403864477319898,1
855000,0.0004440280245175313,0.00059203394573429519,-0.00014800592121676391,0,0.048664000000007562,0,0.0004440280245175313,1
856000,0.00044400645845176705,0.00059200929880199259,-0.00014800284035022552,0,0.04866400000000775,0,0.00044400645845176705,1
857000,0.00044398709384175941,0.00059198716781912544,-0.00014800007397736603,0,0.048664000000008097,0,0.00044398709384175941,1
858000,0.0004439817336559128,0.00059198104189244383,-0.00014799930823653103,0,0.048664000000008034,0,0.0004439817336559128,1
859000,0.00044399364462071765,0.00059199465442364861,-0.00014800100980293096,0,0.048664000000008256,0,0.00044399364462071765,1
860000,0.00044401556746533522,0.00059201970910321229,-0.00014800414163787707,0,0.048664000000008041,0,0.00044401556746533522,1
861000,0.0004440341389800852,0.00059204093369149722,-0.00014800679471141205,0,0.048664000000008242,0,0.0004440341389800852,1
862000,0.00044403803666436074,0.00059204538818781211,-0.00014800735152345137,0,0.048664000000008263,0,0.00044403803666436074,1
863000,0.00044402488396949721,0.00059203035653653978,-0.00014800547256704256,0,0.04866400000000818,0,0.00044402488396949721,1
864000,0.00044400270019163946,0.00059200500364755984,-0.00014800230345592036,0,0.048664000000008083,0,0.00044400270019163946,1
865000,0.00044398500874037782,0.00059198478484611978,-0.00014799977610574199,0,0.048664000000007548,0,0.00044398500874037782,1
866000,0.00044398259248243463,0.00059198202340847092,-0.00014799943092603631,0,0.048664000000007403,0,0.00044398259248243463,1
867000,0.00044399692398040916,0.00059199840226329987,-0.0001480014782828907,0,0.048664000000007153,0,0.00044399692398040916,1
868000,0.00044401926857554801,0.00059202393894345815,-0.00014800467036791016,0,0.048664000000007271,0,0.00044401926857554801,1
869000,0.00044403600553879363,0.00059204306690145529,-0.00014800706136266166,0,0.048664000000006646,0,0.00044403600553879363,1
870000,0.00044403693057887657,0.00059204412409012176,-0.00014800719351124519,0,0.048664000000006591,0,0.00044403693057887657,1
871000,0.00044402147966590201,0.00059202646590386405,-0.00014800498623796204,0,0.048664000000006896,0,0.00044402147966590201,1
872000,0.0004439990731406758,0.00059200085844646243,-0.00014800178530578663,0,0.048664000000006966,0,0.0004439990731406758,1
873000,0.00044398336975817645,0.00059198291172360862,-0.0001479995419654322,0,0.048664000000006209,0,0.00044398336975817645,1
874000,0.00044398394043276964,0.00059198356392314139,-0.00014799962349037178,0,0.048664000000006868,0,0.00044398394043276964,1
875000,0.0004440004373734163,0.00059200241756959522,-0.00014800198019617895,0,0.048664000000006716,0,0.0004440004373734163,1
876000,0.00044402280591728102,0.00059202798161972687,-0.00014800517570244583,0,0.048664000000006584,0,0.00044402280591728102,1
877000,0.00044403741029306395,0.00059204467233490705,-0.00014800726204184311,0,0.048664000000006674,0,0.00044403741029306395,1
878000,0.0004440353462150542,0.00059204231338861072,-0.00014800696717355653,0,0.048664000000006508,0,0.0004440353462150542,1
879000,0.00044401787222412279,0.00059202234311326013,-0.00014800447088913736,0,0.048664000000006619,0,0.00044401787222412279,1
880000,0.0004439956418659028,0.00059199693698958056,-0.00014800129512367776,0,0.048664000000006508,0,0.0004439956418659028,1
881000,0.00044398220606588164,0.00059198158178955544,-0.0001479993757236738,0,0.048664000000006778,0,0.00044398220606588164,1
882000,0.00044398575351617734,0.00059198563601846419,-0.00014799988250228685,0,0.048664000000006959,0,0.00044398575351617734,1
883000,0.0004440041222575305,0.00059200662886572377,-0.0001480025066081933,0,0.048664000000007299,0,0.0004440041222575305,1
884000,0.00044402611650571825,0.00059203176514936598,-0.00014800564864364774,0,0.048664000000007576,0,0.00044402611650571825,1
885000,0.00044403832822573089,0.0005920457214008075,-0.00014800739317507664,0,0.048664000000007979,0,0.00044403832822573089,1
886000,0.00044403331178843842,0.000592039988329616,-0.00014800667654117755,0,0.048664000000008048,0,0.00044403331178843842,1
887000,0.0004440141258761345,0.00059201806157269706,-0.00014800393569656256,0,0.048664000000008076,0,0.0004440141258761345,1
888000,0.00044399246744690973,0.00059199330908215307,-0.00014800084163524334,0,0.048664000000008492,0,0.00044399246744690973,1
889000,0.00044398153837478402,0.00059198081871400824,-0.00014799928033922422,0,0.048664000000008811,0,0.00044398153837478402,1
890000,0.00044398799946294607,0.00059198820281476465,-0.00014800020335181861,0,0.048664000000008867,0,0.00044398799946294607,1
891000,0.00044400791303498438,0.00059201096118280774,-0.00014800304814782336,0,0.048664000000009075,0,0.00044400791303498438,1
892000,0.00044402914139118725,0.00059203522216132566,-0.00014800608077013841,0,0.048664000000008971,0,0.00044402914139118725,1
893000,0.00044403874298916944,0.00059204619541616192,-0.00014800745242699248,0,0.048664000000009124,0,0.00044403874298916944,1
894000,0.00044403086352897661,0.00059203719031879687,-0.00014800632678982023,0,0.048664000000009658,0,0.00044403086352897661,1
895000,0.00044401030732443727,0.0005920136975136103,-0.000148003390189173,0,0.048664000000009297,0,0.00044401030732443727,1
896000,0.00044398960638899159,0.00059199003930167165,-0.00014800043291268006,0,0.048664000000009491,0,0.00044398960638899159,1
897000,0.00044398137856827675,0.00059198063607799787,-0.0001479992575097211,0,0.048664000000009408,0,0.00044398137856827675,1
898000,0.00044399063829810568,0.00059199121862637345,-0.00014800058032826777,0,0.048664000000009505,0,0.00044399063829810568,1
899000,0.00044401174221994416,0.00059201533739418582,-0.00014800359517424166,0,0.04866400000001038,0,0.00044401174221994416,1
900000,0.00044403182670936368,0.00059203829109637836,-0.00014800646438701469,0,0.048664000000010713,0,0.00044403182670936368,1
901000,0.00044403864719678239,0.00059204608593914462,-0.00014800743874236226,0,0.048664000000010123,0,0.00044403864719678239,1
902000,0.00044402804503525023,0.00059203396918310872,-0.00014800592414785852,0,0.048664000000009894,0,0.00044402804503525023,1
903000,0.00044400648455418886,0.00059200932863332563,-0.00014800284407913677,0,0.048664000000009512,0,0.00044400648455418886,1
904000,0.0004439871096176798,0.00059198718584874469,-0.00014800007623106486,0,0.048664000000009283,0,0.0004439871096176798,1
905000,0.00044398172949052862,0.00059198103713200114,-0.00014799930764147249,0,0.048664000000009089,0,0.00044398172949052862,1
906000,0.00044399362305254711,0.00059199462977430962,-0.0001480010067217625,0,0.048664000000008617,0,0.00044399362305254711,1
907000,0.00044401554164000652,0.00059201967958854933,-0.00014800413794854281,0,0.048664000000008492,0,0.00044401554164000652,1
908000,0.00044403412464121168,0.00059204091730421246,-0.00014800679266300075,0,0.048664000000008478,0,0.00044403412464121168,1
909000,0.00044403804255465712,0.00059204539491957895,-0.00014800735236492182,0,0.048664000000008402,0,0.00044403804255465712,1
910000,0.00044402490649741717,0.00059203038228273271,-0.00014800547578531554,0,0.048664000000008562,0,0.00044402490649741717,1
911000,0.00044400272562253795,0.00059200503271144254,-0.0001480023070889046,0,0.048664000000008464,0,0.00044400272562253795,1
912000,0.00044398502157295342,0.00059198479951191798,-0.00014799977793896455,0,0.048664000000008277,0,0.00044398502157295342,1
913000,0.00044398258489592639,0.00059198201473817369,-0.00014799942984224733,0,0.048664000000008013,0,0.00044398258489592639,1
914000,0.00044399690059827716,0.00059199837554085887,-0.00014800147494258169,0,0.048664000000008437,0,0.00044399690059827716,1
915000,0.0004440192436495074,0.00059202391045655174,-0.00014800466680704437,0,0.04866400000000809,0,0.0004440192436495074,1
916000,0.00044403599426467858,0.00059204305401674767,-0.00014800705975206912,0,0.048664000000008013,0,0.00044403599426467858,1
917000,0.00044403693983087553,0.00059204413466382893,-0.00014800719483295337,0,0.048664000000008298,0,0.00044403693983087553,1
918000,0.00044402150380273473,0.00059202649348881204,-0.00014800498968607734,0,0.048664000000007944,0,0.00044402150380273473,1
919000,0.00044399909744722476,0.00059200088622537181,-0.00014800178877814705,0,0.048664000000008027,0,0.00044399909744722476,1
920000,0.00044398337941901434,0.0005919829227645615,-0.00014799954334554719,0,0.048664000000007562,0,0.00044398337941901434,1
921000,0.00044398392956023131,0.00059198355149738294,-0.00014799962193715166,0,0.048664000000006973,0,0.00044398392956023131,1
922000,0.00044400041259360637,0.00059200238924981001,-0.00014800197665620365,0,0.048664000000007424,0,0.00044400041259360637,1
923000,0.00044402278233429893,0.0005920279546677451,-0.00014800517233344617,0,0.048664000000007215,0,0.00044402278233429893,1
924000,0.00044403740228447807,0.00059204466318223462,-0.00014800726089775652,0,0.048664000000007493,0,0.00044403740228447807,1
925000,0.00044403535866402585,0.00059204232761600451,-0.00014800696895197869,0,0.048664000000007188,0,0.00044403535866402585,1
926000,0.00044401789754016459,0.0005920223720458788,-0.00014800447450571418,0,0.048664000000006799,0,0.00044401789754016459,1
927000,0.00044399566461553376,0.00059199696298915729,-0.00014800129837362353,0,0.048664000000006952,0,0.00044399566461553376,1
928000,0.00044398221238308572,0.00059198158900921596,-0.00014799937662613027,0,0.048664000000007139,0,0.00044398221238308572,1
929000,0.00044398573955105401,0.0005919856200583205,-0.00014799988050726652,0,0.048664000000007736,0,0.00044398573955105401,1
930000,0.00044400409652112048,0.00059200659945268439,-0.0001480025029315639,0,0.048664000000007111,0,0.00044400409652112048,1
931000,0.00044402609468575282,0.00059203174021226499,-0.00014800564552651217,0,0.048664000000006889,0,0.00044402609468575282,1
932000,0.00044403832362532945,0.00059204571614321052,-0.00014800739251788109,0,0.048664000000006646,0,0.00044403832362532945,1
933000,0.00044403332721270326,0.0005920400059573511,-0.00014800667874464787,0,0.04866400000000691,0,0.00044403332721270326,1
934000,0.00044401415192064746,0.00059201809133786005,-0.00014800393941721263,0,0.048664000000006535,0,0.00044401415192064746,1
935000,0.00044399248823470179,0.00059199333283963538,-0.00014800084460493359,0,0.048664000000006855,0,0.00044399248823470179,1
936000,0.00044398154123595707,0.00059198082198392925,-0.00014799928074797216,0,0.048664000000006237,0,0.00044398154123595707,1
937000,0.00044398798265382947,0.00059198818360435665,-0.00014800020095052721,0,0.048664000000005717,0,0.00044398798265382947,1
938000,0.00044400788680011599,0.00059201093120011107,-0.00014800304439999509,0,0.048664000000006168,0,0.00044400788680011599,1
939000,0.00044402912172275587,0.00059203519968312971,-0.00014800607796037387,0,0.048664000000005703,0,0.00044402912172275587,1
940000,0.00044403874187892657,0.00059204619414732445,-0.00014800745226839788,0,0.048664000000005807,0,0.00044403874187892657,1
941000,0.00044403088165394656,0.00059203721103306137,-0.00014800632937911484,0,0.048664000000005869,0,0.00044403088165394656,1
942000,0.00044401033363378976,0.00059201372758145403,-0.00014800339394766427,0,0.048664000000005737,0,0.00044401033363378976,1
943000,0.00044398962484489392,0.0005919900603941449,-0.00014800043554925095,0,0.048664000000005633,0,0.00044398962484489392,1
944000,0.00044398137792240006,0.00059198063533986436,-0.00014799925741746427,0,0.048664000000006168,0,0.00044398137792240006,1
945000,0.00044399061894407385,0.00059199119650749218,-0.00014800057756341836,0,0.048664000000005966,0,0.00044399061894407385,1
946000,0.00044401171595366692,0.00059201530737559654,-0.00014800359142192964,0,0.048664000000006556,0,0.00044401171595366692,1
947000,0.00044403180954271228,0.00059203827147736264,-0.00014800646193465037,0,0.048664000000006563,0,0.00044403180954271228,1
948000,0.00044403864959646842,0.00059204608868165505,-0.00014800743908518663,0,0.048664000000006653,0,0.00044403864959646842,1
949000,0.00044402806553813483,0.00059203399261498961,-0.00014800592707685478,0,0.048664000000006216,0,0.00044402806553813483,1
950000,0.00044400651065991967,0.00059200935846845685,-0.00014800284780853721,0,0.048664000000006535,0,0.00044400651065991967,1
951000,0.00044398712541312023,0.00059198720390068733,-0.00014800007848756711,0,0.048664000000006188,0,0.00044398712541312023,1
952000,0.00044398172534905944,0.00059198103239890484,-0.00014799930704984543,0,0.048664000000005814,0,0.00044398172534905944,1
953000,0.00044399360149811353,0.00059199460514068115,-0.00014800100364256759,0,0.048664000000005772,0,0.00044399360149811353,1
954000,0.00044401551580995814,0.00059201965006850299,-0.00014800413425854485,0,0.048664000000005925,0,0.00044401551580995814,1
955000,0.00044403411028203226,0.00059204090089373022,-0.00014800679061169797,0,0.048664000000006022,0,0.00044403411028203226,1
956000,0.00044403804842149761,0.00059204540162454658,-0.00014800735320304894,0,0.048664000000006376,0,0.00044403804842149761,1
957000,0.00044402492901302564,0.00059203040801486442,-0.00014800547900183878,0,0.048664000000006327,0,0.00044402492901302564,1
958000,0.00044400275105985372,0.00059200506178266833,-0.00014800231072281464,0,0.048664000000006216,0,0.00044400275105985372,1
959000,0.00044398503442678492,0.00059198481420201748,-0.00014799977977523256,0,0.048664000000006445,0,0.00044398503442678492,1
960000,0.00044398257733256976,0.00059198200609434444,-0.0001479994287617747,0,0.048664000000006036,0,0.00044398257733256976,1
961000,0.0004439968772271131,0.00059199834883096535,-0.00014800147160385222,0,0.048664000000006064,0,0.0004439968772271131,1
962000,0.00044401921871559775,0.00059202388196066271,-0.00014800466324506494,0,0.04866400000000589,0,0.00044401921871559775,1
963000,0.00044403598296874466,0.00059204304110711684,-0.00014800705813837215,0,0.048664000000005737,0,0.00044403598296874466,1
964000,0.00044403694906046951,0.0005920441452119461,-0.00014800719615147657,0,0.048664000000005488,0,0.00044403694906046951,1
965000,0.00044402152793019268,0.00059202652106305842,-0.00014800499313286571,0,0.048664000000005446,0,0.00044402152793019268,1
966000,0.00044399912176328391,0.00059200091401516474,-0.00014800179225188083,0,0.048664000000004842,0,0.00044399912176328391,1
967000,0.00044398338910240325,0.00059198293383130028,-0.00014799954472889703,0,0.048664000000005092,0,0.00044398338910240325,1
968000,0.00044398391870956633,0.00059198353909662989,-0.00014799962038706358,0,0.048664000000004974,0,0.00044398391870956633,1
969000,0.0004440003878217927,0.00059200236093917547,-0.00014800197311738277,0,0.048664000000004669,0,0.0004440003878217927,1
970000,0.00044402275874058026,0.00059202792770350512,-0.00014800516896292486,0,0.04866400000000437,0,0.00044402275874058026,1
971000,0.00044403739425298946,0.00059204465400340331,-0.00014800725975041385,0,0.048664000000003794,0,0.00044403739425298946,1
972000,0.00044403537109193275,0.00059204234181934007,-0.00014800697072740729,0,0.048664000000003357,0,0.00044403537109193275,1
973000,0.00044401792284983616,0.00059202240097123125,-0.00014800447812139507,0,0.048664000000002892,0,0.00044401792284983616,1
974000,0.00044399568737747079,0.00059199698900281401,-0.00014800130162534325,0,0.048664000000002788,0,0.00044399568737747079,1
975000,0.00044398221872375514,0.0005919815962557093,-0.00014799937753195416,0,0.048664000000003121,0,0.00044398221872375514,1
976000,0.00044398572560633677,0.00059198560412151817,-0.00014799987851518137,0,0.048664000000002754,0,0.00044398572560633677,1
977000,0.00044400407078966364,0.00059200657004532004,-0.00014800249925565637,0,0.04866400000000283,0,0.00044400407078966364,1
978000,0.00044402607285229671,0.000592031715259759,-0.00014800564240746226,0,0.048664000000002504,0,0.00044402607285229671,1
979000,0.00044403831900126508,0.00059204571085857938,-0.00014800739185731428,0,0.04866400000000267,0,0.00044403831900126508,1
980000,0.00044403334261760679,0.00059204002356297108,-0.00014800668094536428,0,0.04866400000000233,0,0.00044403334261760679,1
981000,0.0004440141779619006,0.00059201812109930564,-0.00014800394313740507,0,0.048664000000002663,0,0.0004440141779619006,1
982000,0.00044399250903733386,0.00059199335661408654,-0.00014800084757675267,0,0.048664000000002677,0,0.00044399250903733386,1
983000,0.00044398154412102014,0.00059198082528115492,-0.00014799928116013478,0,0.048664000000003149,0,0.00044398154412102014,1
984000,0.00044398796586315819,0.00059198816441502836,-0.00014800019855187017,0,0.048664000000002747,0,0.00044398796586315819,1
985000,0.0004440078605670587,0.00059201090121948719,-0.00014800304065242848,0,0.048664000000002434,0,0.0004440078605670587,1
986000,0.0004440291020383362,0.00059203517718666256,-0.0001480060751483264,0,0.048664000000002101,0,0.0004440291020383362,1
987000,0.00044403874074467817,0.00059204619285105266,-0.00014800745210637452,0,0.048664000000002317,0,0.00044403874074467817,1
988000,0.00044403089976150168,0.00059203723172742166,-0.00014800633196591998,0,0.048664000000002539,0,0.00044403089976150168,1
989000,0.0004440103599429254,0.00059201375764904914,-0.00014800339770612374,0,0.048664000000002428,0,0.0004440103599429254,1
990000,0.0004439896433178984,0.0005919900815061609,-0.0001480004381882625,0,0.048664000000002497,0,0.0004439896433178984,1
991000,0.00044398137730051817,0.000591980634629154,-0.00014799925732863586,0,0.048664000000002747,0,0.00044398137730051817,1
992000,0.00044399059960636343,0.00059199117440726363,-0.0001480005748009002,0,0.048664000000002539,0,0.00044399059960636343,1
993000,0.00044401168968606419,0.0005920152773554936,-0.00014800358766942941,0,0.0486640000000024,0,0.00044401168968606419,1
994000,0.00044403179235790835,0.00059203825183760299,-0.00014800645947969467,0,0.048664000000001879,0,0.00044403179235790835,1
995000,0.00044403865197223955,0.0005920460913968373,-0.00014800743942459775,0,0.048664000000002268,0,0.00044403865197223955,1
996000,0.00044402808602589372,0.00059203401602958604,-0.00014800593000369235,0,0.048664000000001942,0,0.00044402808602589372,1
997000,0.00044400653676856887,0.00059200938830692763,-0.00014800285153835876,0,0.048664000000002365,0,0.00044400653676856887,1
998000,0.00044398714122772799,0.00059198722197453747,-0.00014800008074680949,0,0.048664000000002525,0,0.00044398714122772799,1
999000,0.00044398172123133521,0.00059198102769294711,-0.0001479993064616119,0,0.048664000000002136,0,0.00044398172123133521,1
