time,id,x,y,z,vx,vy,vz,mass
0,0,-0.50249873582345272,-0.0001217144227886057,0,2.9602469323526406e-06,-0.012171441918726777,0,1
0,1,0.49750123457529766,0.00012160557721139431,0,-2.9600028959802137e-06,0.012160557361007482,0,1
0,2,4.99750124815513,0.00010884557721139431,0,-2.4403637242705562e-07,0.010884557719295616,0,0.001
10,0,-0.48774107368773673,-0.12063565486954744,0,0.0029339952657388216,-0.011812368761415932,0,1
10,1,0.48274479458641328,0.12052670663430005,0,-0.002933751174689038,0.011801486062682482,0,1
10,2,4.9962791013242098,0.10894823524703387,0,-0.00024409104978108905,0.010882698733402137,0,0.001
20,0,-0.44439615289472689,-0.23404597197418983,0,0.0056921755174534402,-0.010757735513518907,0,1
20,1,0.43940352980727054,0.2338282219395236,0,-0.0056916886705685168,0.010746858517514089,0,1
20,2,4.9926230874566118,0.21775003466538301,0,-0.00048684688492928131,0.010876996004739242,0,0.001
30,0,-0.37501758775590727,-0.3336748123890757,0,0.0081150117454559662,-0.0090696885761410474,0,1
30,1,0.37003103895013878,0.33334833825864973,0,-0.0081142841234471495,0.009058821495656965,0,1
30,2,4.9865488057687042,0.32647413042387918,0,-0.00072762200882976616,0.010867080484027552,0,0.001
40,0,-0.28369261852112598,-0.41365639730382464,0,0.010059783221782007,-0.006847693020646542,0,1
40,1,0.2787145394176741,0.41322132144858426,0,-0.010058817347472134,0.0068368405942326217,0,1
40,2,4.9780791034516669,0.43507585523798209,0,-0.00096587430989082158,0.010852426413844811,0,0.001
50,0,-0.17580119202839606,-0.46928257602661116,0,0.011411945741153102,-0.0042226646644278653,0,1
50,1,0.17083395181677002,0.46873907110425012,0,-0.011410744268910561,0.0042118322114936459,0,1
50,2,4.9672402116257874,0.54350492235800907,0,-0.0012014722425074448,0.01083245293416887,0,0.001
60,0,-0.057698910665554957,-0.49728010423864011,0,0.012091874947158524,-0.0013492508544715109,0,1
60,1,0.052744852985853137,0.49662839886474075,0,-0.012090440272967054,0.0013384442329348852,0,1
60,2,4.9540576797020606,0.65170537389594529,0,-0.0014346741913820937,0.01080662153659271,0,0.001
70,0,0.063657432888147292,-0.49600334003371421,0,0.012059549558250098,0.0016032829377776623,0,1
70,1,-0.068595985741612991,0.4952437236217252,0,-0.012057883513591253,-0.0016140574514696944,0,1
70,2,4.9385528534665859,0.7596164119839276,0,-0.0016660446587738373,0.010774513692002581,0,0.001
80,0,0.18111965904988339,-0.46553104989975597,0,0.011316901343717821,0.0044610230293886223,0,1
80,1,-0.18604039944917816,0.46466387601092041,0,-0.01131500501088285,-0.0044717589145614588,0,1
80,2,4.9207403992960153,0.86717388883018942,0,-0.0018963328349426406,0.010735885172820508,0,0.001
90,0,0.28776921242313225,-0.40766166504442758,0,0.0099076959794599535,0.0070556475245612225,0,1
90,1,-0.29266983956679266,0.40668735281057722,0,-0.0099055696457871593,-0.0070663382242220395,0,1
90,2,4.9006271436618167,0.9743122338449105,0,-0.002126333672772963,0.010690699660831469,0,0.001
100,0,0.37732461070766588,-0.32580729496360766,0,0.0079149532738788317,0.0092343352873774757,0,1
100,1,-0.38220282303956687,0.32472632834312898,0,-0.0079125965290305616,-0.0092449744302590849,0,1
100,2,4.8782123319020192,1.0809666204737096,0,-0.002356744848235193,0.010639142881613241,0,0.001
110,0,0.44451136769026794,-0.22479274567446073,0,0.0054560586851457923,0.010868762595422597,0,1
110,1,-0.44936485697998491,0.2236056705126957,0,-0.0054534706536562552,-0.010879344208454683,0,1
110,2,4.8534892897181585,1.1870751617602657,0,-0.0025880314894948936,0.010581613032112906,0,0.001
120,0,0.48537262959997463,-0.11057136422752345,0,0.0026758527181318585,0.011862659290960028,0,1
120,1,-0.49019907793101597,0.10927878337065203,0,-0.0026730324024623257,-0.011873177970035736,0,1
120,2,4.8264483310426307,1.2925808568672577,0,-0.0028203156695036534,0.010518679075683596,0,0.001
130,0,0.49750223884249151,0.010125581176051281,0,-0.00026189672551339851,0.012157479833536773,0,1
130,1,-0.50229931938995154,-0.011523014107713751,0,0.00026495004063327698,-0.012167930834510159,0,1
130,2,4.7970805474619507,1.3974329316584195,0,-0.0030533151198630305,0.01045100097340244,0,0.001
140,0,0.48018648928756907,0.13018535915699425,0,-0.0031841384283017283,0.011735854364462537,0,1
140,1,-0.48495187114223615,-0.13168694636526504,0,0.0031874247850900957,-0.011746233582044576,0,1
140,2,4.7653818546687372,1.5015872082669077,0,-0.0032863567883585718,0.010379217582054975,0,0.001
150,0,0.43444620343465901,0.24253273178926818,0,-0.0059187309682569968,0.010622614857698129,0,1
150,1,-0.43917755990265045,-0.24413773706870376,0,0.0059222494457884878,-0.010632918682473494,0,1
150,2,4.7313564679929971,1.6050052794316629,0,-0.0035184775314437257,0.010303824775420616,0,0.001
160,0,0.36297663267623698,0.34054672841727007,0,-0.008304583903399736,0.0088833343564781002,0,1
160,1,-0.36767165166164023,-0.34225438097266264,0,0.0083083325001621165,-0.0088935594341666303,0,1
160,2,4.6950189854048734,1.7076525553883859,0,-0.0037485967623151228,0.010225077688610517,0,0.001
170,0,0.26998871039538563,0.41845067212896098,0,-0.010201148356079322,0.0066204646695284322,0,1
170,1,-0.27464510495298217,-0.42026016771261432,0,0.010205124073499876,-0.0066306076162138874,0,1
170,2,4.656394557598369,1.8094955836494586,0,-0.003975717420478737,0.010142946685513873,0,0.001
180,0,0.16096101196937004,0.47165246902043689,0,-0.011496696703346111,0.0039673005187766067,0,1
180,1,-0.16557652910712983,-0.47356296826935984,0,0.011500895803665336,-0.0039773576558218794,0,1
180,2,4.6155171377630513,1.9104992489203541,0,-0.0041991003191269782,0.010057137045342378,0,0.001
190,0,0.042317044516967224,0.49701510935371923,0,-0.012114903209815207,0.001080126923158132,0,1
190,1,-0.046889470822051207,-0.49902573379682386,0,0.012119321580100241,-0.001090094082872159,0,1
190,2,4.5724263050888219,2.0106244431020963,0,-0.0044183702848621604,0.0099671597140799269,0,0.001
200,0,-0.078953113151299298,0.49304145347201339,0,-0.012019338573688516,-0.0018709864326567779,0,1
200,1,0.074425949715027057,-0.49515128006788811,0,0.012023972114283375,0.0018611140043247097,0,1
200,2,4.5271634362788218,2.1098265958736047,0,-0.0046335405947193903,0.0098724283321167654,0,0.001
210,0,-0.1957045318716191,0.45996243275351639,0,-0.011215614929583367,-0.0047122012009488418,0,1
210,1,0.19122476387174242,-0.46217048796218729,0,0.01122045989690491,0.004702428841120646,0,1
210,2,4.4797679998851523,2.2080552086689953,0,-0.0048449673213741109,0.0097723598282464658,0,0.001
220,0,-0.3010582744717164,0.39972348359248061,0,-0.0097510562008370372,-0.0072761474633978914,0,1
220,1,0.29662799990839395,-0.40202873794662197,0,0.0097561094572406366,0.0072664809977824015,0,1
220,2,4.4302745633321168,2.3052543541404571,0,-0.0050532564034293488,0.0096664656155945657,0,0.001
230,0,-0.38880659058643235,0.31587001537443887,0,-0.0077119136779476736,-0.0094117804157227269,0,1
230,1,0.3844278797114587,-0.31827137939406169,0,0.007717172822479708,0.0094022259868969983,0,1
230,2,4.3787108749853365,2.4013640196243835,0,-0.0052591445318682086,0.0095544288258843577,0,0.001
240,0,-0.45377861600499741,0.2133386444616433,0,-0.0052182901357436477,-0.010993277651032165,0,1
240,1,0.44945351879875911,-0.21583496660523779,0,0.0052237535038607216,0.010983841485975183,0,1
240,2,4.3250972062521615,2.4963221435988823,0,-0.0054633681168969944,0.0094361650572052612,0,0.001
250,0,-0.49214504264746972,0.098166463861541861,0,-0.0024170697693462633,-0.0119274538478388,0,1
250,1,0.48787559562607641,-0.10075653101402639,0,0.0024227362997924708,0.011918141987758962,0,1
250,2,4.2694470214092197,2.5900671524913403,0,-0.0056665304460298506,0.0093118600799933157,0,0.001
260,0,-0.5016438005031596,-0.022864556544251759,0,0.00052673167696138442,-0.012159255723205918,0,1
260,1,0.49743203156766025,0.020182015835004907,0,-0.0005208626974263405,0.012150073751155394,0,1
260,2,4.2117689355180117,2.6825407092552171,0,-0.0058689795348623071,0.0091819720506897753,0,0.001
270,0,-0.48171342661663485,-0.14262711254344976,0,0.003439688633845436,-0.011675011857341185,0,1
270,1,0.47756135685637119,0.13985342229650335,0,-0.0034336179171267391,0.01166596467299901,0,1
270,2,4.1520697602846521,2.7736902469562414,0,-0.0060707167185160239,0.0090471843422877968,0,0.001
280,0,-0.43352622431170851,-0.25406851397451186,0,0.0061501868728570759,-0.010503243443013831,0,1
280,1,0.42943586610969714,0.25120504321934894,0,-0.0061439155108162866,0.010494335139274273,0,1
280,2,4.0903582020346079,2.8634707551741094,0,-0.0062713620406145039,0.0089083037397767115,0,0.001
290,0,-0.35991922447872604,-0.35062627482198577,0,0.0084985406335612579,-0.008712985865172853,0,1
290,1,0.35589257595176899,0.34767442949915384,0,-0.0084920704358479263,0.0087042197474894809,0,1
290,2,4.0266485269820249,2.9518453228449806,0,-0.0064701977131731599,0.0087661176835809942,0,0.001
300,0,-0.26522700175755642,-0.42661481961371539,0,0.010346407080008791,-0.0064097188671701213,0,1
300,1,0.26126603837197682,0.42357603542882039,0,-0.010339740789369794,0.00640109762243498,0,1
300,2,3.9609633856075459,3.0387841849103903,0,-0.0066662906389141413,0.0086212447353429447,0,0.001
310,0,-0.15502620889997609,-0.47756048002223245,0,0.011584940570947994,-0.003729145777507408,0,1
310,1,0.15113287377921422,0.4744362176043449,0,-0.011578081904646714,0.0037206717569477506,0,1
310,2,3.8933351207901912,3.1242624179053715,0,-0.0068586663012862106,0.0084740205598251191,0,0.001
320,0,-0.035806918589103683,-0.50046501790158926,0,0.012141204416209601,-0.00082919066653997615,0,1
320,1,0.031983113312435196,0.49725676109240452,0,-0.0121341579300828,0.00082086621670853942,0,1
320,2,3.82380527669718,3.2082568092034891,0,-0.0070464861267988217,0.0083244498316054905,0,0.001
330,0,0.085409815325751717,-0.4939821503343057,0,0.011982462269364422,0.0021193119570635361,0,1
330,1,-0.089162237842240408,0.49069140772591291,0,-0.011975233087393195,-0.0021274841865492251,0,1
330,2,3.7524225165176328,3.2907426084129163,0,-0.0072291819711934602,0.0081722294858480819,0,0.001
340,0,0.20148560556720235,-0.45849670738853221,0,0.011118098138441376,0.0049426837990879571,0,1
340,1,-0.20516484509379462,0.45512501658466098,0,-0.011110691616065982,-0.0049507006255927301,0,1
340,2,3.6792395266219651,3.3716908038924789,0,-0.00740652237533452,0.0080168265049541613,0,0.001
350,0,0.30558520276522977,-0.39610180839966846,0,0.0095990548973109088,0.0074746316819808353,0,1
350,1,-0.30918951237253073,0.39265074205556472,0,-0.0095914762865269686,-0.0074824892669547415,0,1
350,2,3.604309607331162,3.4510663441268861,0,-0.0075786107839017659,0.0078575849741053215,0,0.001
360,0,0.39157903409507494,-0.3104754513198088,0,0.0075148273883855112,0.0095660369805364576,0,1
360,1,-0.39510671765163191,0.30694662383461685,0,-0.0075070815563016988,-0.0095737308220407713,0,1
360,2,3.5276835565872164,3.5288274852158419,0,-0.0077458320837955541,0.0076938415044464211,0,0.001
370,0,0.45440413473882024,-0.20666381823608165,0,0.0049881891618526073,0.011093731307375733,0,1
370,1,-0.45785354200339068,0.20305889195548293,0,-0.0049802803950664866,-0.011101256344232721,0,1
370,2,3.4494072645998957,3.604926280623328,0,-0.0079087667861164196,0.0075250368571597144,0,0.001
380,0,0.49036225936924499,-0.090784067511228542,0,0.0021679636569232369,0.011967744474777364,0,1
380,1,-0.49373177963613052,0.087104757372545749,0,-0.0021598955699922359,-0.011975095291572074,0,1
380,2,3.3695202669141948,3.6793101387091651,0,-0.0080680869309712796,0.0073508167948797172,0,0.001
390,0,0.49733765425865673,0.030335902240667983,0,-0.00077973588340824894,0.012136600233387557,0,1
390,1,-0.50062570965270381,-0.034087826542664727,0,0.00078796032537387952,-0.012143771347132544,0,1
390,2,3.2880553940762427,3.7519243020250248,0,-0.0082244419656024859,0.0071711137452334711,0,0.001
400,0,0.47492168181416528,0.14955953649762072,0,-0.003681284315751297,0.011590348904317359,0,1
400,1,-0.47812672139716172,-0.15338225148726273,0,0.0036896626578210314,-0.011597335099094623,0,1
400,2,3.2050395830261591,3.8227149896730235,0,-0.0083783420697119432,0.0069861947775432098,0,0.001
410,0,0.42443694958178518,0.25986191472561376,0,-0.0063657669268656633,0.010361157640290856,0,1
410,1,-0.42755744539818064,-0.26375354749634733,0,0.0063742969790615573,-0.010367954296878782,0,1
410,2,3.1204958164242198,3.8916327707671163,0,-0.0085300521958965141,0.0067966565882172482,0,0.001
420,0,0.3488594939227157,0.3547435171636486,0,-0.0086750456327379967,0.008521421585205486,0,1
420,1,-0.35189393990212453,-0.35870215271763783,0,0.0086837251515248497,-0.0085280249374386861,0,1
420,2,3.0344459794386407,3.9586355540264058,0,-0.0086795187868681407,0.0066033522334473576,0,0.001
430,0,0.25264356533162846,0.42861310133371755,0,-0.010473076133898297,0.0061795047807427141,0,1
430,1,-0.25559047951049085,-0.43263679183515674,0,0.010481902488332003,-0.0061859120323544403,0,1
430,2,2.9469141788925639,4.0236905014784483,0,-0.0088263544337014131,0.0064072516119957484,0,0.001
440,0,0.1414593067546433,0.47711711869314255,0,-0.011653925817450205,0.0034733598739619359,0,1
440,1,-0.14431723660965448,-0.48120389301369537,0,0.011662895712979919,-0.0034795691373241413,0,1
440,2,2.8579298550408474,4.0867743205948042,0,-0.008969895529723923,0.0062092633624555634,0,0.001
450,0,0.021858765211293266,0.49739623878533668,0,-0.012148018076359767,0.00056240193260506915,0,1
450,1,-0.024626295186844668,-0.50154411056109727,0,0.012157127400839976,-0.00056841199800060501,0,1
450,2,2.767529975581025,4.147871775803492,0,-0.0091093244802148889,0.0060100653957852954,0,0.001
460,0,-0.099110082099936353,0.48825384378261166,0,-0.011926233550322166,-0.0023818841263806797,0,1
460,1,0.096434322284687582,-0.49246081653138557,0,0.011935477373712571,0.0023760741358241498,0,1
460,2,2.6757598152789615,4.2069727488201396,0,-0.0092438233903164631,0.0058099905567756465,0,0.001
470,0,-0.21431853216776528,0.45022655446739956,0,-0.011001626121007461,-0.0051860476464694622,0,1
470,1,0.21173585994544572,-0.45449062301413512,0,0.01101099883713951,0.0051804386542695976,0,1
470,2,2.5826722223508582,4.2640685467833137,0,-0.0093727161319461464,0.0056089922000957916,0,0.001
480,0,-0.31697711442966031,0.38555263525903494,0,-0.0094286531798752349,-0.0076848912806759522,0,1
480,1,0.3144887887617267,-0.38987178351965585,0,0.009438148745696661,0.0076794845946527614,0,1
480,2,2.4883256679637689,4.3191482606704801,0,-0.009495565821305953,0.0054066860233858054,0,0.001
490,0,-0.40103555623214088,0.29804015153182134,0,-0.0072999667693283976,-0.009731202480748876,0,1
490,1,0.39864277463082909,-0.30241234736516476,0,0.0073095789854270279,0.0097260000350345484,0,1
490,2,2.3927816013422714,4.372195833395125,0,-0.0096122160985289782,0.0052024457145224837,0,0.001
500,0,-0.46153919905957291,0.19284265773234593,0,-0.0047409557419172115,-0.011204424681769822,0,1
500,1,0.45924309741026481,-0.1972658459765112,0,0.0047506785250260352,0.011199429155097116,0,1
500,2,2.2961016493382584,4.4231882442183776,0,-0.0097227831087024884,0.0049955266728478435,0,0.001
510,0,-0.49492088214465446,0.07615563309866967,0,-0.0019023607843556879,-0.012017758536387538,0,1
510,1,0.49272253706245001,-0.080627728086208633,0,0.001912188397096547,0.01201297333767987,0,1
510,2,2.1983450822360449,4.4720949875935485,0,-0.0098276127407536332,0.0047851987078238222,0,0.001
520,0,-0.4992111099687801,-0.045148461472208135,0,0.001048603304052733,-0.012123275969360003,0,1
520,1,0.4971115431419092,0.040629582599322291,0,-0.0010386760885640991,0.01211870509343684,0,1
520,2,2.0995668269021941,4.5188788729415839,0,-0.0099272154885323635,0.0045708759233156638,0,0.001
530,0,-0.47415412362095349,-0.16392502385791055,0,0.0039380964322756088,-0.011514746154263133,0,1
530,1,0.47215430740634257,0.15936152578958218,0,-0.0039280742470330548,0.011510393920550206,0,1
530,2,1.9998162146441132,4.5634980683862336,0,-0.01002218524245233,0.0043522337131350801,0,0.001
540,0,-0.42122302505661513,-0.27317821504634998,0,0.0065958943029028961,-0.010228006249574366,0,1
540,1,0.41932388844630619,0.26857230585502534,0,-0.0065857811982075552,0.010223876951510729,0,1
540,2,1.8991366103422498,4.6059091913839678,0,-0.010113104695229195,0.0041292980639079969,0,0.001
550,0,-0.34353303954020431,-0.36647313605638021,0,0.0088654190984403941,-0.0083388534926387668,0,1
550,1,0.34173547350533062,0.36182706499075418,0,-0.0088552186556649839,0.0083349510071262321,0,1
550,2,1.7975660349087272,4.6460710656876163,0,-0.010200442775290685,0.0039024855127325472,0,0.001
560,0,-0.24565800166972304,-0.43831498280055037,0,0.010612968290801019,-0.005958581034982857,0,1
560,1,0.24396286287151195,0.43363103426639071,0,-0.010602683832405459,0.0059549084638143108,0,1
560,2,1.6951387982467143,4.6839485342233722,0,-0.010284458395444236,0.0036725711687173234,0,0.001
570,0,-0.13336086335348107,-0.48447281413141891,0,0.011735596156819456,-0.0032274193529958531,0,1
570,1,0.13176897538677193,0.47975329859011456,0,-0.011725231022607229,0.0032239787782244829,0,1
570,2,1.5918879667454042,4.7195155413697671,0,-0.010365134212115011,0.0034405747715623098,0,0.001
580,0,-0.013254108041585898,-0.50222882602724261,0,0.012167181403130846,-0.00030626980884896845,0,1
580,1,0.011766259803719589,0.4974760693068962,0,-0.012156739238326003,0.00030306222795514997,0,1
580,2,1.4878482379040059,4.7527567204151415,0,-0.010442164804702484,0.0032075808940138176,0,0.001
590,0,0.10758989375144352,-0.49053842314831292,0,0.011882321631487195,0.0026327809369757135,0,1
590,1,-0.10897295235928199,0.48575475612041735,0,-0.011871806621669121,-0.0026357554741056064,0,1
590,2,1.3830586078776661,4.7836670279655378,0,-0.010515009817895828,0.0029745371300905848,0,0.001
600,0,0.22205559186018023,-0.45009165664712536,0,0.01089782481385323,0.0054166041986425393,0,1
600,1,-0.22333315608706433,0.4452794071645319,0,-0.01088724181471885,-0.0054193462842455501,0,1
600,2,1.2775642269248757,4.8122494826655169,0,-0.010582999134195263,0.0027420856031445768,0,0.001
610,0,0.32340344165115464,-0.38327243448580961,0,0.0092717112935003752,0.0078812301834849351,0,1
610,1,-0.32457485872236724,0.378433922914649,0,-0.0092610658351448723,-0.0078837406531443582,0,1
610,2,1.1714170712559713,4.838511571233445,0,-0.010645458355343794,0.0025104696595521303,0,0.001
620,0,0.40566685703167221,-0.29401795206273734,0,0.0070997878242897838,0.0098815044112052566,0,1
620,1,-0.40673153243626065,0.28915549090059317,0,-0.0070890860038754716,-0.0098837839394198962,0,1
620,2,1.0646754046330582,4.8624611622177403,0,-0.010701820414217912,0.0022795282147671865,0,0.001
630,0,0.46400356061083536,-0.18758667181803462,0,0.0045099984583340368,0.011299631447564877,0,1
630,1,-0.46496096290026839,0.18270256906884452,0,-0.004499246756326584,-0.011301680210966433,0,1
630,2,0.95740228947928352,4.8841027492653462,0,-0.010751702007347864,0.0020487634016952156,0,0.001
640,0,0.49498067288618786,-0.070248552267201322,0,0.0016548871189727122,0.012052104986861328,0,1
640,1,-0.49583033641877322,0.065345117638744926,0,-0.0016440921782025844,-0.012053922442093731,0,1
640,2,0.84966353263232719,4.9034346285330361,0,-0.010794940770031491,0.0018174552325229403,0,0.001
650,0,0.49677679788464335,0.051084221095617104,0,-0.0012973838169449698,0.012094619158233774,0,1
650,1,-0.49751832331287071,-0.056004668449912427,0,0.0013082154172012811,-0.012096203957441178,0,1
650,2,0.74152542827455792,4.9204473543731719,0,-0.010831600256220122,0.0015847992075302792,0,0.001
660,0,0.46928924580029663,0.1692642757964157,0,-0.0041729314076483772,0.011424674459026342,0,1
660,1,-0.46992229837433053,-0.17419939941116069,0,0.0041837933591508227,-0.011426024509546866,0,1
660,2,0.63305257408265447,4.9351236148243496,0,-0.010861951502353613,0.0013500505206848314,0,0.001
670,0,0.41414009866157242,0.27732993190613159,0,-0.0068023862763641708,0.010081726127969431,0,1
670,1,-0.41466440463067827,-0.28227737143948356,0,0.0068132727116326664,-0.010082838791187059,0,1
670,2,0.52430596915612593,4.9474395334331138,0,-0.010886435268376016,0.0011126632178212509,0,0.001
680,0,0.33458075356363837,0.36891517848845279,0,-0.0090308631705506466,0.0081448656801818772,0,1
680,1,-0.33499609515403456,-0.37387254577094969,0,0.0090417687741382955,-0.0081457380907027695,0,1
680,2,0.41534159044737906,4.9573672825803579,0,-0.010905603587596711,0.00087241052106814751,0,0.001
690,0,0.23530053154681863,0.43862463263710938,0,-0.010727082760423768,0.0057281700116969233,0,1
690,1,-0.2356067412148197,-0.44358951135889613,0,0.010738002798814201,-0.0057287994770944565,0,1
690,2,0.3062096680539238,4.9648787218715817,0,-0.010920038390309243,0.00062946539771320661,0,0.001
700,0,0.12215057799743624,0.48235140306426921,0,-0.011791107791367392,0.002973989093335053,0,1
700,1,-0.12234753287227242,-0.48732135259880799,0,0.011802038043074803,-0.002974373508634178,0,1
700,2,0.19695487488993324,4.9699495346255693,0,-0.010930251707269341,0.00038441529930628021,0,0.001
710,0,0.001799275184160751,0.49751911486705619,0,-0.012160236503226713,4.4565068251449771e-05,0,1
710,1,-0.0018868927250704063,-0.50249167795936878,0,0.012171173087705276,-4.4703259313636843e-05,0,1
710,2,0.087617540964842741,4.972563092400204,0,-0.010936584478427916,0.00013819106236716318,0,0.001
720,0,-0.11866055744512362,0.48323379980033193,0,-0.011812703562812384,-0.0028875247857924244,0,1
720,1,0.11868232167119452,-0.48820651297538403,0,0.011823642694216801,0.0028876328737775475,0,1
720,2,-0.021764226014251372,4.972713175140794,0,-0.010939131404289875,-0.00010808798494575679,0,0.001
730,0,-0.23212953211605264,0.44033666238085106,0,-0.010768967807335564,-0.0056495377289186863,0,1
730,1,0.2322606840273915,-0.44530706722976199,0,0.010779905524983315,0.0056498910485848867,0,1
730,2,-0.13115191128118603,4.9704048490009285,0,-0.010937717647653538,-0.00035331966602584255,0,0.001
740,0,-0.33191998827200181,0.37135458402174443,0,-0.0090905092643915868,-0.0080787468949934087,0,1
740,1,0.33216049230963907,-0.37632023728216496,0,0.0091014412008913192,0.0080793435151571037,0,1
740,2,-0.24050403757840269,4.965653260512334,0,-0.010931936499572859,-0.00059662016349808504,0,0.001
750,0,-0.41215003826194141,0.28035127346049366,0,-0.0068762062316508913,-0.010032032205857223,0,1
750,1,0.4124998125047486,-0.2853097541309062,0,0.0068871274660664483,0.010032869673400719,0,1
750,2,-0.34977424274719443,4.9584806705067015,0,-0.010921234415409533,-0.00083746754325144843,0,0.001
760,0,-0.46809012175650105,0.1726878453709331,0,-0.0042565071461121446,-0.011394314177419967,0,1
760,1,0.46854903208673038,-0.17763675784463956,0,0.0042674121616539107,0.011395389936415024,0,1
760,2,-0.45891033016760802,4.9489124738034231,0,-0.010905015541637388,-0.0010757589947968235,0,0.001
770,0,-0.49644164194454399,0.054706955534585835,0,-0.0013857424639505966,-0.012085333339371798,0,1
770,1,0.4970094962915661,-0.059643928614413498,0,0.0013966252030843602,0.01208664512326159,0,1
770,2,-0.56785434695950943,4.9369730799271681,0,-0.010882739133617682,-0.001311783889508922,0,0.001
780,0,-0.49553127537997493,-0.066640877697409104,0,0.0015669690191304653,-0.01206437666226827,0,1
780,1,0.49620781891398907,0.061718195301054934,0,-0.0015561150239201751,0.012065922796897525,0,1
780,2,-0.67654353395040701,4.9226823964560209,0,-0.010853995210144352,-0.001546134629071513,0,0.001
790,0,-0.46540952559452309,-0.18420674161066886,0,0.0044276831667185938,-0.011332673962458939,0,1
790,1,0.46619443750453843,0.17930068820546283,0,-0.004416864610629804,0.011334453543637862,0,1
790,2,-0.78491190995131255,4.9060534053094589,0,-0.010818556088662062,-0.0017795811787299051,0,0.001
800,0,-0.4078477313786163,-0.29106446852478723,0,0.0070278764403379473,-0.0099333243677046639,0,1
800,1,0.40874062364281233,0.28617737743563709,0,-0.0070171000332946406,0.0099353372968347241,0,1
800,2,-0.89289226412946643,4.8870910892550468,0,-0.010776407043194408,-0.0020129291299483057,0,0.001
810,0,-0.32623371350295777,-0.38091864942500869,0,0.0092143723794112457,-0.0079487576607587939,0,1
810,1,0.32723413186134509,0.3760528566211726,0,-0.0092036446219995131,0.0079510045351630521,0,1
810,2,-1.0004183583184256,4.8657928039425871,0,-0.010727757411618735,-0.0022468744041092177,0,0.001
820,0,-0.22537220258871976,-0.4484754980638056,0,0.010858364996397113,-0.0054958795662091338,0,1
820,1,0.2264796297152758,0.44363334799294157,0,-0.010847691968703029,0.0054983614328627407,0,1
820,2,-1.1074271264858249,4.8421500709710781,0,-0.010673027693957764,-0.0024818666534694536,0,0.001
830,0,-0.11120179180471258,-0.48975472152304855,0,0.011863007962071534,-0.0027191857988583547,0,1
830,1,0.11241565239450255,0.48493856989994882,0,-0.011852395157968732,0.0027219037979130598,0,1
830,2,-1.2138605897188595,4.8161516232077295,0,-0.010612804102694016,-0.0027179990546014367,0,0.001
840,0,0.0095549238291347174,-0.5023240160154604,0,0.012169121930906919,0.00021775067981203667,0,1
840,1,-0.0082352567019172429,0.49753622869880898,0,-0.012158574175869109,-0.00021479572998388171,0,1
840,2,-1.3196671271448472,4.787787316758922,0,-0.010547755037715136,-0.0029549498280627669,0,0.001
850,0,0.12978741360133098,-0.48544235577249656,0,0.011758682402643343,0.003141918211900423,0,1
850,1,-0.1283626118588882,0.48068530351503708,0,-0.011748203886381179,-0.0031387262104628708,0,1
850,2,-1.4248017423691657,4.7570522575685086,0,-0.010478516262099462,-0.0031920014374499086,0,0.001
860,0,0.24241613760619879,-0.44010361647747687,0,0.010655881131330031,0.0058810623365371977,0,1
860,1,-0.24088691248806124,0.43537966618791951,0,-0.010645475562718639,-0.0058776341876798002,0,1
860,2,-1.5292251180633871,4.7239502896675143,0,-0.01040556861131788,-0.0034281488572598627,0,0.001
870,0,0.34080962957361172,-0.36897795810931611,0,0.0089256977760704629,0.008273836695437067,0,1
870,1,-0.33917672801978455,0.36428946209538715,0,-0.0089153686332794739,-0.0082701744158388026,0,1
870,2,-1.6329015537521574,4.6884960140412071,0,-0.010329142790922122,-0.0036622795981582539,0,0.001
880,0,0.41917513933971939,-0.27625443429420776,0,0.0066700665126737026,0.010179308964102811,0,1
880,1,-0.41743934312481878,0.27160371946233985,0,-0.0066598173324293143,-0.010175415584625445,0,1
880,2,-1.7357962148252633,4.6507148319807463,0,-0.010249180244299492,-0.0038933794772454153,0,0.001
890,0,0.47289980855974229,-0.16739413124552524,0,0.0040218653247432526,0.011485260529994139,0,1
890,1,-0.47106193624402548,0.16278349020656091,0,-0.0040116999663343473,-0.011481139822094862,0,1
890,2,-1.8378723156407051,4.6106410390787822,0,-0.010165358408866069,-0.0041207078990930139,0,0.001
900,0,0.49882229002180439,-0.048808415883435236,0,0.001137084536301132,0.012114791187997111,0,1
900,1,-0.49688320119751811,0.044240101381585031,0,-0.0011270073703435761,-0.012110447286547961,0,1
900,2,-1.9390888242096314,4.5683145019665119,0,-0.010077165957503031,-0.0043439014489858839,0,0.001
910,0,0.49541884148935589,0.072518725700503134,0,-0.001814362119670946,0.012030841565381468,0,1
910,1,-0.49337944242653264,-0.077042502420216277,0,0.0018243461220073458,-0.012026278571572801,0,1
910,2,-2.0393990627466945,4.5237767198307912,0,-0.009984002336345308,-0.0045629938085518778,0,0.001
920,0,0.4628929760118472,0.18944200808770123,0,-0.0046586420909879534,0.011238369598068346,0,1
920,1,-0.46075422568474483,-0.19391907514471657,0,0.0046685273700069431,-0.011233591232905425,0,1
920,2,-2.1387503270259556,4.4770670571344962,0,-0.0098852790189610795,-0.0047783651627716492,0,0.001
930,0,0.40316342807413968,0.29507561812764532,0,-0.0072282361711436373,0.0097840554296108762,0,1
930,1,-0.40092634360266421,-0.29950383786391066,0,0.007238016681349455,-0.0097790647847892133,0,1
930,2,-2.2370844713976363,4.428219736385774,0,-0.009780510205799231,-0.0049906448215701459,0,0.001
940,0,0.31975116490266348,0.38319869551033497,0,-0.0093717981036082771,0.00775355349961149,0,1
940,1,-0.31741682557263629,-0.38757595745713813,0,0.0093814674926757709,-0.0077483529112583136,0,1
940,2,-2.3343393299497528,4.3772619469246452,0,-0.009669389067457599,-0.0052005883531006675,0,0.001
950,0,0.21757209019816345,0.44862168540223601,0,-0.010963063827130777,0.0052664532874065612,0,1
950,1,-0.21514163937844796,-0.45294589865042423,0,0.010972615674418025,-0.0052610443440413972,0,1
950,2,-2.4304508196365378,4.3242132483106852,0,-0.0095518472871239466,-0.0054089433650429414,0,0.001
960,0,0.10264761571933372,0.48749201823009231,0,-0.011908287808988701,0.0024692434556987286,0,1
960,1,-0.10012226018906566,-0.49176110456066346,0,0.011917715900196786,-0.0024636271416784814,0,1
960,2,-2.5253555301876824,4.2690863306941829,0,-0.0094280912079968623,-0.0056163140201289201,0,0.001
970,0,-0.018249900795455777,0.49752111910577823,0,-0.012151769063998921,-0.00047330920437842384,0,1
970,1,0.020868894302517465,-0.50173300819131283,0,0.012161067665785789,0.00047913224152942537,0,1
970,2,-2.6189935069806896,4.2118890856592976,0,-0.0092986017868245587,-0.0058230371508792974,0,0.001
980,0,-0.13799601295622144,0.4781193528937594,0,-0.011679140079480716,-0.0033878610709270687,0,1
980,1,0.14070732374815872,-0.48227198066845378,0,0.011688304163756047,0.0033938901616944388,0,1
980,2,-2.7113107918558166,4.1526277748193676,0,-0.0091640842752940717,-0.0060290907672486986,0,0.001
990,0,-0.24953386995502214,0.43043091094193975,0,-0.010518222167667221,-0.0061027033574608518,0,1
990,1,0.2523361311370787,-0.43452222178163369,0,0.010527247530392336,0.006108937419224387,0,1
990,2,-2.8022611819746648,4.0913108398198581,0,-0.0090253627250451076,-0.0062340617634357399,0,0.001
1000,0,-0.34629000187663977,0.35726653300972583,0,-0.0087373936760367487,-0.0084578822865751246,0,1
1000,1,0.34918180858612047,-0.36129448565314431,0,0.0087462769100160737,0.0084643194807869152,0,1
1000,2,-2.8918067093965827,4.0279526435455253,0,-0.0088832339792468719,-0.0064371942116632193,0,0.001
1010,0,-0.42256168112867276,0.26293798875987684,0,-0.0064415648002772346,-0.010314629514888575,0,1
1010,1,0.42554159772800232,-0.26690056507290055,0,0.0064503031168038991,0.010321267033139479,0,1
1010,2,-2.9799165992442935,3.9625763131518688,0,-0.0087383165265443059,-0.0066375182507921061,0,0.001
1020,0,-0.47385299376240925,0.1530040567408151,0,-0.0037659954638297609,-0.011563544291848216,0,1
1020,1,0.47691955863460395,-0.15689927174379134,0,0.0037745864010181205,0.011570378321868706,0,1
1020,2,-3.0665648721073127,3.8952150031049833,0,-0.0085909371882182516,-0.0068340300203223094,0,0.001
1030,0,-0.49713977905890749,0.033942981435745367,0,-0.00086832168759900022,-0.01213104272657296,0,1
1030,1,0.50029150619677332,-0.03776889274357443,0,0.00087676277331581373,0.012138068599517974,0,1
1030,2,-3.1517271377774874,3.8259113079596698,0,-0.0084410857166817618,-0.0070258729448248181,0,0.001
1040,0,-0.49104780548358568,-0.087229259998030634,0,0.0020807373521993409,-0.01198369299966085,0,1
1040,1,0.4942831827871963,0.083474544938886883,0,-0.0020724489105800265,0.011990905472873386,0,1
1040,2,-3.2353773035206066,3.7547150592761116,0,-0.0082884416191817394,-0.0072124732124119358,0,0.001
1050,0,-0.45593368858112326,-0.20337235359939423,0,0.0049074415566726154,-0.011130181613314777,0,1
1050,1,0.45925117342384297,0.19969067348710512,0,-0.0048993091014268427,0.011137575217807028,0,1
1050,2,-3.3174848426282177,3.6816801124226837,0,-0.0081324552456412784,-0.0073936044921820449,0,0.001
1060,0,-0.39386380757716638,-0.3076423260363087,0,0.0074452670298946998,-0.0096207966240616314,0,1
1060,1,0.39726182061390081,0.30403546519280383,0,-0.0074372945726343927,0.0096283660072166259,0,1
1060,2,-3.3980130366408212,3.6068608436394891,0,-0.0079724572601368796,-0.0075693831549082571,0,0.001
1070,0,-0.3084924955432935,-0.39389471417551708,0,0.0095447148488456094,-0.0075444604743088641,0,1
1070,1,0.31196941390663735,0.39036440520280702,0,-0.009536907073244786,0.0075522006856892782,0,1
1070,2,-3.4769183632490841,3.5303089728459254,0,-0.0078077756006482276,-0.0077402113803404279,0,0.001
1080,0,-0.20484670673433156,-0.45704648850073765,0,0.011082114753543877,-0.0050234888599284596,0,1
1080,1,0.20840085777318457,0.45359441736961104,0,-0.01107447690545651,0.0050313955479871844,0,1
1080,2,-3.5541510387549535,3.4520711312619401,0,-0.0076378480871593622,-0.0079066880586417705,0,0.001
1090,0,-0.089029859220539187,-0.49337543301488934,0,0.011966906868597457,-0.0022063849152739456,0,1
1090,1,0.092659515857305391,0.49000324559626851,0,-0.011959444544609621,0.0022144544169879804,0,1
1090,2,-3.6296566366659255,3.3721874187570515,0,-0.0074623239876347577,-0.0080695017139762824,0,0.001
1100,0,0.032137704673220614,-0.50073936795019869,0,0.012146974018105093,0.00074090742860908438,0,1
1100,1,-0.02843432603910236,0.49744867686403871,0,-0.012139692871973104,-0.00073267811495284429,0,1
1100,2,-3.7033786340165271,3.29069108629727,0,-0.0072811461318165521,-0.0082293136561788632,0,0.001
1110,0,0.15152047512125302,-0.47870231317615097,0,0.011611711172255538,0.0036447769996318588,0,1
1110,1,-0.14774521349843311,0.47549470377028097,0,-0.01160461657349977,-0.0036363903607478207,0,1
1110,2,-3.7752616227163909,3.2076094060070099,0,-0.0070945987556238176,-0.0083866388839666222,0,0.001
1120,0,0.2620880979455143,-0.42856015828872723,0,0.010392650791685977,0.0063341714169022371,0,1
1120,1,-0.25824284319967111,0.42543719259828561,0,-0.010385747490398032,-0.0063256296785529943,0,1
1120,2,-3.8452547457383872,3.1229656905797505,0,-0.0069033012878297623,-0.0085417383491823151,0,0.001
1130,0,0.35732951120951684,-0.35326431538058523,0,0.0085616060561378611,0.0086506737751752532,0,1
1130,1,-0.35341619647875577,0.35022753313856225,0,-0.008554897923627321,-0.0086419792300127338,0,1
1130,2,-3.9133147306565923,3.0367822421609372,0,-0.0067081325104318039,-0.0086945451624588013,0,0.001
1140,0,0.43163649410407467,-0.25724783966223858,0,0.0062264401407778561,0.010457835898247446,0,1
1140,1,-0.42765708628852861,0.25429875590258594,0,-0.0062199300534340656,-0.010448991247654639,0,1
1140,2,-3.9794078154405272,2.9490837597900592,0,-0.0065100873436979532,-0.0088446505927900626,0,0.001
1150,0,0.48063401980408843,-0.14616425785878462,0,0.0035247102844294157,0.011649217069037626,0,1
1150,1,-0.47659050979029782,0.14330435734274788,0,-0.0035184001895911059,-0.011640225704052086,0,1
1150,2,-4.043510013684104,2.8599005161737505,0,-0.0063100948382259778,-0.008991364985655113,0,0.001
1160,0,0.50143793848390039,-0.026554500420037468,0,0.00061556172958645943,0.012154653349021549,0,1
1160,1,-0.49733233291955048,0.0237852298429506,0,-0.00060945288377504676,-0.012145519504607976,0,1
1160,2,-4.1056055642430973,2.7692705772224868,0,-0.0061088458113326945,-0.0091338444137062033,0,0.001
1170,0,0.49282480917038807,0.094538421164356401,0,-0.0023296493827775072,0.011944387643369647,0,1
1170,1,-0.48865912526067579,-0.097215661726561847,0,0.0023355560602436485,-0.011935116394708111,0,1
1170,2,-4.1656839096064138,2.6772405623395428,0,-0.0059066774660621471,-0.0092712486616683704,0,0.001
1180,0,0.45530389128440985,0.20998427344018319,0,-0.0051374501038317019,0.011030817978512684,0,1
1180,1,-0.45108015536290352,-0.21256813829455382,0,0.0051431536436432473,-0.011021415092279203,0,1
1180,2,-4.2237359213992551,2.5838648545036036,0,-0.0057035398114829439,-0.0094028862335508619,0,0.001
1190,0,0.39108708350780841,0.31298555150432017,0,-0.0076424663024806279,0.009467762846767095,0,1
1190,1,-0.38680733331619321,-0.31547475507753464,0,0.0076479653420616208,-0.0094582345338672692,0,1
1190,2,-4.27975019150752,2.4892035733463085,0,-0.0054990395809261473,-0.0095283128998646122,0,0.001
1200,0,0.30395861073197727,0.39747779668380695,0,-0.0096971586347606303,0.0073472890058761831,0,1
1200,1,-0.2996249006753855,-0.39987111653532725,0,0.0097024511731527169,-0.0073376416334395411,0,1
1200,2,-4.3337100564829578,2.3933198516511132,0,-0.0052925383921019519,-0.0096473724366589499,0,0.001
1210,0,0.19905215261608175,0.45848673184186189,0,-0.011180507237298925,0.0047942899759574097,0,1
1210,1,-0.19466656085287384,-0.46078300880876571,0,0.011185590516164912,-0.0047845297888341508,0,1
1210,2,-4.3855917630990779,2.296276967034462,0,-0.0050832788660317898,-0.009760187123226188,0,0.001
1220,0,0.082548536903813544,0.49242121542341222,0,-0.012005136043859058,0.0019591345271144749,0,1
1220,1,-0.078113172952746293,-0.4946193511799451,0,0.012010006563311899,-0.0019492674139240653,0,1
1220,2,-4.4353639509585099,2.1981357566638864,0,-0.004870519452902301,-0.0098671131903584931,0,0.001
1230,0,-0.038688223665723699,0.49728478736982334,0,-0.012122459113990468,-0.00099118341926288122,0,1
1230,1,0.043171212142110935,-0.49938373996683338,0,0.012127112780251964,0.001001152093203191,0,1
1230,2,-4.48298847627954,2.0989525971416949,0,-0.004653666261569162,-0.0099686739402595065,0,0.001
1240,0,-0.15751515463790197,0.47279335340189366,0,-0.011525546564137812,-0.0038828748028104021,0,1
1240,1,0.16204357713665274,-0.47479213153768424,0,0.011529978956052457,0.0038929402797144262,0,1
1240,2,-4.5284224986435762,1.9987781359230437,0,-0.0044323919146800807,-0.01006547690398637,0,0.001
1250,0,-0.26693103439809646,0.42039205552404718,0,-0.010249540298611137,-0.0065455890009159037,0,1
1250,1,0.2715026560307004,-0.4222897124441945,0,0.010253747025133712,0.0065557471185185255,0,1
1250,2,-4.571621632497096,1.8976569202795801,0,-0.0042067265225945449,-0.01015811760255666,0,0.001
1260,0,-0.36048884197755837,0.34317029245915992,0,-0.00836959259546507,-0.0088224498254756371,0,1
1260,1,0.36510138575686174,-0.34496592049558966,0,0.0083735696941861695,0.0088326969007024737,0,1
1260,2,-4.6125437791978863,1.795628036561878,0,-0.0039770987210387809,-0.010247075226776682,0,0.001
1270,0,-0.43267563847910473,0.2456798450275795,0,-0.0059964459004555161,-0.010579302661593541,0,1
1270,1,0.4373267914994925,-0.24737257180513189,0,0.006000190204023796,0.010589635276233422,0,1
1270,2,-4.651153020281936,1.6927267776855031,0,-0.0037443035682005314,-0.010332614639811168,0,0.001
1280,0,-0.47923747184704624,0.13366677974335275,0,-0.0032699116817167138,-0.011712626071645671,0,1
1280,1,0.48392489461777122,-0.13525576690415894,0,0.0032734210684919212,0.011723040790462049,0,1
1280,2,-4.6874227706182321,1.5889871609403379,0,-0.0035093867751220822,-0.010414718816273616,0,0.001
1290,0,-0.49743011518829255,0.013732909336704799,0,-0.00035063154395376323,-0.012155638668119589,0,1
1290,1,0.50215145259823402,-0.01521735419816741,0,0.0003539050053810674,0.012166131744817284,0,1
1290,2,-4.7213374098341605,1.4844448615982511,0,-0.0032734614272154909,-0.010493076697544767,0,0.001
1300,0,-0.48618081842677024,-0.10705322906862255,0,0.0025893929935194297,-0.011882238405884458,0,1
1300,1,0.49093371034760241,0.10567408913270862,0,-0.0025863554916680954,0.011892805543239229,0,1
1300,2,-4.7528919207234779,1.3791399360506904,0,-0.0030375018512484348,-0.010567137354668982,0,0.001
1310,0,-0.44615151449119544,-0.22157291809257412,0,0.0053769415102291676,-0.010908540425393173,0,1
1310,1,0.45093360408115224,0.22029979937620936,0,-0.0053741393389906029,0.010919176642718109,0,1
1310,2,-4.7820895898477396,1.2731187165030096,0,-0.0028021712384942148,-0.010636217324847503,0,0.001
1320,0,-0.37969975668729267,-0.32307673684825045,0,0.007847785926059201,-0.0092919230378742546,0,1
1320,1,0.38450869503092688,0.32191030235082863,0,-0.0078452182000927941,0.009302622666562628,0,1
1320,2,-4.8089383435248205,1.1664344975596252,0,-0.0025677259663392884,-0.010699628688351679,0,0.001
1330,0,-0.29073971721104219,-0.40558221928296856,0,0.0098563680487086594,-0.0071276400545060717,0,1
1330,1,0.295573163788375,0.40452307229518969,0,-0.009854034039262884,0.0071383968474030921,0,1
1330,2,-4.8334465772238406,1.0591469879160951,0,-0.0023340094457150887,-0.010756792897014079,0,0.001
1340,0,-0.18451148010126284,-0.46422625386727701,0,0.011284372600618452,-0.0045432019238548574,0,1
1340,1,0.18936709941895633,0.46327493307395395,0,-0.011282272079828055,0.0045540092424278039,0,1
1340,2,-4.8556193175840452,0.95132079346005105,0,-0.0021005207903517513,-0.010807318572958724,0,0.001
1350,0,-0.06727226238139776,-0.49555147901001367,0,0.012047691750183118,-0.0016908592826558881,0,1
1350,1,0.072147717715114149,0.49470845568440563,0,-0.012045825218831595,0.0017017103218632196,0,1
1350,2,-4.875455333606916,0.84302332574493666,0,-0.0018665313515032554,-0.010851039207370773,0,0.001
1360,0,0.054072220960140034,-0.49770983722554596,0,0.012101373123310845,0.0012613669314601767,0,1
1360,1,-0.049179275413361527,0.49697551472035034,0,-0.012099741898817242,-0.0012504789133168984,0,1
1360,2,-4.892945546668189,0.73432250533346477,0,-0.0016312244934885494,-0.0108880181433212,0,0.001
1370,0,0.17237453086778498,-0.4705713368071725,0,0.011442262275567397,0.0041395806377445207,0,1
1370,1,-0.1674664579853862,0.46994605226794328,0,-0.0114408684335602,-0.0041286621077576743,0,1
1370,2,-4.908072882287466,0.62528453936814221,0,-0.0013938420070583725,-0.010918529986894611,0,0.001
1380,0,0.28066647458434313,-0.41573164444139649,0,0.010109185680114529,0.0067742496821159362,0,1
1380,1,-0.27574566101374559,0.4152156724592439,0,-0.010108031854588702,-0.0067633066593760704,0,1
1380,2,-4.9208135704849081,0.51597198229014407,0,-0.0011538255257137608,-0.010943022739913875,0,0.001
1390,0,0.37256950466375027,-0.33641807287360381,0,0.0081806638589137174,0.0090101877584703068,0,1
1390,1,-0.36763836488278312,0.33601163059768779,0,-0.0081797529196724339,-0.0089992256992424795,0,1
1390,2,-4.9311397808526163,0.40644227605228656,0,-0.00091093924120874334,-0.010962059227864676,0,0.001
1400,0,0.44267039881616232,-0.23729949309378939,0,0.0057702884687966163,0.010715692916322345,0,1
1400,1,-0.43773137550900593,0.23700274610230132,0,-0.0057696231158848449,-0.010704716681023992,0,1
1400,2,-4.9390233070417491,0.29674699162349133,0,-0.00066535291171957649,-0.01097623529836146,0,0.001
1410,0,0.48684010453198778,-0.12421134747174456,0,0.0030200340048868479,0.011790305023935174,0,1
1410,1,-0.48189566475954715,0.12402441547970372,0,-0.0030196163462348465,-0.011779318944997995,0,1
1410,2,-4.9444397723260991,0.18693199217625356,0,-0.00041765865194571405,-0.010986078937205337,0,0.001
1420,0,0.50247696358026839,-0.0038119407902263997,0,9.1896548863245396e-05,0.012170724672974215,0,1
1420,1,-0.49752959100148009,0.0037349021545102774,0,-9.1727748125788408e-05,-0.012159732725794984,0,1
1420,2,-4.9473725786726552,0.07703863585154723,0,-0.00016880073739781963,-0.010991947179272259,0,0.001
1430,0,0.48865997429654945,0.11680975554346591,0,-0.0028416485898462326,0.011834543495423778,0,1
1430,1,-0.48371215858487143,-0.11677686145011931,0,0.0028415685095912646,-0.011823549546858918,0,1
1430,2,-4.9478157115613071,-0.032894093211637707,0,8.0080255029136595e-05,-0.010993948564899245,0,0.001
1440,0,0.44620304794867266,0.23055168026413439,0,-0.0056078077517524817,0.010801564797310799,0,1
1440,1,-0.44125727326602093,-0.23040885334233571,0,0.005607479895689777,-0.010790572879615375,0,1
1440,2,-4.9457746825337869,-0.1428269216643164,0,0.00032785606277077649,-0.010991917695468499,0,0.001
1450,0,0.37760705694443425,0.33071702905221528,0,-0.0080436484971605042,0.0091326361779904986,0,1
1450,1,-0.37266579159321117,-0.33046431137126087,0,0.0080430748809816009,-0.0091216507262102502,0,1
1450,2,-4.9412653511056748,-0.25271768082086293,0,0.00057361617896594926,-0.010985451780326883,0,0.001
1460,0,0.28691250687685854,0.41140871542303953,0,-0.010005696962344329,0.0069260635062582511,0,1
1460,1,-0.28197819593351536,-0.41104619609380755,0,0.010004880146791083,-0.0069150895103587467,0,1
1460,2,-4.934310943226194,-0.36251932909885898,0,0.00081681555330122713,-0.010973995899553524,0,0.001
1470,0,0.1794615272822892,0.46787670734112857,0,-0.0113783872301732,0.0043118188899991163,0,1
1470,1,-0.17453658926304996,-0.46740452838572255,0,0.011377329895386009,-0.0043008619411922374,0,1
1470,2,-4.9249380191224192,-0.47217895527422721,0,0.0010573347872221465,-0.010956948806929538,0,0.001
1480,0,0.061583216083632701,0.49679779171354027,0,-0.012080865742781695,0.0014438851960568832,0,1
1480,1,-0.056670043802527083,-0.49621615388848295,0,0.012079570288316244,-0.0014329514340066438,0,1
1480,2,-4.9131722809880012,-0.58163782492549321,0,0.0012954544654472961,-0.010933762050275648,0,0.001
1490,0,-0.059779124651472768,0.49647130932938438,0,-0.012071751541098999,-0.0015088114078483921,0,1
1490,1,0.064678159629712836,-0.49578047701374572,0,0.012070219775247717,0.00151971542508295,0,1
1490,2,-4.899034978122633,-0.69083231550679691,0,0.0015317658513135967,-0.01090401723460036,0,0.001
1500,0,-0.17747691822686829,0.46691935165171372,0,-0.011351573602231791,-0.0043723474978908244,0,1
1500,1,0.18235945863825637,-0.46611965615114903,0,0.011349806557811332,0.0043832149767791999,0,1
1500,2,-4.8825404112704129,-0.79969550043343518,0,0.0017670444204359399,-0.010867478888389596,0,0.001
1510,0,-0.28457734781580402,0.40988552561737279,0,-0.0099627425900789008,-0.0069780429281313811,0,1
1510,1,0.28944104261519521,-0.40897736646365623,0,0.0099607404835180737,0.006988867054420954,0,1
1510,2,-4.8636947992729915,-0.90815915358627564,0,0.0020021065608747824,-0.010824126289582675,0,0.001
1520,0,-0.3747717250730806,0.32873234729678474,0,-0.00798705824220532,-0.00917239474508506,0,1
1520,1,0.37961422167904674,-0.32771619132110991,0,0.0079848205794867035,0.0091831689108809022,0,1
1520,2,-4.84249660584904,-1.0161559755449445,0,0.002237662718624489,-0.010774165795866663,0,0.001
1530,0,-0.44274715682916471,0.22824327758952193,0,-0.0055408974643632166,-0.010826120853457549,0,1
1530,1,0.4475660951337273,-0.22711965575940099,0,0.0055384232854534601,0.010836838872775249,0,1
1530,2,-4.8189383044450471,-1.1236218299907197,0,0.0024741789097660655,-0.010718019317634081,0,0.001
1540,0,-0.48449961386697699,0.11434102114040054,0,-0.0027683640936084545,-0.011841780904210741,0,1
1540,1,0.48929262328398315,-0.11311052343082831,0,0.002765652329546345,0.011852437184403384,0,1
1540,2,-4.7930094168883572,-1.2304977094416292,0,0.0027117640621243081,-0.010656280192618526,0,0.001
1550,0,-0.49756993296472335,-0.0062613515971540077,0,0.00016719840216482585,-0.012159524069163869,0,1
1550,1,0.50233463341106654,0.0075980826650465577,0,-0.00017014851068187362,0.012170113699555521,0,1
1550,2,-4.7647004462245617,-1.3367310677617825,0,0.0029501085170598371,-0.010589630391627705,0,0.001
1560,0,-0.48118880596608921,-0.12645592111430212,0,0.0030928323625824682,-0.011760622463500523,0,1
1560,1,0.48592281302149082,0.12789819726407575,0,-0.0030960208627445742,0.011771141188651578,0,1
1560,2,-4.7340070552835307,-1.4422761496421006,0,0.0031885001621294855,-0.010518725150994342,0,0.001
1570,0,-0.43632216939933416,-0.23915876010906795,0,0.0058361617348679853,-0.010668579138769691,0,1
1570,1,0.44102310303311326,0.240705853203834,0,-0.0058395876654731725,0.010679023207267371,0,1
1570,2,-4.7009336336604486,-1.5470930946343782,0,0.0034259306052053301,-0.010444068497647492,0,0.001
1580,0,-0.36561429174708909,-0.33772738528994045,0,0.0082355551986915149,-0.0089477433693263501,0,1
1580,1,0.37027978715412618,0.33937853118560751,0,-0.0082392164737954115,0.0089581092839189011,0,1
1580,2,-4.6654954069177483,-1.6511458955352103,0,0.0036612751039290614,-0.010365914592579521,0,0.001
1590,0,-0.27323191095655586,-0.41635217622722415,0,0.010149654734794853,-0.0066995146352994009,0,1
1590,1,0.27785962951619736,0.41810657585878086,0,-0.010153548235339711,0.0067097988602515864,0,1
1590,2,-4.6277185595201713,-1.7543996314253933,0,0.0038935005448571163,-0.010284224952265065,0,0.001
1600,0,-0.16461863412100375,-0.47039865987722168,0,0.011465705655797112,-0.0040563607493050184,0,1
1600,1,0.16920627249861184,0.47225547747987107,0,-0.011469827500301564,0.0040665594403686061,0,1
1600,2,-4.5876383774866527,-1.8568176025198233,0,0.0041218445044814856,-0.01019869106366904,0,0.001
1610,0,-0.046174116874673675,-0.49668047943715971,0,0.012106196334938141,-0.0011740056200498802,0,1
1610,1,0.050719412808488996,0.49863883840546486,0,-0.012110542257787195,0.0011841144286681476,0,1
1610,2,-4.5452959336940104,-1.958358968176835,0,0.0043459228489816119,-0.010108808618349757,0,0.001
1620,0,0.075123028389124491,-0.49364698178508226,0,0.012033417454552251,0.0017777500130183588,0,1
1620,1,-0.070622294267210575,0.49570595906368753,0,-0.012037983207291622,-0.0017677360355000922,0,1
1620,2,-4.5007341217935197,-2.0589772784776681,0,0.0045657527393131916,-0.010013977518339975,0,0.001
1630,0,0.19212634963081252,-0.46147441355120872,0,0.011251674724767785,0.0046250322125963106,0,1
1630,1,-0.18767235579357622,0.46363303358548857,0,-0.011256456428553092,-0.0046151186081390527,0,1
1630,2,-4.4539938371156103,-2.1586200341535453,0,0.0047817037853103905,-0.0099136044573338959,0,0.001
1640,0,0.29794247633530074,-0.40205540430345538,0,0.0098070277874210514,0.0072001324837054652,0,1
1640,1,-0.29353736542911218,0.40431263353077723,0,-0.0098120221887265744,-0.0071903252884820074,0,1
1640,2,-4.4051109060679332,-2.257229227196917,0,0.0049944013055459634,-0.009807195223518814,0,0.001
1650,0,0.38633707429095232,-0.3188873985111324,0,0.0077845731169083766,0.0093513799744423445,0,1
1650,1,-0.38198296016216027,0.32124214124505807,0,-0.0077897777203853845,-0.0093416855418783779,0,1
1650,2,-4.3541141286711422,-2.3547427338011371,0,0.0052046034770078789,-0.0096944325640145341,0,0.001
1660,0,0.45210196258801644,-0.21686662792377431,0,0.0053034319347302272,0.010952068381470602,0,1
1660,1,-0.44780093797080711,0.21931772432966229,0,-0.0053088450015818193,-0.010942493144034015,0,1
1660,2,-4.3010246170884638,-2.4510964057636584,0,0.0054130668515887546,-0.0095752374366723479,0,0.001
1670,0,0.49136181024089864,-0.10199975285993541,0,0.0025097376360195237,0.011907914329889685,0,1
1670,1,-0.48711595374568667,0.10454597952715539,0,-0.0025153580463310541,-0.011898464522723343,0,1
1670,2,-4.2458564950915374,-2.5462266670968843,0,0.005620410311558857,-0.0094498071663898474,0,0.001
1680,0,0.50180237447279996,0.018949871013140565,0,-0.00043196622638244024,0.012162609474892928,0,1
1680,1,-0.49761375555625265,-0.016309797687382888,0,0.00042613923639917716,-0.012153290857110791,0,1
1680,2,-4.1886189164277754,-2.6400733256350213,0,0.0058269899832897312,-0.0093186177821698787,0,0.001
1690,0,0.48280684111448446,0.13886050122553631,0,-0.0033484131327755256,0.011701139316382144,0,1
1690,1,-0.47867752191637891,-0.13612791905825827,0,0.0033423803272942055,-0.011691956940248384,0,1
1690,2,-4.1293191979866855,-2.7325821671561541,0,0.0060328054813503671,-0.0091823761338846125,0,0.001
1700,0,0.43549221871697408,0.25067146037677718,0,-0.0060678171678370989,0.01055067184905214,0,1
1700,1,-0.43142425209398044,-0.24784775358764924,0,0.0060615797036169374,-0.010541629932960168,0,1
1700,2,-4.0679666228739411,-2.8237067890071037,0,0.0062374642201666296,-0.0090419160920684211,0,0.001
1710,0,0.36264361322026195,0.347799035780822,0,-0.0084299924477415061,0.0087789616203475165,0,1
1710,1,-0.35863903700819849,-0.34488562661707911,0,0.0084235522219175858,-0.0087700635678090218,0,1
1710,2,-4.0045762119426982,-2.9134091636215658,0,0.0064402258239814403,-0.0088980525385600872,0,0.001
1720,0,0.26855022740066381,0.42452432043555688,0,-0.010295791440975246,0.006490361423926813,0,1
1720,1,-0.26461105576727528,-0.42152266176568021,0,0.010289151313065095,-0.0064816099958869338,0,1
1720,2,-3.9391716332674038,-3.0016586697563676,0,0.006640127910183609,-0.0087514280399923171,0,0.001
1730,0,0.15875273173588053,0.47633012887110815,0,-0.011555304535269168,0.0038196758723780251,0,1
1730,1,-0.15488094518232018,-0.47324169913411751,0,0.011548468370350392,-0.0038110734767151104,0,1
1730,2,-3.8717865534391112,-3.0884297368720697,0,0.0068361649187800863,-0.0086023956630441184,0,0.001
1740,0,0.039716890926623075,0.50016712084032666,0,-0.012134336312647631,0.00092421949427087845,0,1
1740,1,-0.03591442678891147,-0.4969934222012683,0,0.012127308841976924,-0.00091576852495788225,0,1
1740,2,-3.8024641375900465,-3.1736986389423545,0,0.0070274706707083336,-0.0084509693131288779,0,0.001
1750,0,-0.081547314529838516,0.49463344625401462,0,-0.011998776432273208,-0.0020254514593019317,0,1
1750,1,0.085278569441415208,-0.49137600608980703,0,0.011991562975464084,0.0020337483065609933,0,1
1750,2,-3.731254911454903,-3.2574401640924906,0,0.007213456809158963,-0.0082968472591944016,0,0.001
1760,0,-0.19789862135488975,0.46005733276528393,0,-0.011156608177229502,-0.0048555862776239814,0,1
1760,1,0.20155683493532844,-0.45671770794569738,0,0.011149214296278354,0.0048637257691711792,0,1
1760,2,-3.6582135803168772,-3.3396248194728337,0,0.0073938809511627781,-0.0081394915473239696,0,0.001
1770,0,-0.30248514190585346,0.39847776366550275,0,-0.0096574375850872248,-0.0073994738357112452,0,1
1770,1,0.30606853743181051,-0.39505754666460119,0,0.0096498687402507607,0.0074074520729764948,0,1
1770,2,-3.5833955258351216,-3.4202170007891151,0,0.0075688448364371035,-0.0079782372653825293,0,0.001
1780,0,-0.38914797640530552,0.3135243959293823,0,-0.0075895720607548726,-0.0095072611895747755,0,1
1780,1,0.39265483000899642,-0.31002522161888424,0,0.0075818333212441247,0.009515073599755175,0,1
1780,2,-3.5068536035693829,-3.4991743103866955,0,0.0077387395106941733,-0.0078124101805287114,0,0.001
1790,0,-0.45278401967335896,0.21020379341203432,0,-0.0050748209375812954,-0.011054779674601181,0,1
1790,1,0.45621265534171118,-0.20662734537309826,0,0.0050669167799589198,0.011062421114995748,0,1
1790,2,-3.4286356682296319,-3.5764480388264874,0,0.007904157622333409,-0.0076414403946974217,0,0.001
1800,0,-0.48964660514545932,0.094604554861895673,0,-0.0022613235609330192,-0.011950859925117395,0,1
1800,1,0.49299538822228883,-0.090952570127748711,0,0.0022532577735454584,0.011958324890273236,0,1
1800,2,-3.3487830767077615,-3.6519847340391314,0,0.0080657873875359005,-0.0074649651560419836,0,0.001
1810,0,-0.49756627902170814,-0.026461316123099096,0,0.0006851741904264386,-0.012142705504773204,0,1
1810,1,0.50083360932865262,0.030187044835474686,0,-0.00069339848699944361,0.012149988417361672,0,1
1810,2,-3.2673303068242592,-3.7257287122699245,0,0.0082242965729831686,-0.0072829125886813371,0,0.001
1820,0,-0.47607868509285178,-0.14585969648380434,0,0.003591082813417083,-0.011619008014719915,0,1
1820,1,0.47926299085016388,0.14965732173726112,0,-0.0035994630272160686,0.011626103566545299,0,1
1820,2,-3.184305757192019,-3.7976252533533694,0,0.0083802137989704758,-0.0070955518256028078,0,0.001
1830,0,-0.4264519978196899,-0.25655465725813464,0,0.0062851974975936756,-0.010410618471896503,0,1
1830,1,0.42955173151656206,0.26042228130584605,0,-0.006293731317829781,0.010417521961735232,0,1
1830,2,-3.0997336967528915,-3.867624047610668,0,0.0085338202361187748,-0.0069034898389424872,0,0.001
1840,0,-0.35161225397381213,-0.35202303691483317,0,0.0086087890895077245,-0.0085887331872708667,0,1
1840,1,0.35462589113057225,0.35595871918756755,0,-0.0086174741632537282,0.0085954407862025156,0,1
1840,2,-3.0136371566408089,-3.9356822726365563,0,0.0086850737459894869,-0.0067075989318910959,0,0.001
1850,0,-0.25597095754456001,-0.42663882330594233,0,0.010424961566693463,-0.0062606992174426479,0,1
1850,1,0.25889699885384732,0.43064058989891285,0,-0.010433795157989447,0.0062672080935347249,0,1
1850,2,-2.9260413091681294,-4.0017665928752137,0,0.0088335912959543548,-0.0065088760922889103,0,0.001
1860,0,-0.14516511189782844,-0.47600465970908867,0,0.011626722154366834,-0.0035636860202277673,0,1
1860,1,0.1480020885544692,0.48007051322469207,0,-0.011635700859957005,0.0035699942818585772,0,1
1860,2,-2.8369766565218177,-4.0658535155087572,0,0.0089787055900601882,-0.0063082616310389094,0,0.001
1870,0,-0.025725018648262033,-0.49721090930588219,0,0.012143286180394302,-0.00065659738676471593,0,1
1870,1,0.028471499951176229,0.5013388372310823,0,-0.012152405768532923,0.00066270385181522399,0,1
1870,2,-2.7464813027959845,-4.1279279251081276,0,0.0091195881385901529,-0.0061064650507461921,0,0.001
1880,0,0.095310542580880106,-0.48900700021383114,0,0.011944244018253215,0.0022892972295279292,0,1
1880,1,-0.092655940787046795,0.49319498033329967,0,-0.011953499423827882,-0.0022833933834377849,0,1
1880,2,-2.6546017937150803,-4.1879801193792376,0,0.0092554055746729182,-0.0059038460903852105,0,0.001
1890,0,0.21080903657037842,-0.45187497002978538,0,0.011041345322893234,0.0051004570829625874,0,1
1890,1,-0.20824764415865424,0.45612097208265368,0,-0.011050730788090371,-0.0050947567058535316,0,1
1890,2,-2.5613924116060249,-4.2460020527811277,0,0.0093854651971704093,-0.0057003771092976078,0,0.001
1900,0,0.31396433454636391,-0.38800091663762271,0,0.0094877978542518733,0.0076112934626373797,0,1
1900,1,-0.31149742132679992,0.39230290024618408,0,-0.0094973071698569392,-0.0076057977788988231,0,1
1900,2,-2.4669132194456433,-4.3019836084769434,0,0.0095093156051484946,-0.0054956837387751889,0,0.001
1910,0,0.39869756182726018,-0.30114608866378156,0,0.0073751253853849901,0.0096739194357324653,0,1
1910,1,-0.39632633444319393,0.30550199824109542,0,-0.0073847521754504724,-0.0096686302946729051,0,1
1910,2,-2.3712273839465627,-4.3559095772309746,0,0.0096267900655753122,-0.0052891410598128958,0,0.001
1920,0,0.46001504547750477,-0.1964252541792838,0,0.0048277725228223134,0.011166853287881391,0,1
1920,1,-0.45774064714924118,0.20083301194282693,0,-0.0048375105222586527,-0.011161773289046341,0,1
1920,2,-2.2743983281432709,-4.4077577634626515,0,0.0097379994363905754,-0.0050799988352596579,0,0.001
1930,0,0.49430232406684527,-0.080005424931053434,0,0.0019957755054903271,0.012002165854056741,0,1
1930,1,-0.49212583692175843,0.084462923334107598,0,-0.0020056187950886059,-0.011997298337987792,0,1
1930,2,-2.1764871449667882,-4.4574984029757321,0,0.0098432895983423096,-0.004867516069232458,0,0.001
1940,0,0.4995369510674092,0.041257325705394927,0,-0.00095406992967625014,0.012130653765975477,0,1
1940,1,-0.49745940050941106,-0.036752230784546626,0,0.00094412675342467204,-0.012126002673120273,0,1
1940,2,-2.0775505578771956,-4.5050949207730051,0,0.0099431762516409925,-0.0046510928555750864,0,0.001
1950,0,0.47540759195392068,0.16022159270755859,0,-0.0038480255998031383,0.011544735967946852,0,1
1950,1,-0.47342995233695095,-0.15567108675409361,0,0.0038379873361426915,-0.011540305578384121,0,1
1950,2,-1.9776396168474968,-4.5505059533933592,0,0.010038263660508749,-0.0044303895630878262,0,0.001
1960,0,0.42333240790625515,0.26988118323234744,0,-0.0065156375392996201,0.010278903273293775,0,1
1960,1,-0.42145560862989301,-0.26528749478999675,0,0.0065055083893652407,-0.010274697854480465,0,1
1960,2,-1.8767992762392636,-4.5936884422825361,0,0.010129149934419563,-0.004205418813689429,0,0.001
1970,0,0.34637562293009994,0.36377774459310119,0,-0.0087997724406387347,0.0084076930974427456,0,1
1970,1,-0.34460055396063644,-0.35914314316997942,0,0.008789556116809696,-0.0084037165087966284,0,1
1970,2,-1.7750689693400885,-4.6346014230566892,0,0.010216323829081365,-0.0039765886465083639,0,0.001
1980,0,0.24906714918741102,0.43638119251856389,0,-0.010565873891246877,0.0060413061054154539,0,1
1980,1,-0.24739466498281909,-0.43170798261490761,0,0.010555573824402548,-0.0060375614316374102,0,1
1980,2,-1.6724842044684469,-4.6732099035956649,0,0.010300066844377707,-0.0037446737784460849,0,0.001
1990,0,0.13713585228527753,0.48341552536033794,0,-0.011709892624982132,0.0033191202913748692,0,1
1990,1,-0.13556677326703934,-0.47870603732054706,0,0.011699512240819493,-0.0033156095875248831,0,1
1990,2,-1.5690790181144152,-4.7094880397339969,0,0.010380384162682907,-0.0035107038503650006,0,0.001
2000,0,0.017172138452641969,0.50211080413990472,0,-0.012164421685843975,0.0004014828201135631,0,1
2000,1,-0.015707249585279612,-0.49736738331223651,0,0.012153964696443316,-0.00039820703653894605,0,1
2000,2,-1.4648888672377163,-4.743420827615628,0,0.010456989400731146,-0.0032757835750038601,0,0.001
2010,0,-0.10376026806176775,0.49136641801026609,0,-0.011902672647318256,-0.0025397370019595183,0,1
2010,1,0.10512022140894561,-0.48659141418142698,0,0.011892143292438151,0.0025427778901174272,0,1
2010,2,-1.3599533470525671,-4.7750038287895933,0,0.010529354880184905,-0.003040888158301109,0,0.001
2020,0,-0.2185404736265629,0.45181598686138347,0,-0.010940056807682454,-0.005331275815524397,0,1
2020,1,0.21979479174454319,-0.44701174590026832,0,0.010929459992106323,0.0053340825056123978,0,1
2020,2,-1.2543181178542939,-4.8042409610682268,0,0.010596815576221675,-0.0028066900884086907,0,0.001
2030,0,-0.32040994886605956,0.38579006443910063,0,-0.0093332776855768965,-0.0078086867466989306,0,1
2030,1,0.32155798451672829,-0.38095892353263616,0,0.0093226189902452534,0.0078112602074857321,0,1
2030,2,-1.1480356505417129,-4.8311409064215578,0,0.010658695331724482,-0.0025734607871767201,0,0.001
2040,0,-0.40337070850765233,0.2971788446971626,0,-0.0071769890755772206,-0.0098260292581430608,0,1
2040,1,0.40441187325477546,-0.29232313171594182,0,0.0071662746550151439,0.0098283703192521728,0,1
2040,2,-1.0411647469959213,-4.8557129811812088,0,0.010714420562103233,-0.0023410611094998143,0,0.001
2050,0,-0.46253866879506167,0.19120297642268996,0,-0.0045982170395974199,-0.011264466886898312,0,1
2050,1,0.46347243788154496,-0.18632501311626418,0,0.0045874534404385164,0.01126657589388521,0,1
2050,2,-0.93376908635591582,-4.8779633063896677,0,0.010763599158888923,-0.0021090069872931271,0,0.001
2060,0,-0.4944313692074862,0.074106004617218099,0,-0.0017488757716752588,-0.012039266916306213,0,1
2060,1,0.49525728439021416,-0.069208112716536707,0,0.0017380697118931352,0.012041143499977279,0,1
2060,2,-0.8259151826006389,-4.8978919006491557,0,0.010806059782108334,-0.0018765836714357581,0,0.001
2070,0,-0.49717312142902714,-0.047213435228718001,0,0.0012031812642607003,-0.012104790842112592,0,1
2070,1,0.49789079155010635,0.052128926280956348,0,-0.0012140231226639943,0.012106433825952412,0,1
2070,2,-0.71767012095180494,-4.9154910522096271,0,0.01084185840328165,-0.0016429838401647559,0,0.001
2080,0,-0.47060551285249036,-0.16560800707679943,0,0.0040840482439406783,-0.011457182788855672,0,1
2080,1,0.47121461220644867,0.17053875219490949,0,-0.0040949195050356468,0.011458590241547625,0,1
2080,2,-0.60909935383153724,-4.9307451180849409,0,0.010871261094957573,-0.0014074526923103924,0,0.001
2090,0,-0.41629675865918919,-0.27410272091805005,0,0.0067240106746508524,-0.010134597936372221,0,1
2090,1,0.41679702342591773,0.27904635267773703,0,-0.0067349053821444526,0.010135767364643106,0,1
2090,2,-0.50026476660294783,-4.9436317596657142,0,0.010894707493584219,-0.0011694282712871116,0,0.001
2100,0,-0.33744934293681483,-0.36630584445391517,0,0.0089675435996448682,-0.0082149569547644713,0,1
2100,1,0.33784056614579683,0.37125996895794289,0,-0.0089784563533592925,0.0082158856182948971,0,1
2100,2,-0.39122320885658979,-4.9541245040099797,0,0.010912753714423185,-0.00092866353080385013,0,0.001
2110,0,-0.23871137213227042,-0.43678547577163152,0,0.010682475825037495,-0.0058113574310344421,0,1
2110,1,0.23899339784343029,0.44174767212397298,0,-0.01069340181727388,0.0058120427406814995,0,1
2110,2,-0.28202571103450819,-4.9621963523275303,0,0.010925992236339921,-0.00068530964742799874,0,0.001
2120,0,-0.12590273671893679,-0.48138958152906486,0,0.011767779714452654,-0.0030654111753851566,0,1
2120,1,0.12607545432499151,0.48635740544875367,0,-0.011778714667067093,0.0030658511099860434,0,1
2120,2,-0.17271760592972699,-4.9678239196772216,0,0.01093495261444871,-0.00043993460125563177,0,0.001
2130,0,-0.0056722067988448054,-0.49749062408061823,0,0.012159526071722424,-0.00013889915091073099,0,1
2130,1,0.0057355464756203341,0.50246161542487278,0,-0.012170466071027819,0.00013909260727432187,0,1
2130,2,-0.063339676650381233,-4.9709913442461877,0,0.010939999305394079,-0.00019345636396849797,0,0.001
2140,0,0.11489432568814879,-0.48414034180585991,0,0.011834651384300727,0.0027957638800228854,0,1
2140,1,-0.11494039545834851,0.48911203489764543,0,-0.011845592638072947,-0.0027958168886621712,0,1
2140,2,0.046069770325198871,-4.9716930917808684,0,0.010941253772265909,5.3008638903745059e-05,0,0.001
2150,0,0.22869135054328557,-0.44212555117560776,0,0.010812314191544154,0.0055656915254726873,0,1
2150,1,-0.22884682283242114,0.44709548611602878,0,-0.010823252758840846,-0.0055659898756409481,0,1
2150,2,0.15547228926059828,-4.9699349404188427,0,0.010938567296751965,0.00029835016791281106,0,0.001
2160,0,0.32901235795165645,-0.3739216911046252,0,0.009152760788398915,0.00800771374998498,0,1
2160,1,-0.32927718466549349,0.37888742398207514,0,-0.0091636923433254993,-0.0080082554172232531,0,1
2160,2,0.2648267139622788,-4.9657328774513081,0,0.010931554926579913,0.00054166723791518703,0,0.001
2170,0,0.40994488512814059,-0.28354687627521136,0,0.0069537688055651276,0.0099779886076442875,0,1
2170,1,-0.4103189723066753,0.28850598648096054,0,-0.006964688483758523,-0.0099787710232195279,0,1
2170,2,0.37408717865897984,-4.959110205754051,0,0.01091967819336874,0.00078241557483960502,0,0.001
2180,0,0.46671871552938954,-0.17632509965857424,0,0.004344880896174119,0.011360471006344901,0,1
2180,1,-0.46720191762701907,0.18127519325123487,0,-0.0043557832453268034,-0.01136149147566607,0,1
2180,2,0.48320209775326817,-4.9500935926687539,0,0.010902349152676816,0.0010204693208565293,0,0.001
2190,0,0.49598674258044612,-0.058572572495248394,0,0.0014797708169675555,0.012073740889301783,0,1
2190,1,-0.49657885675639601,0.063511281433602518,0,-0.0014906498456824678,-0.012074996987082653,0,1
2190,2,0.59211417607422834,-4.9387089383648863,0,0.010879028714897349,0.0012560977806570092,0,0.001
2200,0,0.49602199710821987,0.062774302250684616,0,-0.001472807029309205,0.012075791219194408,0,1
2200,1,-0.49672275841179991,-0.057849324434450011,0,0.0014619577254910542,-0.012077281097883133,0,1
2200,2,0.70076130370427903,-4.9249778162470328,0,0.010849303818133725,0.0014898786885646431,0,0.001
2210,0,0.46681928098334385,0.18056741763616446,0,-0.0043389519177216762,0.011366496688595105,0,1
2210,1,-0.46762835908384187,-0.17565850264849037,0,0.004328138977241958,-0.01136821926271649,0,1
2210,2,0.80907810062206165,-4.9089149876882816,0,0.010812940479693819,0.0017225741212378238,0,0.001
2220,0,0.41009545529781555,0.28786788515096312,0,-0.0069498519493245607,0.0099876199074922043,0,1
2220,1,-0.41101245318138585,-0.28297735789462691,0,0.0069390820335289366,-0.0099895748968734342,0,1
2220,2,0.91699788369370827,-4.890527256352506,0,0.010769915795605257,0.0019549893810775778,0,0.001
2230,0,0.32918837440148219,0.37835464682030095,0,-0.0091517201621184319,0.0080203552419485964,0,1
2230,1,-0.33021282925822287,-0.37348483305900904,0,0.0091409997317072802,-0.008022543070187441,0,1
2230,2,1.024454856864609,-4.8698137613098789,0,0.010720430411159401,0.002187828238728136,0,0.001
2240,0,0.22886039716492881,0.44669675315131208,0,-0.010814849127782513,0.0055805536654589477,0,1
2240,1,-0.22999178347842544,-0.44184998546364468,0,0.010804184230456234,-0.0055829752218885228,0,1
2240,2,1.131386313620907,-4.8467676876861905,0,0.010664897326347733,0.0024215564294468748,0,0.001
2250,0,0.11501800529065076,0.4888674025629996,0,-0.01184125220187719,0.0028119071977396838,0,1
2250,1,-0.11625573986501229,-0.48404602332997659,0,0.011830648303243771,-0.0028145634882833612,0,1
2250,2,1.2377345744867723,-4.8213792330438086,0,0.010603898633527196,0.0026562905435331702,0,0.001
2260,0,-0.0056360059688196056,0.50238123853990857,0,-0.012170440984199549,-0.00012250868550737714,0,1
2260,1,0.0042925576653213915,-0.4975875990828556,0,0.012159902879860322,0.00011961694846672022,0,1
2260,2,1.3434483036243905,-4.7936394570755043,0,0.010538104339252266,0.0028917370405091083,0,0.001
2270,0,-0.12599731503604553,0.48644089342820335,0,-0.011782996593671328,-0.0030498387693346767,0,1
2270,1,0.12454883219421829,-0.48167734904848103,0,0.011772528434442485,0.003046711562088824,0,1
2270,2,1.4484828419534959,-4.7635443797452259,0,0.010468159228828175,0.0031272072457189715,0,0.001
2280,0,-0.238978596051349,0.44198409859905075,0,-0.010701721401137254,-0.0057976328491643287,0,1
2280,1,0.23742579671350661,-0.43725300011060558,0,0.010691326840474283,0.0057942711285983248,0,1
2280,2,1.5527993379686982,-4.7310984884693417,0,0.010394560662984938,0.003361720565840191,0,0.001
2290,0,-0.33792710501967876,0.37162854126500167,0,-0.0089903006771455928,-0.0082040103191506134,0,1
2290,1,0.33627074226725795,-0.36693222444095386,0,0.0089799831156901783,0.0082004161389204865,0,1
2290,2,1.6563627525474749,-4.6963168240737394,0,0.010317561455371948,0.0035941802299866146,0,0.001
2300,0,-0.41701669357145404,0.27951769123001596,0,-0.0067495516455183553,-0.010127203321708179,0,1
2300,1,0.41525755442390089,-0.27485846610647446,0,0.0067393145181482835,0.010123379744641937,0,1
2300,2,1.7591391476797857,-4.6592251235691551,0,0.010237127370037458,0.0038235770661192939,0,0.001
2310,0,-0.47159111564940998,0.17107668128935952,0,-0.0041114813317734266,-0.011453913641393492,0,1
2310,1,0.46973002277610271,-0.1664568232699247,0,0.0041013283729715213,0.01144986447582671,0,1
2310,2,1.861092873434935,-4.6198580194638197,0,0.010152958801862112,0.0040491655666673107,0,0.001
2320,0,-0.49843837354862514,0.052692646046514788,0,-0.0012315050701742789,-0.012105989355640787,0,1
2320,1,0.49647618930403686,-0.048114390243763044,0,0.0012214405067997158,0.012101718785335601,0,1
2320,2,1.962184244716122,-4.5782558027819613,0,0.010064563374500353,0.0042705703050747853,0,0.001
2330,0,-0.49597993344815006,-0.068661616460004918,0,0.00172071366573788,-0.012045027740966,0,1
2330,1,0.49391756535408377,0.073196076997878695,0,-0.0017306850199223021,0.012040539931563385,0,1
2330,2,2.0623680941922649,-4.5344605379056055,0,0.0099713541843601053,0.0044878094023936997,0,0.001
2340,0,-0.46436367610604329,-0.18583846234671605,0,0.004571260787051128,-0.011274634427393347,0,1
2340,1,0.46220208276937719,0.19032697466074591,0,-0.0045811335378615568,0.011269933180219061,0,1
2340,2,2.1615933367911468,-4.4885123140642849,0,0.0098727508103456322,0.0047012471739612408,0,0.001
2350,0,-0.40545513073091138,-0.29193648483763313,0,0.0071522169876432583,-0.0098402074772272578,0,1
2350,1,0.40319532723081936,0.29637693106546104,0,-0.0071619852578794592,0.0098352959779223117,0,1
2350,2,2.2598035002161918,-4.4404462278644266,0,0.0097682702361001645,0.0049114993046311143,0,0.001
2360,0,-0.32272753128440268,-0.38070706103249957,0,0.0093115481192672812,-0.0078262606188256294,0,1
2360,1,0.32037059319025257,0.38509735149168284,0,-0.0093212057226293651,0.0078211413068248366,0,1
2360,2,2.3569380942734579,-4.3902904592236931,0,0.0096576033619754469,0.0051193120005049875,0,0.001
2370,0,-0.22105718423861187,-0.44692242832494772,0,0.010922059250144283,-0.0053514439540142322,0,1
2370,1,0.21860424957401201,0.45126049394802981,0,-0.010931599924960114,0.0053461185244654688,0,1
2370,2,2.4529346647227084,-4.3380656231256172,0,0.0095406748157376309,0.0053254295484607035,0,0.001
2380,0,-0.10643620103790916,-0.48668362360688211,0,0.011888886224722723,-0.0025615550584567838,0,1
2380,1,0.1038884697002628,0.49096740906810549,0,-0.011898303904399037,0.0025560245980026475,0,1
2380,2,2.5477313377679076,-4.2837854612708552,0,0.0094176796761967687,0.0055304604538241979,0,0.001
2390,0,0.014380493386501245,-0.49765015298495135,0,0.012155083999782733,0.00037904892556034754,0,1
2390,1,-0.017021762953136614,0.50187761181481949,0,-0.012164373084555946,-0.00038478368026043059,0,1
2390,2,2.6412695667559554,-4.2274588299200397,0,0.0092890847731122821,0.0057347546997687402,0,0.001
2400,0,0.13427309404310972,-0.47917785862002482,0,0.011704982165800496,0.0032971334427800781,0,1
2400,1,-0.1370065906984638,0.48334695139914141,0,-0.011714137746564973,-0.0033030717550263005,0,1
2400,2,2.7334966554736972,-4.1690927791709242,0,0.0091555807643278891,0.0059383122459058793,0,0.001
2410,0,0.24617635366204171,-0.43235684870563551,0,0.010565108830560232,0.0060207930371371735,0,1
2410,1,-0.24900072118983932,0.4364655449880317,0,-0.010574126810392411,-0.0060269337860369664,0,1
2410,2,2.8243675279163658,-4.1086962824528914,0,0.009017979832010933,0.0061407488995173249,0,0.001
2420,0,0.34349580770842741,-0.35994724412518853,0,0.0088026271780860445,0.0083895803999553178,0,1
2420,1,-0.34640965295948528,0.36399352805066509,0,-0.0088115042508614527,-0.0083959217407949208,0,1
2420,2,2.9138452511741995,-4.0462839255355671,0,0.0088770727752132527,0.0063413408393805824,0,0.001
2430,0,0.42049624897293042,-0.26621652522183981,0,0.0065213762296294506,0.010263959835551536,0,1
2430,1,-0.42349814903546179,0.27019840396343359,0,-0.006530109709365294,-0.010270498984182218,0,1
2430,2,3.0019000626449812,-3.9818787416546688,0,0.0087334797356109096,0.0065391486305033161,0,0.001
2440,0,0.47263954888829779,-0.15668807445551927,0,0.00385574966577334,0.011533526687376712,0,1
2440,1,-0.47572805593898804,0.16060358797012758,0,-0.0038643372026037023,-0.011540259880074644,0,1
2440,2,3.0885070508032841,-3.9155135146705677,0,0.0085875368301578294,0.0067331926977769593,0,0.001
2450,0,0.49685191870788364,-0.037815754530321939,0,0.00096277501051228508,0.012123507740858673,0,1
2450,1,-0.50002556172533352,0.041662984798721492,0,-0.00097121425947330642,-0.012130430372799691,0,1
2450,2,3.173643017560289,-3.8472302684634476,0,0.0084392489608245535,0.0069226319408588017,0,0.001
2460,0,0.49170487987737038,0.083396280019870928,0,-0.0019871381735996688,0.011999160260493479,0,1
2460,1,-0.49496216310936941,-0.079619201864196479,0,0.0019788498596138653,-0.012006267159311428,0,1
2460,2,3.2572832321079286,-3.7770781557401283,0,0.0082883139856053493,0.0071068988176889326,0,0.001
2470,0,0.45749931403146271,0.19980612633467373,0,-0.0048202347117899799,0.011167812410044307,0,1
2470,1,-0.46083871274947336,-0.196101016003701,0,0.0048121005105948959,-0.011175098175500438,0,1
2470,2,3.3393987181175775,-3.7051103310399061,0,0.0081342011949186045,0.0072857654559534708,0,0.001
2480,0,0.39624767920990023,0.30455473692334784,0,-0.0073696437260101916,0.0096784273147035114,0,1
2480,1,-0.39966763370058889,-0.30092335640846679,0,0.0073616674673516059,-0.0096858866558394048,0,1
2480,2,3.4199544907940549,-3.6313805149508696,0,0.0079762586584416623,0.0074593411356456358,0,0.001
2490,0,0.31155546880424928,0.39146983689088555,0,-0.0094852010550806904,0.0076187184232507444,0,1
2490,1,-0.31505437772486017,-0.38791389703053147,0,0.0094773872265880455,-0.0076263464410230774,0,1
2490,2,3.4989089207141721,-3.5559398604263968,0,0.0078138284925579754,0.007628017772095594,0,0.001
2500,0,0.20840890297810577,0.4554294045274983,0,-0.011042288206615037,0.005109986715907378,0,1
2500,1,-0.21198511721431593,-0.45195056998649474,0,0.011034641848682834,-0.0051177790989014099,0,1
2500,2,3.5762142363134291,-3.4788345410781139,0,0.0076463579321790218,0.0077923829937932175,0,0.001
2510,0,0.092881338765963203,0.49266334477595813,0,-0.011949169771069575,0.0022999827953445601,0,1
2510,1,-0.096533156852952162,-0.48926324046774966,0,0.011941696271725801,-0.0023079359104452545,0,1
2510,2,3.6518180870921189,-3.4001043082856395,0,0.0074734993437867662,0.0079531151004739575,0,0.001
2520,0,-0.028224348435399921,0.50097560761261029,0,-0.012152398620099888,-0.00064578814334521157,0,1
2520,1,0.024498682416119286,-0.49765582545971132,0,0.012145103429184347,0.00063767727505272985,0,1
2520,2,3.7256660193840703,-3.3197821529777487,0,0.0072951909155674292,0.0081108682922524534,0,0.001
2530,0,-0.14777639470718859,0.47987366148220906,0,-0.011639970309281029,-0.0035538092604178242,0,1
2530,1,0.14397869010172276,-0.47663576634854282,0,0.011632858605561078,0.0035455431046836731,0,1
2530,2,3.7977046055696473,-3.2378951337463704,0,0.0071117037199499482,0.0082661557339349795,0,0.001
2540,0,-0.25873422704305582,0.43059766149093082,0,-0.010442038940525686,-0.0062527714027103484,0,1
2540,1,0.25486634224666249,-0.42744319515763446,0,0.010435115304452257,0.006244352158949828,0,1
2540,2,3.8678847964969854,-3.1544663333789504,0,0.0069236360734123547,0.008419243760311286,0,0.001
2550,0,-0.35456325935824229,0.35604754396658811,0,-0.0086291492895867981,-0.0085836676673467557,0,1
2550,1,0.35062709447221391,-0.3529780262374807,0,0.0086224174494436232,0.0085750975881995813,0,1
2550,2,3.9361648861327687,-3.0695177291920124,0,0.0067318401431924486,0.0085700791469562609,0,0.001
2560,0,-0.42961995217499066,0.26061229317344747,0,-0.0063080863508505215,-0.010409167449935263,0,1
2560,1,0.42561743977305105,-0.25762921965479668,0,0.0063015490679480153,0.01040044917535103,0,1
2560,2,4.0025124020443421,-2.9830735187377488,0,0.0065372829025183189,0.0087182745840136966,0,0.001
2570,0,-0.47948441011143961,0.14991140824354704,0,-0.0036155850202549155,-0.011621715110742416,0,1
2570,1,0.47541750572979408,-0.14701624501416638,0,0.0036092441512431475,0.011612851943528965,0,1
2570,2,4.0669043817497634,-2.8951632294705134,0,0.0063408690117393541,0.0088631672131732273,0,0.001
2580,0,-0.50122087335293408,0.030463800699496498,0,-0.00071027061815948881,-0.012149873014119636,0,1
2580,1,0.49709154747321627,-0.027657976797237516,0,0.0007041273455692049,0.012140869072538175,0,1
2580,2,4.1293258798202013,-2.8058239023518143,0,0.0061432725902674035,0.0090039415811801748,0,0.001
2590,0,-0.49355071797379935,-0.090696343303478588,0,0.0022366930090004303,-0.011962532887158336,0,1
2590,1,0.489360950937756,0.093411444158418108,0,-0.0022426378330581065,0.011953393103388311,0,1
2590,2,4.1897670361476056,-2.7151008550346036,0,0.0059448240576562535,0.0091397837698080787,0,0.001
2600,0,-0.45692775926819013,-0.20643406165152356,0,0.0050516939985737674,-0.011070746701202729,0,1
2600,1,0.4526795398658755,0.20905710858070892,0,-0.005057439475152011,0.011061476677684642,0,1
2600,2,4.2482194024180924,-2.6230469292827032,0,0.0057454765781991086,0.0092700235178879917,0,0.001
2610,0,-0.393511436033321,-0.30993401523457048,0,0.007568904560411387,-0.0095270703366680306,0,1
2610,1,0.38920676370801482,0.31246373575740405,0,-0.0075744494087341616,0.0095176761053029166,0,1
2610,2,4.3046723254088191,-2.5297205229327071,0,0.0055448483227188861,0.0093942313649109377,0,0.001
2620,0,-0.30703948980164886,-0.39510199689265219,0,0.009640050547807387,-0.0074224610058823753,0,1
2620,1,0.30268037975982959,0.39753717982504416,0,-0.0096453928658877617,0.0074129487466086733,0,1
2620,2,4.3591100419223698,-2.4351829324937841,0,0.0053423180802844592,0.0095122592734975808,0,0.001
2630,0,-0.20260767885476788,-0.45692389761381003,0,0.011143143290322706,-0.0048809136674540171,0,1
2630,1,0.19819616896740744,0.45926339316167042,0,-0.011148280438829126,0.0048712894357173702,0,1
2630,2,4.4115098874624934,-2.3394955479647765,0,0.0051371485063368503,0.0096242317364618885,0,0.001
2640,0,-0.086369533408609325,-0.49176100463592659,0,0.0119896608908798,-0.0020521540469145157,0,1
2640,1,0.081907691616141448,0.49400372195901299,0,-0.011994589508824757,0.0020424235448637416,0,1
2640,2,4.4618417925688378,-2.2427173231927937,0,0.0049286179449173958,0.0097305020505961109,0,0.001
2650,0,0.03482615043400987,-0.49756426677992499,0,0.012129758023828477,0.00089718096829118803,0,1
2650,1,-0.039336219523349154,0.49970916958290967,0,-0.012134474172896577,-0.00090701255455733452,0,1
2650,2,4.5100690894396491,-2.1449028030931387,0,0.0047161490680471567,0.0098315862659718763,0,0.001
2660,0,0.15383873213537297,-0.47399493252065023,0,0.011555199018107245,0.0037933569435652102,0,1
2660,1,-0.15839488268377139,0.47604103341424059,0,-0.011559698442439387,-0.003803285024863527,0,1
2660,2,4.5561505484978833,-2.0461008937008462,0,0.0044994243320737488,0.0099280812981347305,0,0.001
2670,0,0.2636563196055246,-0.42244446833304972,0,0.010299842112480235,0.0064657730400824375,0,1
2670,1,-0.26825636305111816,0.42439082285117935,0,-0.010304120586111807,-0.0064757936101832699,0,1
2670,2,4.6000434456919663,-1.9463545182430289,0,0.0042784736314738728,0.010020570100656767,0,0.001
2680,0,0.35780877882539425,-0.34595258176569077,0,0.0084376458738287894,0.0087570094909283566,0,1
2680,1,-0.36245048610577441,0.34779828303136634,0,-0.0084416995866760953,-0.0087671190104347263,0,1
2680,2,4.6417072804779096,-1.845701265791744,0,0.00405371284723833,0.010109519506236011,0,0.001
2690,0,0.43074884307731215,-0.24902816476981518,0,0.0060783139696854969,0.010532100217410521,0,1
2690,1,-0.43542995061600531,0.25077233981249586,0,-0.0060821398808605836,-0.010542295402493816,0,1
2690,2,4.6811075387899548,-1.7441750427977023,0,0.00382591117499751,0.010195185083158937,0,0.001
2700,0,0.47817887055858055,-0.13738369020881577,0,0.0033608335787452676,0.011686483948247008,0,1
2700,1,-0.48289708928237784,0.13902549875395681,0,-0.003364429656368813,-0.011696761494758762,0,1
2700,2,4.7182187238937745,-1.6418085452587894,0,0.0035960776234570534,0.010277546511633826,0,0.001
2710,0,0.49730399119363999,-0.017598701222286055,0,0.00044528751201670805,0.012152164271414256,0,1
2710,1,-0.50205701709660666,0.019137337343227062,0,-0.00044865279489913497,-0.01216252056886501,0,1
2710,2,4.7530259030619666,-1.5386361210607482,0,0.0033652828823487854,0.010356297450604703,0,0.001
2720,0,0.48699671926201299,0.10326777720244042,0,-0.0024965771418046234,0.011901714537670442,0,1
2720,1,-0.49178224358449535,-0.10183308079238167,0,0.002493442681785129,-0.011912145437598063,0,1
2720,2,4.7855243225753492,-1.4346964101796378,0,0.0031344600194131806,0.010430899927509098,0,0.001
2730,0,0.44786333302339498,0.21809305753374694,0,-0.0052914670030608886,0.010949891275612149,0,1
2730,1,-0.45267905017669302,-0.21676302336985193,0,0.005288562764441211,-0.010960391965599286,0,1
2730,2,4.8157171533903735,-1.3300341640171767,0,0.0029042386196171293,0.010500689986972959,0,0.001
2740,0,0.3822081226854534,0.32011033149490692,0,-0.0077747497081417528,0.0093527618148486567,0,1
2740,1,-0.387051734613373,-0.31888563061458802,0,0.0077720748546123517,-0.009363326817704699,0,1
2740,2,4.8436119280101737,-1.2247008804432031,0,0.0026748535293364874,0.010565002855821954,0,0.001
2750,0,0.29389763378773437,0.40330721891567645,0,-0.0098001487717849431,0.0072043991087174528,0,1
2750,1,-0.29876685028857253,-0.40218846468092029,0,0.009797702631491708,-0.0072150223923753577,0,1
2750,2,4.869216500928581,-1.1187542348832118,0,0.0024461402931796011,0.010623283657654702,0,0.001
2760,0,0.1881329228007354,0.4627798618918203,0,-0.011248355661029746,0.0046313401084310448,0,1
2760,1,-0.19302545814520894,-0.46176760532026206,0,0.011246138058098836,-0.0046420152710577511,0,1
2760,2,4.8925353445624937,-1.0122565716874394,0,0.0022176029308558281,0.010675162626487598,0,0.001
2770,0,0.071143247404814813,0.49502173418761769,0,-0.012034053541134505,0.0017851349437601879,0,1
2770,1,-0.076056814181365867,-0.49411646134457082,0,0.012032065013161047,-0.0017958554346730361,0,1
2770,2,4.9135667766399287,-0.90527284317763779,0,0.0019885279734231341,0.010720490912650961,0,0.001
2780,0,-0.050180777880791873,0.49813018308471912,0,-0.012110940989853238,-0.0011665747304432199,0,1
2780,1,0.045248476424126598,-0.49733231472484685,0,0.012109182868949903,0.0011558153863323829,0,1
2780,2,4.9323014567538852,-0.79786836000574235,0,0.0017581209033015785,0.010759344110633496,0,0.001
2790,0,-0.1686929820400577,0.47191855483781392,0,-0.011474461138130771,-0.0040499244973171361,0,1
2790,1,0.16374425975136234,-0.4712284482084349,0,0.011472935489383222,0.0040391324949880635,0,1
2790,2,4.9487222887836637,-0.69010662951438473,0,0.0015256487475469736,0.010792002328869168,0,0.001
2800,0,-0.27741252794151977,0.41792729458982636,0,-0.01016207550742146,-0.0066950641627163696,0,1
2800,1,0.27244972221026315,-0.41734524709938925,0,0.010160784930235013,0.0066842452516982518,0,1
2800,2,4.9628057313444325,-0.58204749057420113,0,0.0012905771864074205,0.010818911017886488,0,0.001
2810,0,-0.36993513049787047,0.33933333902214086,0,-0.0082510649150913436,-0.0089461620505791595,0,1
2810,1,0.364960606100799,-0.33885959328275567,0,0.0082500122266623652,0.0089353214291034849,0,1
2810,2,4.9745243971579756,-0.47374573952519378,0,0.0010526884289202409,0.010840621475451164,0,0.001
2820,0,-0.44081038905314623,0.24076309565791518,0,-0.0058539843990485394,-0.010670588165811489,0,1
2820,1,0.43582653840133867,-0.24039784519626742,0,0.0058531722398698482,0.010659730456578727,0,1
2820,2,4.983850651895545,-0.36525046179080134,0,0.00081215917868500246,0.010857709232526292,0,0.001
2830,0,-0.4858629889407074,0.12801998185075439,0,-0.0031120371484679933,-0.011766734422355993,0,1
2830,1,0.48087222825424508,-0.12776337657654518,0,0.0031114675752844578,0.011755863747102331,0,1
2830,2,4.9907606865509679,-0.25660527435463282,0,0.00056957318355590363,0.010870675253421285,0,0.001
2840,0,-0.50243880999454338,0.0077425462568458192,0,-0.00018675595489043602,-0.012170008862187451,0,1
2840,1,0.49744357169329406,-0.0075946966810054766,0,0.00018643010573092043,0.01215912901508941,0,1
2840,2,4.995238301337463,-0.14784957598867998,0,0.00032584915953254225,0.010879847097769247,0,0.001
2850,0,-0.48956139359106815,-0.11298668665351799,0,0.0027495178408940804,-0.011856647641919434,0,1
2850,1,0.48456411604671568,0.11302570732839691,0,-0.0027495999276867023,0.011845762334866186,0,1
2850,2,4.9972775444405082,-0.039020675030148361,0,8.2086792641283108e-05,0.010885307052914536,0,0.001
2860,0,-0.44798950959073747,-0.2270585760255697,0,0.0055237951944479132,-0.010845117625579194,0,1
2860,1,0.44299262606352091,0.22698873241761747,0,-0.0055236345583604095,0.010834230753458105,0,1
2860,2,4.9968835273031207,0.069843607797635279,0,-0.00016063608750107314,0.0108868721207951,0,0.001
2870,0,-0.38017241598530982,-0.32775629258378131,0,0.0079726383733979451,-0.0091950259500111053,0,1
2870,1,0.37517834479417822,0.32757759014451726,0,-0.0079722369126781819,0.009184141816031539,0,1
2870,2,4.9940711912185254,0.17870243910564701,0,-0.00040146071977632532,0.010884133979254937,0,0.001
2880,0,-0.29010546252290365,-0.40915108734228517,0,0.0099517942808958846,-0.0070036018098723514,0,1
2880,1,0.28511660016843082,0.40886357722112732,0,-0.0099511543939376432,0.0069927252651059424,0,1
2880,2,4.9888623545607969,0.28751012099573631,0,-0.00063988695820268093,0.010876544766069179,0,0.001
2890,0,-0.18309458541137702,-0.46645155624869933,0,0.011344692777567948,-0.0043999603027665814,0,1
2890,1,0.17811330363049224,0.4660553410366608,0,-0.01134381694998934,0.0043890967818907729,0,1
2890,2,4.9812817809741317,0.39621521187225683,0,-0.00087582757856624334,0.010863520875438123,0,0.001
2900,0,-0.065443616323731482,-0.49628582480771705,0,0.01206930943967224,-0.0015374893208344219,0,1
2900,1,0.060472263193170214,0.49578106414532491,0,-0.012068199859796847,0.0015266447821953193,0,1
2900,2,4.9713531306502725,0.50476066222181448,0,-0.0011095798754028764,0.010844538638706788,0,0.001
2910,0,0.055917133901723572,-0.49690005640299001,0,0.012082990271750488,0.0014151896771390903,0,1
2910,1,-0.060876229423548985,0.49628697160093055,0,-0.01208164853536987,-0.0014260088848685804,0,1
2910,2,4.9590955219141213,0.61308480188558157,0,-0.001341736380694844,0.010819207729096673,0,0.001
2920,0,0.17383912041279573,-0.46826163356647049,0,0.011384956863024027,0.0042841537111778629,0,1
2920,1,-0.17878364159469018,0.46754051062843927,0,-0.011383383802808173,-0.0042949410313938615,0,1
2920,2,4.9445211819820836,0.72112293785296622,0,-0.0015730602159297819,0.010787320215602695,0,0.001
2930,0,0.28137659944898813,-0.41206097651073903,0,0.010016346945618128,0.0069004189443143413,0,1
2930,1,-0.28630423388523019,0.41123216717601302,0,-0.01001454260099106,-0.006911167822898483,0,1
2930,2,4.9276344363304547,0.82880933454350247,0,-0.0018043446270715744,0.010748878583756028,0,0.001
2940,0,0.37219568156316768,-0.33161191888774511,0,0.0080577894136167789,0.0091098887901063397,0,1
2940,1,-0.37710411368902097,0.33067583951054424,0,-0.0080557531438617633,-0.009120592894201654,0,1
2940,2,4.9084321259422836,0.93607937701548594,0,-0.0020362697549806651,0.010704104094985036,0,0.001
2950,0,0.44094734401083657,-0.2316565133571426,0,0.0056246565983188949,0.010782425828002885,0,1
2950,1,-0.4458342494322603,0.23061364165279644,0,-0.0056223873295134655,-0.010793079249266545,0,1
2950,2,4.8869054215137275,1.0428717041566549,0,-0.0022692688053698421,0.010653421263331027,0,0.001
2960,0,0.4835824589307241,-0.11808574799455304,0,0.0028602721104890815,0.011819514870251104,0,1
2960,1,-0.48844550178910218,0.11693661796029765,0,-0.0028577686891457258,-0.011830112280738094,0,1
2960,2,4.863042858468444,1.1491300340630399,0,-0.0025034213432893046,0.010597410486692346,0,0.001
2970,0,0.49759029219882245,0.0024074034331631462,0,-7.2527619055159489e-05,0.012160066255935305,0,1
2970,1,-0.50242712639997011,-0.0036622077665286294,0,7.5266017737426498e-05,-0.012170602980088501,0,1
2970,2,4.8368342012364636,1.2548043331699055,0,-0.0027383986821906915,0.010536724152877538,0,0.001
2980,0,0.4821464169663382,0.12272218632502957,0,-0.0030009826903968249,0.011784016683934551,0,1
2980,1,-0.48695469145152331,-0.12408203731347323,0,0.0030039561767906862,-0.011794488657672584,0,1
2980,2,4.808274485275188,1.3598509882448975,0,-0.0029734863937785935,0.010471973737753586,0,0.001
2990,0,0.4381613099342328,0.23576831769212236,0,-0.0057525857538949449,0.010713513857665899,0,1
2990,1,-0.44293867732981063,-0.23723254949021916,0,0.0057557934479704823,-0.010723917469459231,0,1
2990,2,4.7773673956675733,1.4642317978953607,0,-0.0032076940754571441,0.010403611792969183,0,0.001
3000,0,0.36822674843560332,0.33488364571658696,0,-0.0081652447205340841,0.0090116136528043678,0,1
3000,1,-0.37297087561002995,-0.33645155761505113,0,0.008168684654694754,-0.0090219454952269428,0,1
3000,2,4.744127174516791,1.5679118982592126,0,-0.0034399341606215121,0.010331842422040919,0,0.001
3010,0,0.27646315634288343,0.41422659979540766,0,-0.010096832227055454,0.0067785659394361134,0,1
3010,1,-0.28117173492133613,-0.41589745685241769,0,0.010100501450938493,-0.0067888225269833007,0,1
3010,2,4.708578578542963,1.6708570568007064,0,-0.0036692238829690582,0.010256587546729033,0,0.001
3020,0,0.16827689473280552,0.46912029909237046,0,-0.011433558130861894,0.0041459083750298668,0,1
3020,1,-0.1729476496663144,-0.4708933300386019,0,0.011437452986234314,-0.0041560858907583476,0,1
3020,2,4.6707549336010867,1.7730309460173546,0,-0.0038948553723550865,0.010177515728031905,0,0.001
3030,0,0.050041806422607957,0.49632804473043735,0,-0.01209667146013493,0.0012687173352875785,0,1
3030,1,-0.054672501246394514,-0.49820243769259714,0,0.012100787954432809,-0.0012788114537503599,0,1
3030,2,4.6306948238793382,1.8743929619415307,0,-0.0041164942978777338,0.010094118462345416,0,0.001
3040,0,-0.071276216076553933,0.49424397550382015,0,-0.012047097697166036,-0.0016835263853022396,0,1
3040,1,0.066687777867585216,-0.49621887244148299,0,0.012051431893385117,0.0016735205767420751,0,1
3040,2,4.5884382090615636,1.97489693743779,0,-0.0043341962190754629,0.010005808559722074,0,0.001
3050,0,-0.18852952388674768,0.46298767231659355,0,-0.011287739564221704,-0.0045369187064077787,0,1
3050,1,0.18398550114701101,-0.4650621631716696,0,0.011292287918335586,0.0045270066876057112,0,1
3050,2,4.5440227398286392,2.0744908548451888,0,-0.004548354113951561,0.0099120188016073967,0,0.001
3060,0,-0.29480971113385113,0.40439715231030321,0,-0.0098633070332644537,-0.0071233730553926936,0,1
3060,1,0.29031223028892883,-0.40657026980466637,0,0.009868066633741332,0.0071135607660997528,0,1
3060,2,4.4974808450132091,2.1731174941276947,0,-0.0047596004769397803,0.0098122892924936179,0,0.001
3070,0,-0.38385454341478997,0.32192066687318799,0,-0.0078576870095273619,-0.009290519152492455,0,1
3070,1,0.37940570547963781,-0.32419138275485848,0,0.0078626556943440541,0.0092808128125652072,0,1
3070,2,4.4488379352431471,2.2707158814304433,0,-0.004968684816754998,0.0097063399267406127,0,0.001
3080,0,-0.45041686581912682,0.22041366195650969,0,-0.0053890068837663466,-0.010910678340303917,0,1
3080,1,0.44601875392508744,-0.22278088533668153,0,0.0053941832242490727,0.010901084214532078,0,1
3080,2,4.398111894129979,2.36722337992745,0,-0.0051763404827876707,0.0095941257712764561,0,0.001
3090,0,-0.49057376767341837,0.10585283220793922,0,-0.0026026809744332112,-0.011888387666594004,0,1
3090,1,0.48622845376153428,-0.10831541043233434,0,0.002608064125519918,0.011878911797846071,0,1
3090,2,4.3453139119740376,2.4625782241459571,0,-0.0053831510867787778,0.0094758687474122364,0,0.001
3100,0,-0.50195778023228788,-0.015015918764122001,0,0.00033715266586755712,-0.012166029113887287,0,1
3100,1,0.49766732962746807,0.012459196561080649,0,-0.00033156323608500365,0.012156677060603815,0,1
3100,2,4.2904506049090418,2.5567222027871073,0,-0.0055894297826343435,0.0093520532829939641,0,0.001
3110,0,-0.48389645687148819,-0.13507489545396537,0,0.0032573022490408757,-0.011727230635146017,0,1
3110,1,0.47966292967871987,0.13242529239221876,0,-0.0032515071166592923,0.011718007262227749,0,1
3110,2,4.2335271928553935,2.6496030614878268,0,-0.0057951323816677613,0.0092233729178165316,0,0.001
3120,0,-0.43745207241562967,-0.24725399314886307,0,0.0059857296856644969,-0.010597836103820243,0,1
3120,1,0.43327752114826518,0.24451281704363295,0,-0.0059797298550967491,0.010588745479430717,0,1
3120,2,4.1745512674505036,2.7411761049658061,0,-0.0059998305678340648,0.0090906243890319666,0,0.001
3130,0,-0.36535906764537995,-0.34494731515119625,0,0.0083616927597024091,-0.0088443846807275701,0,1
3130,1,0.36124553120810149,0.34211591061714969,0,-0.0083554899945596454,0.0088354301158134942,0,1
3130,2,4.1135364373640817,2.8314045337769711,0,-0.0062027651428415214,0.0089545649134889199,0,0.001
3140,0,-0.27186290965672427,-0.42240243816781892,0,0.010245221908096019,-0.0065701880538140403,0,1
3140,1,0.26781240462025896,0.41948217985668829,0,-0.010238818930643061,0.0065613722860007806,0,1
3140,2,4.050505036550053,2.9202583108558375,0,-0.0064029774530442261,0.0088157678127037675,0,0.001
3150,0,-0.16246987531174673,-0.47505934860680477,0,0.011525370397855115,-0.0039092373707486101,0,1
3150,1,0.15848438606719531,0.47205163685610696,0,-0.01151877090957718,0.0039005628530990218,0,1
3150,2,3.9854892446347256,3.0077117504165654,0,-0.0065994882780420795,0.0086745176490569537,0,0.001
3160,0,-0.04362253798993606,-0.4998190536451696,0,0.012126749916123038,-0.0010183012248050119,0,1
3160,1,0.039704007605337016,0.49672531326460256,0,-0.012119958441302448,0.0010097704524319082,0,1
3160,2,3.9185303846818336,3.0937403802798999,0,-0.0067914748206172283,0.0085307723725780212,0,0.001
3170,0,0.077679874403293617,-0.49522604274456195,0,0.012013966429724476,0.0019323166275512591,0,1
3170,1,-0.081529551060988734,0.49204772496341881,0,-0.012006988029451699,-0.0019407008223474112,0,1
3170,2,3.8496766577778669,3.1783177808516734,0,-0.006978400272824716,0.0083841947956222237,0,0.001
3180,0,0.19429384315966225,-0.46155388048149526,0,0.01119369678630769,0.0047688127123179519,0,1
3180,1,-0.19807282308629326,0.45829246746779101,0,-0.011186536713433299,-0.0047770469471806673,0,1
3180,2,3.7789799267129474,3.2614130134071688,0,-0.0071600728744913794,0.0082342348621622114,0,0.001
3190,0,0.29935233431066927,-0.40078893729788045,0,0.0097142867097150237,0.0073241201857879067,0,1
3190,1,-0.30305882657068506,0.39744594827863772,0,-0.009706950072855363,-0.0073322004232763156,0,1
3190,2,3.7064922600960699,3.3429890189406501,0,-0.0073366368598168415,0.0080802374878392643,0,0.001
3200,0,0.38666921151799977,-0.31651326649355366,0,0.0076628968754127846,0.0094477439246311301,0,1
3200,1,-0.39030147435499146,0.31309026435642012,0,-0.0076553883625858537,-0.009455665480778818,0,1
3200,2,3.6322628370705017,3.4230021368268098,0,-0.0075085128270505393,0.0079215561471770446,0,0.001
3210,0,0.45110350107315628,-0.21369356015490981,0,0.0051603670921449201,0.011014617371188038,0,1
3210,1,-0.45465983669127152,0.21019215741552597,0,-0.0051526907851207155,-0.011022375032333708,0,1
3210,2,3.5563356181922776,3.5014027390724132,0,-0.0076763070243401855,0.0077576611451112745,0,0.001
3220,0,0.48886209944458331,-0.098388621777437707,0,0.0023541013001230921,0.011932462359696614,0,1
3220,1,-0.49234084746282403,0.094810484883369905,0,-0.0023462605967240662,-0.011940050595831227,0,1
3220,2,3.4787480183160224,3.5781368937508122,0,-0.0078407033991450374,0.0075882361340858448,0,0.001
3230,0,0.49772313291707676,0.022607434561084938,0,-0.00059060901343195072,0.012147220814769551,0,1
3230,1,-0.501122663626549,-0.026260583463325635,0,0.00059861136012223811,-0.012154634069188843,0,1
3230,2,3.3995307095477223,3.6531489019180783,0,-0.0080023466904109285,0.0074132544187016213,0,0.001
3240,0,0.47716683186591219,0.14216528046736385,0,-0.003500314425564159,0.011646239417688352,0,1
3240,1,-0.48048554047182218,-0.14589166490575001,0,0.0035084761502543146,-0.011653472438070142,0,1
3240,2,3.3187086059848134,3.7263844380569027,0,-0.0081617246902600336,0.0072330203810999517,0,0.001
3250,0,0.42840620374622768,0.25324023870966272,0,-0.0062036196357159916,0.01045901902243512,0,1
3250,1,-0.4316425067198823,-0.25703803256134833,0,0.006211938699796163,-0.010466067179543053,0,1
3250,2,3.2363029737282742,3.797793851349069,0,-0.0083190640803278374,0.0070481571072403063,0,0.001
3260,0,0.35431567004270725,0.34928721377825628,0,-0.0085412779855213779,0.0086554827356073848,0,1
3260,1,-0.35746800446459914,-0.35315454878961294,0,0.0085497522482291758,-0.008662342262008146,0,1
3260,2,3.1523344219635785,3.867335011013171,0,-0.0084742627079554371,0.0068595264001186929,0,0.001
3270,0,0.25926183478832338,0.42464625163496827,0,-0.010375573842874552,0.0063418623021441562,0,1
3270,1,-0.26232866107095315,-0.42858122665660392,0,0.010384200726093692,-0.0063485303876435984,0,1
3270,2,3.0668262826984596,3.9349750212859034,0,-0.0086268832193614441,0.0066680854987711154,0,0.001
3280,0,0.14884632438198267,0.47487600125387591,0,-0.011598438808050822,0.0036544433262819809,0,1
3280,1,-0.15182613206645698,-0.47887669155522639,0,0.011607215029016739,-0.0036609180364849917,0,1
3280,2,2.9798076845418984,4.0006903009939849,0,-0.0087762209661033548,0.0064747102023521783,0,0.001
3290,0,0.029575835537838841,0.49701540771216796,0,-0.012137821660797538,0.00075153727836899814,0,1
3290,1,-0.032467151151010079,-0.50107987263439657,0,0.012146743095311332,-0.00075781731026423513,0,1
3290,2,2.8913156132363529,4.0644649218652784,0,-0.0089214345140167534,0.0062800318945762518,0,0.001
3300,0,-0.091521165143881131,0.48975819617575966,0,-0.011961935209952809,-0.0021958459786049918,0,1
3300,1,0.088719769647783692,-0.49388448375542665,0,0.011970996913024164,0.0021897616456534553,0,1
3300,2,2.8013954961599712,4.1262875792973412,0,-0.0090617030716188159,0.0060843329508825147,0,0.001
3310,0,-0.2073084929269591,0.45352985590070188,0,-0.01108112935533982,-0.0050140741503167689,0,1
3310,1,0.20459839266469534,-0.45771600381230865,0,0.011090325722504329,0.0050081866282277974,0,1
3310,2,2.7101002623233681,4.1861479112288791,0,-0.0091963671648516657,0.0058875220883442287,0,0.001
3320,0,-0.31096264026650111,0.39046259196327987,0,-0.0095472806574166836,-0.0075371220693255161,0,1
3320,1,0.30834515204683255,-0.3947066249172384,0,0.0095566056784186504,0.0075314328859545686,0,1
3320,2,2.6174882197241156,4.2440329535740533,0,-0.0093250210023503779,0.0056891833703342403,0,0.001
3330,0,-0.39637474432893433,0.30426973228293624,0,-0.0074507356258736706,-0.0096163517911413456,0,1
3330,1,0.39385112403000822,-0.30856965664266967,0,0.0074601831729511243,0.0096108631156711349,0,1
3330,2,2.5236202989777388,4.2999243593430787,0,-0.0094475470778042931,0.0054886754696375478,0,0.001
3340,0,-0.45851045317584027,0.2000269997071254,0,-0.0049149888722940871,-0.01112926766799628,0,1
3340,1,0.45608189596710536,-0.20438079646172164,0,0.0049245529738390177,0.011123982412037936,0,1
3340,2,2.4285572087825975,4.3537967541997169,0,-0.0095641015452763573,0.0052852559577717811,0,0.001
3350,0,-0.49370650436303282,0.08387353608642388,0,-0.0020894099081238868,-0.011986731833761088,0,1
3350,1,0.49137414744286939,-0.088279153468035623,0,0.0020990849737067161,0.011981653621210619,0,1
3350,2,2.3323569202073897,4.4056173812092831,0,-0.0096750655831575709,0.0050782125498045226,0,0.001
3360,0,-0.49988655570032675,-0.037349719388757467,0,0.00085955366119850262,-0.012138216129579452,0,1
3360,1,0.49765148294702855,0.032894372343292386,0,-0.00084977268609672007,0.012133349139364818,0,1
3360,2,2.2350727533396904,4.4553470450555137,0,-0.0097809751021172234,0.0048669902139171425,0,0.001
3370,0,-0.47668355386331246,-0.15650301243517861,0,0.0037581797047317339,-0.011574781412894253,0,1
3370,1,0.47454680161642887,0.1520000701684171,0,-0.0037482972696769551,0.011570130108765874,0,1
3370,2,2.1367522469208082,4.5029422663446494,0,-0.0098824350551105795,0.0046513041276468083,0,0.001
3380,0,-0.42546141801507847,-0.26656839284728762,0,0.0064357057401202254,-0.010329608002922392,0,1
3380,1,0.42342398106597728,0.26202003441222949,0,-0.0064257257186386835,0.010325176779599207,0,1
3380,2,2.037436949135131,4.548358434633796,0,-0.0099800214818917717,0.0044312233224917934,0,0.001
3390,0,-0.34923473642572411,-0.36106319582980206,0,0.0087343914395262116,-0.0084760444035370825,0,1
3390,1,0.34729757320046067,0.35647164226705425,0,-0.0087243172617059613,0.0084718372002889671,0,1
3390,2,1.9371632252942785,4.5915535623170296,0,-0.010074177820550173,0.004207203247487361,0,0.001
3400,0,-0.25249118186429759,-0.43442201335212838,0,0.010518816074789217,-0.0061232874292259922,0,1
3400,1,0.25065521779413041,0.42978952133680082,0,-0.010508650953642003,0.0061193073836903764,0,1
3400,2,1.8359640701950337,4.6324920148915787,0,-0.010165121147497643,0.0039800455350261308,0,0.001
3410,0,-0.14092709470818021,-0.48232462402109927,0,0.011683861392655948,-0.0034099470653981643,0,1
3410,1,0.13919322299947406,0.47765347658834945,0,-0.011673608609967473,0.0034061962883011839,0,1
3410,2,1.7338717087307951,4.6711474323089988,0,-0.010252782688719032,0.0037507770963752466,0,0.001
3420,0,-0.021111819421417877,-0.50195052854459077,0,0.012160907313649596,-0.00049587538989833172,0,1
3420,1,0.019480898903030553,0.49724302444039703,0,-0.012150570507702419,0.00049235492254658608,0,1
3420,2,1.6309205184098632,4.707504103747798,0,-0.010336805947387418,0.0035204673511602799,0,0.001
3430,0,0.099899401018988018,-0.49214507169444821,0,0.011921873625377199,0.0024472573220335574,0,1
3430,1,-0.10142655065957301,0.48740351530672649,0,-0.011911457015205018,-0.0024505473511090428,0,1
3430,2,1.5271496406056222,4.7415563872686182,0,-0.010416610172347523,0.0032900290749007621,0,0.001
3440,0,0.2149811259129123,-0.45348736322307309,0,0.010980869175353193,0.0052460814458213456,0,1
3440,1,-0.21640373060137288,0.44871405693587946,0,-0.010970377672383985,-0.0052491415033400707,0,1
3440,2,1.4226046884800965,4.773306286734738,0,-0.010491502969300548,0.0030600575181309948,0,0.001
3450,0,0.31735748651675311,-0.3882560223428928,0,0.0093933528111351527,0.0077357431886783947,0,1
3450,1,-0.31867482473704967,0.38345326255640377,0,-0.0093827920027386279,-0.0077385739356164301,0,1
3450,2,1.3173382203154618,4.8027597860240121,0,-0.010560808396656953,0.0028307469374160826,0,0.001
3460,0,0.40100128001330393,-0.30029480901889877,0,0.0072528582392944472,0.0097696131168026664,0,1
3460,1,-0.40221268901385848,0.29546488623128003,0,-0.007242234262734416,-0.0097722150106917191,0,1
3460,2,1.2114090005726459,4.8299227871473409,0,-0.010623976560107863,0.002601893888405914,0,0.001
3470,0,0.46098889093422984,-0.19478610580343722,0,0.0046854787422408598,0.011227916780039158,0,1
3470,1,-0.46209377128134554,0.1899313083487171,0,-0.004674798087184167,-0.011230289751066512,0,1
3470,2,1.1048803471337982,4.8547974542423757,0,-0.010680655056762722,0.0023729710267425684,0,0.001
3480,0,0.4937901715750071,-0.077945626787049416,0,0.0018424387108002434,0.012024781357040519,0,1
3480,1,-0.49478798954507192,0.073068247248967669,0,-0.0018317079907803216,-0.012026924601903528,0,1
3480,2,0.99781797008267115,4.8773795375977542,0,-0.010730720019989776,0.002143244862383173,0,0.001
3490,0,0.49747625665443679,0.043343657599378957,0,-0.0011088101010629,0.012113286332595874,0,1
3490,1,-0.49836654432406469,-0.048241314594292331,0,0.0011195843760068618,-0.012115198246716016,0,1
3490,2,0.89028766964468886,4.8976569944227064,0,-0.010774274944033858,0.0019119141194675533,0,0.001
3500,0,0.47183311535631234,0.16193684066462338,0,-0.0039944446524023732,0.01148822340011516,0,1
3500,1,-0.47261546852377778,-0.16685245069369606,0,0.004005256278782462,-0.011489901653227774,0,1
3500,2,0.78235316748249528,4.91561002857578,0,-0.010811626380161091,0.0016782531119968196,0,0.001
3510,0,0.41837417406060301,0.27084781417296955,0,-0.0066445012488977155,0.010186404332349306,0,1
3510,1,-0.41904824833778292,-0.27577902671501431,0,0.0066553444894541011,-0.010187846081040329,0,1
3510,2,0.67407427719652302,4.9312125415411829,0,-0.010843240556443638,0.0014417486903441426,0,0.001
3520,0,0.34025125825478758,0.36366068345940311,0,-0.0089028811169630882,0.0082844981516283136,0,1
3520,1,-0.34081676386244791,-0.3686051183242483,0,0.0089137507967261762,-0.0082857003681904295,0,1
3520,2,0.56550560767714797,4.9444348643345055,0,-0.010869679763133286,0.0012022165614324943,0,0.001
3530,0,0.24206906510781637,0.43490766378349399,0,-0.010636543653926526,0.0058945228516894066,0,1
3530,1,-0.2425257611190681,-0.4398629112470942,0,0.010647435171091922,-0.0058954827272162851,0,1
3530,2,0.45669601126804676,4.9552474630812959,0,-0.010891517165446757,0.00095987552620088019,0,0.001
3540,0,0.1296140475985246,0.48039120694062282,0,-0.011743346252964547,0.0031572543101817722,0,1
3540,1,-0.12996173656986271,-0.48535483200911289,0,0.011754255489055987,-0.0031579696639215476,0,1
3540,2,0.34768897135414095,4.9636250679646041,0,-0.010909236091429407,0.00071535373908699067,0,0.001
3550,0,0.0095136376758479923,0.49743136395213866,0,-0.012158067514435726,0.00023393809025559114,0,1
3550,1,-0.0097521616786663805,-0.50240091439333512,0,0.012168990646709454,-0.00023440769882818378,0,1
3550,2,0.23852400283405387,4.969550440662986,0,-0.010923132273744708,0.0004696085719103595,0,0.001
3560,0,-0.11115414010268794,0.4850237742710668,0,-0.011856256468501596,-0.0027032088486113274,0,1
3560,1,0.11102490120142505,-0.48999679118742856,0,0.011867189715164719,0.0027029850836527208,0,1
3560,2,0.12923890127823351,4.9730169158221758,0,-0.010933246663154232,0.00022376495792098211,0,0.001
3570,0,-0.22527766356466181,0.44389893323514457,0,-0.01085567841221213,-0.0054811464872700283,0,1
3570,1,0.22525779115922687,-0.44887296229147566,0,0.010866617764991416,0.0054811675792995835,0,1
3570,2,0.019872405449667046,4.9740290557848006,0,-0.010939352779305621,-2.1092030248173789e-05,0,0.001
3580,0,-0.32613072604289595,0.37647921758155312,0,-0.0092152705576097112,-0.0079362104378542433,0,1
3580,1,0.32622025936346011,-0.38145181881551532,0,0.0092262115620448913,0.0079364745521903549,0,1
3580,2,-0.089533320550488876,4.9726012334078025,0,-0.010941004435200788,-0.00026411433680007478,0,0.001
3590,0,-0.40776884964697135,0.28673619338809414,0,-0.0070316689559516265,-0.0099237579255989569,0,1
3590,1,0.40796778056973154,-0.29170494790697094,0,0.0070426065832068681,0.0099242627518036312,0,1
3590,2,-0.19893092274616764,4.9687545183158832,0,-0.010937627255298354,-0.00050482620534760653,0,0.001
3600,0,-0.46537952464232174,0.17995662537183219,0,-0.0044335125942921039,-0.011326691183155616,0,1
3600,1,0.46568779174900277,-0.18491913801214771,0,0.0044444412192073211,0.011327434355170767,0,1
3600,2,-0.30826710666700752,4.9625126397484696,0,-0.010928624915242062,-0.0007431720157916403,0,0.001
3610,0,-0.49556573162603101,0.062430995300020879,0,-0.0015738620561586536,-0.012062355741702153,0,1
3610,1,0.49598321453632738,-0.067384893199465834,0,0.0015847755304036167,0.012063335223083704,0,1
3610,2,-0.41748291028258977,4.9538978988708475,0,-0.010913474244996387,-0.00097948138222079487,0,0.001
3620,0,-0.49654605074500469,-0.058917099942145286,0,0.0013788191729300053,-0.012087408022111095,0,1
3620,1,0.49707256555729806,0.053974172190790613,0,-0.001367927376731435,0.01208862239671739,0,1
3620,2,-0.52651481228016161,4.94292775077421,0,-0.010891796198608514,-0.0012143746069350645,0,0.001
3630,0,-0.46825958604766094,-0.17693882875555864,0,0.0042505889883789139,-0.011400366860046609,0,1
3630,1,0.46889488246988198,0.17200921623398566,0,-0.0042397255866125803,0.011401815494240537,0,1
3630,2,-0.63529642220906224,4.9296125209858284,0,-0.010863401766365723,-0.0014486341945840169,0,0.001
3640,0,-0.41236953971849671,-0.28468125934410921,0,0.0068722724743128663,-0.010041699863156731,0,1
3640,1,0.41311330023945736,0.27976730485022344,0,-0.006861444157561074,0.010043382924770141,0,1
3640,2,-0.74376052094931855,4.913954493292862,0,-0.010828316751834335,-0.0016830616140567668,0,0.001
3650,0,-0.33216523211828081,-0.37579695172181105,0,0.0090894268488917723,-0.0080914399408731595,0,1
3650,1,0.33301707336975828,0.37090100327206021,0,-0.0090786400620743342,0.0080933582729630187,0,1
3650,2,-0.85184125146579248,4.8959484491509935,0,-0.010786786817442448,-0.0019183320904886025,0,0.001
3660,0,-0.23236833396602641,-0.44491788995349313,0,0.0107714396262931,-0.0056644718793580186,0,1
3660,1,0.23332781021112889,0.44004230633375091,0,-0.010760700367945264,0.0056666267391829762,0,1
3660,2,-0.95947624509210072,4.8755836191374735,0,-0.010739258347788178,-0.0021548598255919892,0,0.001
3670,0,-0.11885471190476631,-0.48797172896104579,0,0.011819224413626267,-0.0029037654286821904,0,1
3670,1,0.1199213203067875,0.4831188821038982,0,-0.011808538086497036,0.0029061581208132199,0,1
3670,2,-1.0666084020103728,4.8528468565363374,0,-0.010686327129117197,-0.0023926921316843861,0,0.001
3680,0,0.0016917389383812424,-0.50242171583419493,0,0.012171060352718262,2.804765909663904e-05,0,1
3680,1,-0.00051855196212821045,0.49759398921444586,0,-0.012160431702009778,-2.5416200793156545e-05,0,1
3680,2,-1.1731869762412435,4.8277266191316661,0,-0.010628650708421549,-0.0026314583041238231,0,0.001
3690,0,0.12217288441775637,-0.48741613305432197,0,0.011806229772882888,0.002958256907940918,0,1
3690,1,-0.12089371678597345,0.48261591597422765,0,-0.011795662939760013,-0.002955386509510079,0,1
3690,2,-1.2791676317703813,4.8002170794719428,0,-0.01056683312278099,-0.0028703984314882615,0,0.001
3700,0,0.23549455090221516,-0.4438384421977925,0,0.010746238224138274,0.0057142514480804469,0,1
3700,1,-0.23411003959529203,0.43906812069831452,0,-0.010735736916964262,-0.005711142966959298,0,1
3700,2,-1.3845113069093704,4.7703214988505946,0,-0.010501307173914736,-0.0031084811218028627,0,0.001
3710,0,0.33498447274442433,-0.37425516910885936,0,0.0090535442582254464,0.0081336920474697275,0,1
3710,1,-0.33349529071291206,0.36951711505652057,0,-0.0090431120099088939,-0.0081303474578797077,0,1
3710,2,-1.4891820314969038,4.7380540517051761,0,-0.010432248316481152,-0.0033445895906531477,0,0.001
3720,0,0.41478533942803703,-0.28276461526851093,0,0.006827874404821503,0.010074075581333676,0,1
3720,1,-0.41319219526932222,0.27806117562673949,0,-0.0068175148582734248,-0.010070497853489136,0,1
3720,2,-1.5931441586982011,4.7034396411324684,0,-0.010359546547947981,-0.0035777278451482142,0,0.001
3730,0,0.47019977418768749,-0.17475533981543664,0,0.0042003423708782206,0.011421127212078871,0,1
3730,1,-0.46850341455147143,0.17008882802517972,0,-0.004190059529720026,-0.011417320021200874,0,1
3730,2,-1.6963596361989912,4.6665117896125867,0,-0.01028284115807533,-0.0038071908786613865,0,0.001
3740,0,0.49796693072533704,-0.05658867776309659,0,0.0013257214082491402,0.012095526125518218,0,1
3740,1,-0.49616814485010052,0.05196136858069509,0,-0.00131551980677589,-0.012091493465536103,0,1
3740,2,-1.7987858752203545,4.627309181750384,0,-0.010201601473129093,-0.0040326599827354972,0,0.001
3750,0,0.49645444627379048,0.064775975572252897,0,-0.0016266729596778446,0.012057570439856757,0,1
3750,1,-0.49455407172607829,-0.069361847251359479,0,0.0016367881871095446,-0.012053316225816553,0,1
3750,2,-1.9003745476946678,4.5858716784489335,0,-0.010115227431586818,-0.0042542140408619138,0,0.001
3760,0,0.46575448834941863,0.18219103606531339,0,-0.0044829522745451367,0.011309509245426225,0,1
3760,1,-0.46375341695494826,-0.18673327264772235,0,0.0044929754230366705,-0.0113050369735689,0,1
3760,2,-2.0010713944515799,4.5422365817447146,0,-0.010023148491408427,-0.0044722718579865966,0,0.001
3770,0,0.40767827819169311,0.28874163713335221,0,-0.0070748905535983168,0.0098954069998415887,0,1
3770,1,-0.4055774612266787,-0.29323807285424353,0,0.0070848154636865644,-0.0098907195101031881,0,1
3770,2,-2.1008169649945421,4.4964357202206768,0,-0.0099249100881746606,-0.0046874897390648696,0,0.001
3780,0,0.32564943417345071,0.37815282051627519,0,-0.0092498254659361817,0.007898549654435108,0,1
3780,1,-0.32344988602738317,-0.38260131420902443,0,0.0092596457106861006,-0.00789364901918309,0,1
3780,2,-2.199548146047245,4.4484936920719251,0,-0.0098202447497749319,-0.0049006352526080425,0,0.001
3790,0,0.22450240951731132,0.44515907411041683,0,-0.010879645040980154,0.0054365449002357728,0,1
3790,1,-0.2222052091994943,-0.44955750154096558,0,0.010889354166892936,-0.005431432449300483,0,1
3790,2,-2.2972003177957809,4.3984274298654942,0,-0.0097091259126550287,-0.005112450935896168,0,0.001
3800,0,0.11019786193821324,0.48581448453820569,0,-0.011868332799702898,0.0026544030543093808,0,1
3800,1,-0.1078041520019417,-0.49016073167499069,0,0.011877924597347546,-0.0026490795360934317,0,1
3800,2,-2.3937099362489742,4.346247136095303,0,-0.0095917976445163648,-0.0053235182165541706,0,0.001
3810,0,-0.010528329006496036,0.49772524364429721,0,-0.012157627497948058,-0.00028399689256310091,0,1
3810,1,0.01301734624762424,-0.50201720216939627,0,0.012167096265556988,0.00028953102782327091,0,1
3810,2,-2.4890172411040443,4.2919585244017497,0,-0.0094687676087652928,-0.0055341352607731773,0,0.001
3820,0,-0.13056176935605748,0.48019079127114428,0,-0.011730462822921266,-0.0032055562399515773,0,1
3820,1,0.13314483800853616,-0.48442635739708728,0,0.011739803573087064,0.0032113004704903379,0,1
3820,2,-2.5830686524530182,4.2355661252399992,0,-0.0093407501656506461,-0.0057442305393651215,0,0.001
3830,0,-0.24282864132461446,0.43424523545752614,0,-0.010611981684826388,-0.0059381537562156099,0,1
3830,1,0.24550445965424653,-0.43842231262263953,0,0.010621190241479832,0.0059441070953056736,0,1
3830,2,-2.6758183296049265,4.1770771644040199,0,-0.0092085566533347679,-0.0059533390906820229,0,0.001
3840,0,-0.34071248627273765,0.36259655898952958,0,-0.0088680621821996125,-0.0083207900609487476,0,1
3840,1,0.34347971470228272,-0.36671306426553163,0,0.0088771351318910636,0.0083269507222876269,0,1
3840,2,-2.7672284295158893,4.1165052752863032,0,-0.0090729496913428704,-0.0061606613394817964,0,0.001
3850,0,-0.41844409660695059,0.26946715491560613,0,-0.0066014397110520451,-0.010213079538872854,0,1
3850,1,0.42130136448150945,-0.27352102812680829,0,0.0066103742089043049,0.010219444740239962,0,1
3850,2,-2.8572678745277442,4.0538732104793276,0,-0.0089344978521546329,-0.0063652013677246416,0,0.001
3860,0,-0.47144150176019972,0.16034507238118839,0,-0.0039456530209165345,-0.011503527672107244,0,1
3860,1,0.47438741160576142,-0.16433428628111507,0,0.0039544464932680014,0.011510093623972782,0,1
3860,2,-2.9459098455291275,3.9892138991979897,0,-0.0087934723513278315,-0.0065659518661065584,0,0.001
3870,0,-0.49657997655841918,0.041660642833537237,0,-0.0010571720902965351,-0.01211610359486338,0,1
3870,1,0.49961310513289281,-0.045583212467471768,0,0.0010658219029316624,0.01212286566948334,0,1
3870,2,-3.0331285744397438,3.9225696332000739,0,-0.0086498126349928255,-0.0067620746205701507,0,0.001
3880,0,-0.49237614189357998,-0.079592427988517137,0,0.001893825985219235,-0.012014719474647294,0,1
3880,1,0.49549503804538314,0.075738438317289297,0,-0.0018853228233545619,0.012021672505052882,0,1
3880,2,-3.1188961517685994,3.853989670487215,0,-0.0085031618645382452,-0.0069530304062030224,0,0.001
3890,0,-0.45907531431198167,-0.19626914181548105,0,0.0047334871697938957,-0.011205353327394335,0,1
3890,1,0.46227849427324619,0.19248561491638949,0,-0.0047251342172174053,0.011212491963245039,0,1
3890,2,-3.2031799612278431,3.7835268983443093,0,-0.0083529525763564767,-0.007138635851307671,0,0.001
3900,0,-0.39863698198744807,-0.30149416044873389,0,0.0072945242660072294,-0.0097356919649799062,0,1
3900,1,0.401922923100761,0.29778292616168317,0,-0.0072863257492250316,0.0097430110158676694,0,1
3900,2,-3.2859411132758432,3.7112342862987937,0,-0.008198516782130523,-0.0073190508883061766,0,0.001
3910,0,-0.31461929473306433,-0.38906682393663705,0,0.0094260706827909522,-0.0076923172365708772,0,1
3910,1,0.3179864287489339,0.38542966219929015,0,-0.0094180314819635302,0.0076998119519411639,0,1
3910,2,-3.3671340158315486,3.6371617365895377,0,-0.0080392008273835937,-0.0074947153708000841,0,0.001
3920,0,-0.21196939960974795,-0.45382638699087757,0,0.011002564815861338,-0.0051956029096870303,0,1
3920,1,0.21541610667985076,0.45026503325290629,0,-0.01099469034150409,0.005203269164560151,0,1
3920,2,-3.4467070700644373,3.5613537372087123,0,-0.0078744743572220152,-0.0076662548736061214,0,0.001
3930,0,-0.096731985584472477,-0.49195598046095584,0,0.011931143366089749,-0.0023926232979231432,0,1
3930,1,0.10025658998527957,0.48847213241018578,0,-0.01192343933884576,0.002400457667533014,0,1
3930,2,-3.5246044007683426,3.4838480500022131,0,-0.0077040272440645867,-0.0078343696103636198,0,0.001
3940,0,0.024306797558959151,-0.50120741331272101,0,0.012157109530379035,0.00055150927042559928,0,1
3940,1,-0.020706029096012254,0.49780273775331091,0,-0.012149581684395436,-0.000543509555731865,0,1
3940,2,-3.6007684629091257,3.404675558636574,0,-0.0075278459836954428,-0.0079997146942218083,0,0.001
3950,0,0.14401908453731785,-0.48103358330892282,0,0.011667154541022566,0.0034633691725456145,0,1
3950,1,-0.14034394128766875,0.47770972198330847,0,-0.011659808286489593,-0.0034552063925674089,0,1
3950,2,-3.6751432496121716,3.3238613248364568,0,-0.0073462545330871187,-0.0081627799786796774,0,0.001
3960,0,0.25535517102590255,-0.43262069361198363,0,0.010490142315730535,0.0061714327968877694,0,1
3960,1,-0.2516074933761463,0.4293792668208693,0,-0.010482982415525347,-0.0061631090125587292,0,1
3960,2,-3.7476776497206203,3.2414267903333118,0,-0.0071599002053051239,-0.0083237843294856253,0,0.001
3970,0,0.35175879353700223,-0.35881836545453444,0,0.0086954098059919948,0.0085161831801546014,0,1
3970,1,-0.34794046521158328,0.35566097258537477,0,-0.0086884401353709301,-0.0085077005722687168,0,1
3970,2,-3.8183283253837836,3.1573928683740871,0,-0.0069696706211876186,-0.0084826078863605506,0,0.001
3980,0,0.42755334317397603,-0.26397175192942773,0,0.0063886819746083214,0.010359508184591065,0,1
3980,1,-0.42366628175036575,0.26089996851482633,0,-0.0063819054281260956,-0.010350869396816734,0,1
3980,2,-3.8870614235756289,3.0717834138097837,0,-0.0067765464823199908,-0.0086387877748321969,0,0.001
3990,0,0.47827624731483537,-0.15366554070978422,0,0.0037058416181883855,0.011592837261231049,0,1
3990,1,-0.4743223947021411,0.15068091235285502,0,-0.003699260197242447,-0.011584045671176791,0,1
3990,2,-3.9538526126618607,2.9846283561321987,0,-0.0065814209460483527,-0.0087915900547869772,0,0.001
4000,0,0.50094180806246458,-0.034394938049460193,0,0.00080492177244108061,0.012143536137691311,0,1
4000,1,-0.49692312271602501,0.031498972275704626,0,-0.0007985368381270262,-0.012134595992473773,0,1
4000,2,-4.0186853464082679,2.8959657729529855,0,-0.0063849343141646605,-0.0089401452180447663,0,0.001
4010,0,0.49421701303154897,0.086816962408616916,0,-0.0021432059655757938,0.011979182239625016,0,1
4010,1,-0.49013546528427437,-0.089622804848515605,0,0.0021493933347454092,-0.01197009862957445,0,1
4010,2,-4.0815477472428352,2.8058424390913448,0,-0.0061873691697328752,-0.00908361005100735,0,0.001
4020,0,0.45849997806395354,0.20283286564022612,0,-0.0049648969738807615,0.011109469807476987,0,1
4020,1,-0.45435754921933236,-0.20554717845593082,0,0.0049708856011660054,-0.01110024849648625,0,1
4020,2,-4.1424288445907855,2.7143128148929221,0,-0.0059886272853883673,-0.0092213109912286616,0,0.001
4030,0,0.39589643043963935,0.30682164036875498,0,-0.0074939592485694156,0.0095856343775092192,0,1
4030,1,-0.3916951154684899,-0.30944307720524633,0,0.0074997475297514365,-0.0095762815404325709,0,1
4030,2,-4.2013149711213318,2.6214368356733355,0,-0.005788281182177904,-0.0093528370771953709,0,0.001
4040,0,0.31009564848846105,0.3926606152010072,0,-0.0095814374114466441,0.0074974326721092017,0,1
4040,1,-0.30583746153888253,-0.39518789227224271,0,0.0095870230875440884,-0.0074879545986188652,0,1
4040,2,-4.25818694955227,2.5272770704123282,0,-0.0055856760975526165,-0.0094780734908302255,0,0.001
4050,0,0.20615318302772215,0.45529614045160244,0,-0.011104380677504005,0.0049678571867031746,0,1
4050,1,-0.20184016458612117,-0.45772803626027714,0,0.01110976073417169,-0.0049582600016939227,0,1
4050,2,-4.3130184415756165,2.4318958078468205,0,-0.0053800566678722144,-0.0095971850097443905,0,0.001
4060,0,0.090193154125924824,0.49104121560725655,0,-0.01197308081139133,0.0021458967315914125,0,1
4060,1,-0.085827378517898525,-0.49337656810017949,0,0.011978251511592878,-0.0021361861663554546,0,1
4060,2,-4.3657756080030907,2.3353524920891551,0,-0.0051707002017228245,-0.0097105652364410881,0,0.001
4070,0,-0.030952369609149103,0.49779268069615945,0,-0.012136355786141877,-0.00080223227923174867,0,1
4070,1,0.035368787696604981,-0.50003038247854159,0,0.012141312831739928,0.00081205104350882723,0,1
4070,2,-4.4164180874341952,2.2377017815454776,0,-0.0049570455982324881,-0.0098187642775592523,0,0.001
4080,0,-0.15014571044548605,0.47515518562428305,0,-0.011584568644831927,-0.0037028699444508232,0,1
4080,1,0.15461061164794326,-0.47729417803553109,0,0.011589307452809028,0.0037127923456022728,0,1
4080,2,-4.4649012024378107,2.1389924104063316,0,-0.0047388079773279992,-0.0099224011519327901,0,0.001
4090,0,-0.26036398217932999,0.42446461495150106,0,-0.010350202739631871,-0.0063851387726672135,0,1
4090,1,0.26487516135932415,-0.42650388194247429,0,0.01035471880333267,0.006395160836619865,0,1
4090,2,-4.5111791799763905,2.0392669901252827,0,-0.00451606370098207,-0.010022063953159702,0,0.001
4100,0,-0.35511281278564899,0.34870954543713911,0,-0.0085059569865883235,-0.0086910106749522494,0,1
4100,1,0.35966802176882273,-0.35064810828468401,0,0.0085102462701458666,0.0087011288792290878,0,1
4100,2,-4.5552089831571481,1.9385628466912022,0,-0.0042892835576911724,-0.010118204277368117,0,0.001
4110,0,-0.42880901443607283,0.25235531189824861,0,-0.0061604702429974185,-0.010484621941570573,0,1
4110,1,0.43340596855537422,-0.25419222577968065,0,0.0061645295347957383,0.010494832983382283,0,1
4110,2,-4.596954119285388,1.836913880571575,0,-0.0040592917985021442,-0.010211041812287854,0,0.001
4120,0,-0.47710962631094056,0.141081004545593,0,-0.0034519241356254509,-0.011660285517800895,0,1
4120,1,0.48174601393419048,-0.14281535777468585,0,0.0034557512784172796,0.011670586021733721,0,1
4120,2,-4.6363876232349108,1.734353228225713,0,-0.0038271427920146812,-0.010300503933474628,0,0.001
4130,0,-0.49716789660194277,0.021444876376961384,0,-0.00053990023824266058,-0.012148725446242296,0,1
4130,1,0.50184139006405948,-0.023075792626528563,0,0.00054349417262061891,0.012159111670424286,0,1
4130,2,-4.6734934621030986,1.630916248693381,0,-0.003593934378140427,-0.010386224182645478,0,0.001
4140,0,-0.48780107459283883,-0.099502111222491876,0,0.0024040276512092757,-0.011921163119148937,0,1
4140,1,0.49250934053558837,0.097975468033432003,0,-0.0024006670468104075,0.01193163072665762,0,1
4140,2,-4.708265942736813,1.5266431881789988,0,-0.0033606043990442066,-0.010467607509392567,0,0.001
4150,0,-0.44956009820400844,-0.21463179608969124,0,0.0052064092742510884,-0.010991012831375968,0,1
4150,1,0.45430080544059115,0.21321021517068542,0,-0.0052032815079049608,0.011001556776999245,0,1
4150,2,-4.7407072365720682,1.4215809181175538,0,-0.0031277663463108955,-0.010543945623933208,0,0.001
4160,0,-0.38469707176403561,-0.31715884781184389,0,0.0077021426566580052,-0.0094130869449122051,0,1
4160,1,0.38946789539937254,0.31584306440095539,0,-0.007699247032492672,0.0094237014928371908,0,1
4160,2,-4.7708236353281039,1.3157834099941703,0,-0.0028956241655242031,-0.010614547925641836,0,0.001
4170,0,-0.29703247839201385,-0.40104054177954446,0,0.009744203139974577,-0.0072803594813768179,0,1
4170,1,0.30183109979492312,0.39983123080601429,0,-0.0097415391642843765,0.0072910383345905034,0,1
4170,2,-4.7986214029031427,1.2093109726296738,0,-0.0026639756903673838,-0.010678853214264669,0,0.001
4180,0,-0.19172999374196933,-0.46133271006095178,0,0.011212302856717839,-0.004718481666820637,0,1
4180,1,0.19655409678387395,0.46023048150032009,0,-0.011209870568780367,0.0047292181690114753,0,1
4180,2,-4.8241030419002122,1.1022285597244703,0,-0.0024322879376456837,-0.010736502191437257,0,0.001
4190,0,-0.074992209065837673,-0.49448091409902578,0,0.012019971578734499,-0.0018783750770882664,0,1
4190,1,0.079839473624781193,0.49348631053494141,0,-0.012017771761723297,0.0018891624457461511,0,1
4190,2,-4.8472645589415446,0.99460356317142085,0,-0.002199817011419406,-0.010787368658492762,0,0.001
4200,0,0.046304786386250678,-0.49852972028258907,0,0.012119644037302606,0.0010726599562419872,0,1
4200,1,-0.041436692336962892,0.49764321681483248,0,-0.012117678288534278,-0.0010618283982430669,0,1
4200,2,-4.8680940492880893,0.88650346683792203,0,-0.0019657487686151197,-0.010831557999532244,0,0.001
4210,0,0.16501643596464377,-0.47323778932043425,0,0.011505456447344438,0.003960797136158086,0,1
4210,1,-0.16012986424126541,0.47245979568156943,0,-0.011503727102869652,-0.0039499277537379078,0,1
4210,2,-4.8865717233819748,0.77799363794056597,0,-0.0017293444750975894,-0.010869382420799113,0,0.001
4220,0,0.27415051914799282,-0.42009202932149498,0,0.01021358917176351,0.0066159193096684129,0,1
4220,1,-0.2692478477805707,0.41942289385861131,0,-0.010212099091719396,-0.0066050179925012742,0,1
4220,2,-4.9026713674290505,0.66913546195373375,0,-0.0014900800444369517,-0.010901317167766905,0,0.001
4230,0,0.36727896926010223,-0.34221998971967305,0,0.0083201357150476853,0.0088816350303331203,0,1
4230,1,-0.36236260615197025,0.34166000470433833,0,-0.0083188879503398334,-0.0088707070938609436,0,1
4230,2,-4.9163631081424795,0.55998501439939852,0,-0.0012477647081122632,-0.010927936472806385,0,0.001
4240,0,0.43891647303442449,-0.24420564809749615,0,0.0059366226688699914,0.010624488214424896,0,1
4240,1,-0.43398885586005564,0.24375505561343735,0,-0.0059356200513778221,-0.010613538386807581,0,1
4240,2,-4.927617174383351,0.45059248311822353,0,-0.0010026174924540943,-0.010949827617930371,0,0.001
4250,0,0.48484356310577342,-0.1318194207858942,0,0.0032034428805527782,0.011741819016165205,0,1
4250,1,-0.47990715500376552,0.13147841824469275,0,-0.0032026876054557555,-0.011730851527283807,0,1
4250,2,-4.9364081020255703,0.34100254025472587,0,-0.0007552750972894583,-0.010967488882033074,0,0.001
4260,0,0.50235516780615852,-0.011678280750406739,0,0.00028158716857053131,0.012167812283551451,0,1
4260,1,-0.49741244921885902,0.011447025005720804,0,-0.00028108045655377348,-0.012156831053718647,0,1
4260,2,-4.9427185873189448,0.23125574373264243,0,-0.0005067120170337469,-0.01098122983346456,0,0.001
4270,0,0.49041996259357207,0.10914400627412585,0,-0.0026568389784276105,0.01187737593613622,0,1
4270,1,-0.48547342048612202,-0.10926539708348103,0,0.0026570970556411594,-0.011866384834135357,0,1
4270,2,-4.94654210747301,0.12139080839551714,0,-0.00025807721383142555,-0.010991102001477014,0,0.001
4280,0,0.44974112143593503,0.22353356392083223,0,-0.0054387545556893154,0.010887619487926031,0,1
4280,1,-0.44479323780772856,-0.22354501123169504,0,0.0054387650388933078,-0.010876622603307937,0,1
4280,2,-4.9478836282316374,0.011447309897075644,0,-1.0483204287050026e-05,-0.010996884618673724,0,0.001
4290,0,0.38271488442938867,0.32475544701311726,0,-0.0079002994814329954,0.0092568451490099499,0,1
4290,1,-0.37776812623026457,-0.32465691523299323,0,0.0079000642859611541,-0.0092458470171272872,0,1
4290,2,-4.9467581991531189,-0.098531781095998097,0,0.00023519547156379984,-0.010998131883257456,0,0.001
4300,0,0.29328939072483462,0.40685034651209984,0,-0.0098964864423989433,0.0070811116068167463,0,1
4300,1,-0.28834620291511781,-0.4066418482290064,0,0.0098960079809417029,-0.0070701173415613208,0,1
4300,2,-4.9431878097488973,-0.20849828407216975,0,0.00047846145694362656,-0.010994265256025875,0,0.001
4310,0,0.18673210944827232,0.46498558791423411,0,-0.011309739217706965,0.0044885743391340589,0,1
4310,1,-0.18179491215856738,-0.46466718989516831,0,0.011309019972831092,-0.0044775896578592243,0,1
4310,2,-4.9371972897397933,-0.31839802004936429,0,0.00071924487554043471,-0.010984681275405387,0,0.001
4320,0,0.069319583246506333,0.49573976063909631,0,-0.012056815332279518,0.0016319372217928154,0,1
4320,1,-0.064390773103651947,-0.49531158957651955,0,0.012055857463112015,-0.0016209683733929817,0,1
4320,2,-4.9288101428925719,-0.42817106356631601,0,0.00095786916712304346,-0.01096884840040856,0,0.001
4330,0,-0.052032237515321079,0.49730423533147644,0,-0.012093706910169453,-0.0013205394372072616,0,1
4330,1,0.056950282565610515,-0.49676648248616717,0,0.012092511954225154,0.0013314858166627338,0,1
4330,2,-4.9180450503313429,-0.5377528463050677,0,0.0011949559439099974,-0.010946379456054298,0,0.001
4340,0,-0.17017530985717425,0.46958972036701241,0,-0.011418232739140187,-0.0041949455438042484,0,1
4340,1,0.1750802233755844,-0.46894264451244572,0,0.011416801443960505,0.0042058626224854498,0,1
4340,2,-4.9049135184558779,-0.64707585556815195,0,0.0014312951792995671,-0.010917078681769303,0,0.001
4350,0,-0.27815049832158772,0.41423158906114865,0,-0.010070169740616261,-0.0068219608195526161,0,1
4350,1,0.28303991723462524,-0.41347551736871951,0,0.010068502040255162,0.0068328417870358706,0,1
4350,2,-4.8894189130874475,-0.75607169343706526,0,0.0016677003606247502,-0.010880967483827504,0,0.001
4360,0,-0.36959749203202868,0.33449365137858322,0,-0.0081289156287931864,-0.0090468263428314221,0,1
4360,1,0.37446904899404804,-0.33362897808346664,0,0.0081270107672840874,0.0090576646333477544,0,1
4360,2,-4.8715569620751928,-0.86467329612895627,0,0.0019048615085897123,-0.010838290516899933,0,0.001
4370,0,-0.43912951177905657,0.23507600686118024,0,-0.0057088186412946086,-0.010738462197641097,0,1
4370,1,0.44398082946801304,-0.23410318976230324,0,0.0057066754329732541,0.010749251695340986,0,1
4370,2,-4.8513176890176366,-0.97281709989470466,0,0.002143208320879106,-0.010789497700423489,0,0.001
4380,0,-0.48265073196613745,0.12183825652848213,0,-0.002952446919366981,-0.011797194331216551,0,1
4380,1,0.48747942055826887,-0.12075781165716787,0,0.0029500641176157952,0.011807929525136316,0,1
4380,2,-4.8286885921989544,-1.0804448723366842,0,0.0023828017506916238,-0.010735193920282765,0,0.001
4390,0,-0.49759769177065127,0.001454343737026052,0,-2.2191734997209096e-05,-0.012160634011174598,0,1
4390,1,0.50240135043002498,-0.00026683888244241139,0,1.9568455048673679e-05,0.012171310062907779,0,1
4390,2,-4.8036586594460351,-1.1875048556113559,0,0.0026232799480472198,-0.010676051733687809,0,0.001
4400,0,-0.48309043011544062,-0.11898065720687079,0,0.0029093018447498798,-0.011807360849796878,0,1
4400,1,0.48786665265568963,0.12027460908409247,0,-0.0029121657291228532,0.011817973544963731,0,1
4400,2,-4.7762225403258647,-1.2939518782546491,0,0.0028638843724781418,-0.010612695167368505,0,0.001
4410,0,-0.43998439547332679,-0.23236862602623404,0,0.0056693123699377897,-0.010758189479047987,0,1
4410,1,0.44473077947696005,0.23376837228356412,0,-0.0056724159460016677,0.010768735058615236,0,1
4410,2,-4.7463840037143346,-1.3997462583679361,0,0.003103576063347505,-0.010545579567831025,0,0.001
4420,0,-0.37082004324770917,-0.33202668531071583,0,0.0080952255223229776,-0.0090749432454460023,0,1
4420,1,0.37553420109792063,0.33353153693940896,0,-0.0080985667446971041,0.009085418147524827,0,1
4420,2,-4.7141578502975392,-1.5048516297376486,0,0.0033412223736060684,-0.010474902079489241,0,0.001
4430,0,-0.27967308972984861,-0.41208100012470888,0,0.010044120637065654,-0.0068568070071845511,0,1
4430,1,0.28435265952831523,0.41369023227163909,0,-0.010047696443021503,0.0068672075774173589,0,1
4430,2,-4.6795697985580773,-1.609232147982492,0,0.003575805955297121,-0.01040057023340899,0,0.001
4440,0,-0.17191427423373115,-0.46781284661848072,0,0.011401192835244446,-0.004234475728575814,0,1
4440,1,0.17655692864435241,0.46952569632569485,0,-0.011404999434232677,0.0042447979631461321,0,1
4440,2,-4.6426544107177197,-1.7128497082721517,0,0.0038065989876302185,-0.010322234570927756,0,0.001
4450,0,-0.053892831004012848,-0.49593654533877291,0,0.012086513583207103,-0.0013624466833215534,0,1
4450,1,0.058496282633843474,0.49775220708534218,0,-0.012090546845596234,0.001372686052193553,0,1
4450,2,-4.6034516299327866,-1.8156617476339216,0,0.0040332623885267699,-0.01023936887262367,0,0.001
4460,0,0.067437632958327734,-0.49479290096780953,0,0.012059732384448185,0.0015900875610969554,0,1
4460,1,-0.062875630203304875,0.49671052094406187,0,-0.01206398824430609,-0.0015799361895610764,0,1
4460,2,-4.5620027551313358,-1.9176199773229432,0,0.0042558598572710509,-0.010151371536499358,0,0.001
4470,0,0.18492878330646309,-0.46444679357911839,0,0.011322445153935941,0.0044492069873998093,0,1
4470,1,-0.18041043666040313,0.46646546371620934,0,-0.011326919955476956,-0.0044391493214324665,0,1
4470,2,-4.5183466461750728,-2.0186701381687899,0,0.0044748015404154412,-0.010057665967944477,0,0.001
4480,0,0.29165859233057151,-0.4066832228319826,0,0.009918092800447002,0.0070465055566289458,0,1
4480,1,-0.28718607558866971,0.40880197553433395,0,-0.0099227835423216625,-0.0070365477679505198,0,1
4480,2,-4.4725167420224823,-2.1187527034360691,0,0.0046907418740950247,-0.0099577886790069448,0,0.001
4490,0,0.38133898410835992,-0.32490207993457337,0,0.0079293983992660202,0.0092290046018749065,0,1
4490,1,-0.37691444487138709,0.3271198843202372,0,-0.0079343028523161489,-0.0092191531398549912,0,1
4490,2,-4.4245392371004266,-2.217804386753758,0,0.0049044530495335565,-0.009851462020491435,0,0.001
4500,0,0.44868611934564656,-0.22391786535617608,0,0.0054734948682189904,0.010868156881644385,0,1
4500,1,-0.4443116867620579,0.22623362564926505,0,-0.0054786115563887575,-0.010858418231941471,0,1
4500,2,-4.3744325837209574,-2.3157602941861288,0,0.005116688169184396,-0.0097386497035097594,0,0.001
4510,0,0.4897315501002612,-0.10967614244925757,0,0.0026950294118436692,0.011867413484504295,0,1
4510,1,-0.48540934172829947,0.11208869896892243,0,-0.0027003574561620565,-0.011857793895992839,0,1
4510,2,-4.3222083720993361,-2.4125565207690056,0,0.0053280443177799227,-0.0096195885121046452,0,0.001
4520,0,0.50205594330366743,0.011096599470065634,0,-0.00024235109459936732,0.012167909406666884,0,1
4520,1,-0.49778806977639084,-0.0085884665771062494,0,0.00023681225568400997,-0.012158414623113194,0,1
4520,2,-4.2678735274194581,-2.5081328940703029,0,0.0055388389147496353,-0.0094947835543219058,0,0.001
4530,0,0.48493161019141628,0.13128908452434904,0,-0.0031656346245277807,0.011751932910965367,0,1
4530,1,-0.48072017660045496,-0.12868664909598312,0,0.0031598856037413367,-0.011742567957417051,0,1
4530,2,-4.2114335911091985,-2.6024354294828487,0,0.0057490207858376125,-0.0093649535489264395,0,0.001
4540,0,0.43936542887928765,0.24382408712665907,0,-0.005902632683567487,0.010643972925435854,0,1
4540,1,-0.43521253227448542,-0.24112866916209461,0,0.0058966745405794945,-0.010634742003062686,0,1
4540,2,-4.1528966049553944,-2.695417965687656,0,0.0059581429873734127,-0.0092309223738138955,0,0.001
4550,0,0.36803960302975525,0.34207530632891853,0,-0.0082921234681343284,0.008909280735256403,0,1
4550,1,-0.36394732616470116,-0.33928826382601951,0,0.0082859580501382906,-0.0089001872624122017,0,1
4550,2,-4.092276865213929,-2.7870425040280797,0,0.0061654179954459777,-0.0090934728448520252,0,0.001
4560,0,0.27515371986167486,0.42025771362451347,0,-0.010193351121686331,0.0066500289653850988,0,1
4560,1,-0.27112412215375048,-0.41738043558432147,0,0.010186981268264212,-0.0066410757666202211,0,1
4560,2,-4.0295977080902325,-2.8772780413270618,0,0.0063698534215988426,-0.0089531987655097952,0,0.001
4570,0,0.16617739822858768,0.47376836050628474,0,-0.011494319870756263,0.0039992934806495897,0,1
4570,1,-0.162212505572287,-0.47080226241362289,0,0.011487749434206815,-0.0039904830830876569,0,1
4570,2,-3.9648926564723892,-2.96609809380204,0,0.0065704365489314747,-0.0088103975625303203,0,0.001
4580,0,0.047528100748598298,0.49945755042169321,0,-0.012118392984606513,0.001113213327834213,0,1
4580,1,-0.043629896061212557,-0.49640407294466882,0,0.012111626667923012,-0.0011045482960886849,0,1
4580,2,-3.898204687562882,-3.0534774781708451,0,0.0067663166829249922,-0.0086650317461236873,0,0.001
4590,0,-0.073806897189651388,0.49581439228407276,0,-0.012028807298016092,-0.0018382080935522456,0,1
4590,1,0.077636481081030426,-0.49267500321354729,0,0.012021850359689753,0.0018467248550002896,0,1
4590,2,-3.8295838915620033,-3.139389071677293,0,0.0069569383257668833,-0.008516761448633392,0,0.001
4600,0,-0.19068209955828339,0.46305580983123806,0,-0.011230837946906715,-0.0046811175345398658,0,1
4600,1,0.19444118371313371,-0.45983200865431972,0,0.011223695845410558,0.0046894825633597339,0,1
4600,2,-3.7590841550384386,-3.2238011780759757,0,0.0071421014955888379,-0.0083650288204549436,0,0.001
4610,0,-0.29621469380106347,0.40311377663828551,0,-0.0097714870593499734,-0.0072480517778414685,0,1
4610,1,0.29990145340360441,-0.39980710075206827,0,0.0097641651074222395,0.0072562609461105897,0,1
4610,2,-3.6867596027344969,-3.306675887379793,0,0.0073219519271385675,-0.0082091682696686652,0,0.001
4620,0,-0.38418998194681692,0.31952154016040052,0,-0.0077367158871021538,-0.009387800382428169,0,1
4620,1,0.38780264336069897,-0.3161335715829427,0,0.0077292189675893597,0.009395848904675503,0,1
4620,2,-3.6126614140818667,-3.3879685786251721,0,0.0074969195122452066,-0.0080485222478350864,0,0.001
4630,0,-0.44942747305669684,0.21720553760211342,0,-0.0052463837564656933,-0.010974311686940621,0,1
4630,1,0.4529643084842282,-0.21373790904450013,0,0.0052387161312166834,0.010982194238390927,0,1
4630,2,-3.5368354277366447,-3.4676285587863211,0,0.0076676252484689173,-0.0078825514507959663,0,0.001
4640,0,-0.48808608649925217,0.10219524750605601,0,-0.00244719120296151,-0.011914118795614555,0,1
4640,1,0.49154540727062185,-0.098649646757727485,0,0.002439356431989378,0.011921829728783031,0,1
4640,2,-3.4593207715805514,-3.5456007495062072,0,0.0078347709715982546,-0.0077109331689709142,0,0.001
4650,0,-0.4978904900220858,-0.01873195504862871,0,0.00049595862517205563,-0.012151848680392457,0,1
4650,1,0.50127063966737084,0.022353783313341664,0,-0.00050395764537951217,0.012159382319879749,0,1
4650,2,-3.3801496455018998,-3.6218282658952083,0,0.0079990202069323488,-0.0075336394877118179,0,0.001
4660,0,-0.47826522466834448,-0.1384500428925074,0,0.0034096731953821356,-0.011673489242313725,0,1
4660,1,0.48156457297673433,0.14214629850921304,0,-0.0034178340734950024,0.011680840222891139,0,1
4660,2,-3.2993483086123097,-3.6962556178914996,0,0.008160878112330348,-0.0073509805777883189,0,0.001
4670,0,-0.43036868561053843,-0.24990417406909921,0,0.0061222873571894964,-0.010507220119810886,0,1
4670,1,0.43358562482612278,0.25367300615703281,0,-0.0061306079420122691,0.010514383713490782,0,1
4670,2,-3.2169392158124519,-3.7688320891231735,0,0.0083205848221978278,-0.007163593680364593,0,0.001
4680,0,-0.35702492271293429,-0.34652638130557978,0,0.0084739815392752063,-0.0087217560365955328,0,1
4680,1,0.36015786677313066,0.35036589597212853,0,-0.0084824595845678832,0.0087287283998036848,0,1
4680,2,-3.1329440604288568,-3.8395146677438841,0,0.0084780452921298984,-0.0069723632086533425,0,0.001
4690,0,-0.26255725404657576,-0.42262259604652974,0,0.010326203590991396,-0.0064222984641608616,0,1
4690,1,0.26560464127323619,0.42653086588386446,0,-0.010334836412215442,0.0064290767397946515,0,1
4690,2,-3.0473872268992097,-3.9082698385350025,0,0.0086328212234595639,-0.006778275634255676,0,0.001
4700,0,-0.15253349242529915,-0.47370816610877331,0,0.011569836567742239,-0.0037443336235565747,0,1
4700,1,0.15549379137252478,0.47768323981889826,0,-0.011578620766548751,0.0037509158624266371,0,1
4700,2,-2.9602989474698327,-3.9750737113308987,0,0.0087841988059608224,-0.0065822388704785875,0,0.001
4710,0,-0.033437818805619787,-0.49677206440514127,0,0.012131628779381592,-0.00084564348510787909,0,1
4710,1,0.036309536242889864,0.50081197476872952,0,-0.012140560100402714,0.00085202839969038919,0,1
4710,2,-2.8717174375198184,-4.0399103647985539,0,0.0089313210205963587,-0.0063849145829201082,0,0.001
4720,0,0.087711322815551787,-0.49045420756594549,0,0.011978506076825263,0.0021029969152711486,0,1
4720,1,-0.084929633287260969,0.49455697634151619,0,-0.011987579425218503,-0.0020968103058917145,0,1
4720,2,-2.7816895285458743,-4.1027687767838863,0,0.0090733483926847998,-0.0061866093798450999,0,0.001
4730,0,0.20377475161416178,-0.45512545157182843,0,0.011119513034749532,0.0049278848024696571,0,1
4730,1,-0.20108448187417527,0.45928909063896889,0,-0.011128722638159505,-0.0049218975548367067,0,1
4730,2,-2.690269740246912,-4.1636390683568347,0,0.0092096034094325228,-0.0059872476333530985,0,0.001
4740,0,0.30791310495351065,-0.39286559133344895,0,0.0096052710953519194,0.0074626225927591936,0,1
4740,1,-0.30531558681837373,0.39708810020156682,0,-0.0096146107612511689,-0.0074568361727860204,0,1
4740,2,-2.597518135402249,-4.2225088693388493,0,0.0093396658987705793,-0.0057864199735963096,0,0.001
4750,0,0.39398964491627853,-0.30734071204259894,0,0.0075249887925549624,0.0095579153255181352,0,1
4750,1,-0.39148614739927096,0.31162007249213636,0,-0.0075344522018873364,-0.0095523318419273046,0,1
4750,2,-2.5034975172784679,-4.2793604507629874,0,0.0094634093319478346,-0.005583483591253228,0,0.001
4760,0,0.4569316152827762,-0.20358716224313886,0,0.0050012029111701417,0.011090357072598287,0,1
4760,1,-0.45452334475481893,0.20792133125062731,0,-0.0050107838978597991,-0.011084979384243594,0,1
4760,2,-2.4082705282312813,-4.3341690087179785,0,0.0095809866892349015,-0.0053776883551571956,0,0.001
4770,0,0.4930289101162349,-0.087714895903043544,0,0.0021825616128898473,0.01196969163090102,0,1
4770,1,-0.49071701304027121,0.092101798158902959,0,-0.0021922543944963568,-0.011964523320793079,0,1
4770,2,-2.3118970762421633,-4.3869022570934755,0,0.0096927816061063449,-0.0051683101084183617,0,0.001
4780,0,0.50015251092739765,0.033452350172240693,0,-0.00076492599907700663,0.012144122839844567,0,1
4780,1,-0.49793807856033995,-0.029014828832922456,0,0.00075512666141496084,-0.012139168059961548,0,1
4780,2,-2.2144323673403004,-4.4375213405571339,0,0.0097993376616457902,-0.004954779883510927,0,0.001
4790,0,0.47787986053453252,0.15277888288369323,0,-0.0036676606655852294,0.011603363792360889,0,1
4790,1,-0.47576393480973556,-0.14829289990543915,0,0.0036577593932825732,-0.011598626993192617,0,1
4790,2,-2.1159257250830197,-4.4859829794978836,0,0.0099012723022474901,-0.004736799168762097,0,0.001
4800,0,0.42751979681554403,0.26323726104689604,0,-0.0063546715098832095,0.010379245711400659,0,1
4800,1,-0.42550337648052855,-0.25870501840937693,0,0.0063446723314853591,-0.010374731285120625,0,1
4800,2,-2.016420335305849,-4.5322426387674986,0,0.0099991783974620347,-0.0045144262805709096,0,0.001
4810,0,0.35203555756079352,0.35832217500190694,0,-0.0086676829520727517,0.0085438492474088912,0,1
4810,1,-0.35011960354622873,-0.35374591667658084,0,0.008657589432531981,-0.008539561135400834,0,1
4810,2,-1.9159540148586958,-4.5762583265802874,0,0.010093519540336505,-0.0042881120085840711,0,0.001
4820,0,0.2558703524431778,0.43243363980080562,0,-0.010470438203101342,0.0062052657304190436,0,1
4820,1,-0.25405579144388696,-0.42781564540196387,0,0.010460253668764465,-0.0062012070682084842,0,1
4820,2,-1.8145609995893417,-4.6179944001015256,0,0.010184534336439731,-0.0040586622111287423,0,0.001
4830,0,0.14468573415818964,0.48120692479896771,0,-0.011656729586646427,0.0035012354085785994,0,1
4830,1,-0.14297345961343763,-0.47654950021553349,0,0.011646457412619889,-0.0034974082901827581,0,1
4830,2,-1.7122745450553591,-4.6574245847004692,0,0.010272174026120478,-0.0038271183964223923,0,0.001
4840,0,0.025028150475877163,0.50176975750997743,0,-0.012156660705151543,0.00059103572672705956,0,1
4840,1,-0.023419020596044626,-0.49707522406102317,0,0.012146304607681385,-0.00058744115266460531,0,1
4840,2,-1.6091298801404783,-4.6945334502259302,0,0.010356097469695428,-0.0035945740630225912,0,0.001
4850,0,-0.096056687696633752,0.49291161431077946,0,-0.011940769149805051,-0.0023539026414654361,0,1
4850,1,0.097561854573696372,-0.4881822984019481,0,0.011930333417446688,0.0023572646135599277,0,1
4850,2,-1.5051668773753799,-4.7293159101081521,0,0.010435732357822337,-0.0033619720950536754,0,0.001
4860,0,-0.21143889124402165,0.45515509567105839,0,-0.011021765097296505,-0.005160097911971361,0,1
4860,1,0.21283932307776207,-0.45039332083820166,0,0.011011254709950903,0.0051632278508385518,0,1
4860,2,-1.4004318340582329,-4.7617748341389863,0,0.010510387345087954,-0.0031299388677382542,0,0.001
4870,0,-0.31432445303164952,0.39072516869881613,0,-0.0094537828909762884,-0.0076622404124461006,0,1
4870,1,0.31561943104537193,-0.38593325133251838,0,0.0094432035094761096,0.0076651391083303122,0,1
4870,2,-1.2949780140441072,-4.7919173675853592,0,0.010579381499736232,-0.0028986958847697693,0,0.001
4880,0,-0.39865551451957493,0.3034180947478059,0,-0.0073291905132494449,-0.0097129330799547997,0,1
4880,1,0.39984437947678253,-0.2985983439371403,0,0.007318548356926264,0.0097156011396281779,0,1
4880,2,-1.1888649575337766,-4.8197508119580288,0,0.010642156322743767,-0.0026680596738929822,0,0.001
4890,0,-0.45946724821196833,0.19837778030579081,0,-0.0047731463876963158,-0.011191374882810497,0,1
4890,1,0.46054940506327158,-0.19353250141969347,0,0.0047624480379926219,0.011193812396932696,0,1
4890,2,-1.0821568516343121,-4.8452788873953141,0,0.010698349703243168,-0.0024375141227075104,0,0.001
4900,0,-0.49318033567232206,0.081792742680603728,0,-0.0019362254593917559,-0.01201047620445923,0,1
4900,1,0.49415525604172233,-0.076924243713289681,0,0.001925477630451635,0.0120126825327539,0,1
4900,2,-0.97492036973585894,-4.8684989686175904,0,0.010747828939643919,-0.0022063282952055228,0,0.001
4910,0,-0.49781182395053225,-0.0394684509542398,0,0.0010144506000842862,-0.012121988238696993,0,1
4910,1,0.49867904630366577,0.044357851575858462,0,-0.0010252412910149386,0.012123961934374469,0,1
4910,2,-0.86722235347146459,-4.8894006229276625,0,0.0107906909301807,-0.0019736956779849465,0,0.001
4920,0,-0.47309195099101231,-0.15826180035085821,0,0.0039050570943520001,-0.011519345340748719,0,1
4920,1,0.4738510786069618,0.16316976592746998,0,-0.003915884333265689,0.011521084219520861,0,1
4920,2,-0.75912761629088499,-4.9079655779264071,0,0.010827238913206669,-0.001738878772713157,0,0.001
4930,0,-0.42048006072503147,-0.267588722228636,0,0.0065653052208882083,-0.010238053275137854,0,1
4930,1,0.4211307578006378,0.27251289134118434,0,-0.006576163161031945,0.010239554622668458,0,1
4930,2,-0.6506970759522428,-4.9241691138686035,0,0.010857940143277145,-0.0015013475311897589,0,0.001
4940,0,-0.34307866062723563,-0.36100835359135469,0,0.0088384742153997525,-0.0083535998856400246,0,1
4940,1,0.34362064703557832,0.36594633634441048,0,-0.0088493575788389824,0.0083548607833807322,0,1
4940,2,-0.54198640869411274,-4.9379827543802408,0,0.010883363438777974,-0.001260897741264376,0,0.001
4950,0,-0.24545066617651751,-0.43301702166693201,0,0.010590646197838465,-0.0059770099193844602,0,1
4950,1,0.24588371161335001,0.43796639962157968,0,-0.010601550292790054,0.0059780276476485757,0,1
4950,2,-0.433045437188391,-4.9493779559766837,0,0.010904094951104521,-0.0010177282646861032,0,0.001
4960,0,-0.13335058066387631,-0.47937251339081632,0,0.01171859904902179,-0.0032483044240471741,0,1
4960,1,0.13367449911559398,0.4843308436452069,0,-0.011729519686560115,0.0032490768752336785,0,1
4960,2,-0.32391845207879932,-4.9583302557252305,0,0.010920637537793529,-0.00077245118704251468,0,0.001
4970,0,-0.013385440643020087,-0.49734401763073882,0,0.012155890707088982,-0.00032824928087594606,0,1
4970,1,0.013600086195457644,0.50230884072717641,0,-0.012166824018648322,0.00032877529654498199,0,1
4970,2,-0.21464555280412018,-4.9648230977772396,0,0.010933311558828906,-0.00052601566956772842,0,0.001
4980,0,0.10737448639939401,-0.48587299059711953,0,0.011876774493433034,0.0026111205079460235,0,1
4980,1,-0.10726922153977336,0.49084184106432005,0,-0.011887716678047564,-0.0026108409589709167,0,1
4980,2,-0.10526485999250185,-4.9688504685459112,0,0.010942184614022387,-0.0002795489756412038,0,0.001
4990,0,0.22181228826948493,-0.44563545426667334,0,0.010897713502927382,0.005396640772533625,0,1
4990,1,-0.22181647309265864,0.45060587192520202,0,-0.010908660557899378,-0.0053966066233646038,0,1
4990,2,0.0041848227970272944,-4.9704176598796801,0,0.010947054971485846,-3.4149169536216989e-05,0,0.001
5000,0,0.32318370068508179,-0.3790020659204742,0,0.0092764049862508521,0.0078642226351132126,0,1
5000,1,-0.32329736217531135,0.38397160586636819,0,-0.0092873524821247052,-0.0078644319498115227,0,1
5000,2,0.11366148984736978,-4.9695399472490402,0,0.01094749587334979,0.00020931469778721247,0,0.001
5010,0,0.40551437906493176,-0.28989834166120276,0,0.0071083739601616588,0.0098685184157205792,0,1
5010,1,-0.40573749717021457,0.29486458119469305,0,-0.0071193169054012554,-0.0098689687579856262,0,1
5010,2,0.22311810489552517,-4.9662395348497617,0,0.010942945239053807,0.00045034226452729526,0,0.001
5020,0,0.46395174293077618,-0.18357331131356838,0,0.0045213394762296244,0.011291479080007674,0,1
5020,1,-0.46428424470905932,0.18853385284364488,0,-0.0045322722881543766,-0.011292167934221399,0,1
5020,2,0.33250177789115531,-4.9605415314419172,0,0.010932811924222775,0.00068885421323556606,0,0.001
5030,0,0.49505069040736011,-0.066290272311740242,0,0.0016676880481030956,0.012049300409827502,0,1
5030,1,-0.49549244438023632,0.071242742145577437,0,-0.0016786046202064157,-0.0120502255706375,0,1
5030,2,0.44175397247837095,-4.9524698352073484,0,0.010916572102790255,0.00092516080950799759,0,0.001
5040,0,0.49697639666338206,0.055042121112104089,0,-0.0012845010145692774,0.012097351354369063,0,1
5040,1,-0.49752720822822383,-0.050100077452503486,0,0.0012736071726127231,-0.012098511223765349,0,1
5040,2,0.55081156443755019,-4.9420436609751652,0,0.010893841956025874,0.001159869395854631,0,0.001
5050,0,0.46961229922397563,0.17327671155038654,0,-0.0041613501638863449,0.011432797235268136,0,1
5050,1,-0.47027190772330829,-0.16834743636452401,0,0.0041504857386876308,-0.011434190992166523,0,1
5050,2,0.65960849892371642,-4.9292751872413678,0,0.01086442519818236,0.0013937568979542924,0,0.001
5060,0,0.41456694461946325,0.28144870463117905,0,-0.0067934173737491483,0.010094765466482292,0,1
5060,1,-0.41533502243295151,-0.27653453606496059,0,0.0067825890344806756,-0.010096393093530769,0,1
5060,2,0.76807781307362832,-4.9141685676021494,0,0.010828339267910549,0.00162762704800464,0,0.001
5070,0,0.33507930155326887,0.37318580627209302,0,-0.0090256693308778529,0.0081620445695093288,0,1
5070,1,-0.33595545537665727,-0.36828908588288278,0,0.0090148835090496319,-0.0081639067348640224,0,1
5070,2,0.87615382296815936,-4.8967203905997234,0,0.010785821827722404,0.0018621653541909505,0,0.001
5080,0,0.23582809631519236,0.4430835174286491,0,-0.010726609399957579,0.0057484507051629996,0,1
5080,1,-0.23681187057778594,-0.43820659587809996,0,0.010715872086536432,-0.0057505485091690258,0,1
5080,2,0.98377426216792707,-4.8769215519432185,0,0.010737313420634218,0.0020978040055162337,0,0.001
5090,0,0.12265635728892388,0.48702350441304526,0,-0.01179602420930332,0.0029961319520147097,0,1
5090,1,-0.12374723938382143,-0.48216874405768512,0,0.011785340800969209,-0.0029984665666508334,0,1
5090,2,1.0908820944671276,-4.8547603567586552,0,0.010683408333594303,0.0023346146355856614,0,0.001
5100,0,0.0022273438361966442,0.50241628608352262,0,-0.012170892208729087,6.7201661231279741e-05,0,1
5100,1,-0.0034247704900110336,-0.49758605963356439,0,0.012160267439627646,-6.9773915479752293e-05,0,1
5100,2,1.1974266533786504,-4.8302264513626918,0,0.010624769100905998,0.0025722542479229768,0,0.001
5110,0,-0.11836791090598105,0.48835390957205976,0,-0.011829104086564578,-0.0028658085568872074,0,1
5110,1,0.11706454713508532,-0.48355059465254552,0,0.011818542074100146,0.0028629985673077601,0,1
5110,2,1.3033637704540961,-4.8033149209245352,0,0.010562012463830026,0.0028099895789070041,0,0.001
5120,0,-0.23202833745313048,0.44566357342494733,0,-0.010790772919103159,-0.0056301144520324066,0,1
5120,1,0.23061968273691946,-0.44088954372744538,0,0.010780277328010937,0.0056270676421292859,0,1
5120,2,1.4086547157636651,-4.7740296989185431,0,0.010495591091684821,0.0030468099025864467,0,0.001
5130,0,-0.33206122334798294,0.37685899519291494,0,-0.0091170542027618918,-0.0080628632929249586,0,1
5130,1,0.33054795927202019,-0.37211660972266608,0,0.009106628497829351,0.0080595816835325549,0,1
5130,2,1.5132640755100786,-4.742385471670862,0,0.010425704932021511,0.003281609391844062,0,0.001
5140,0,-0.41257657891814736,0.28599236352776813,0,-0.00690654395483206,-0.010020734156002929,0,1
5140,1,0.41095942190583906,-0.28128395592997235,0,0.0068961916854695339,0.010017220763866158,0,1
5140,2,1.6171570118506811,-4.7084075992228724,0,0.010352269362031069,0.003513392136172579,0,0.001
5150,0,-0.46883420284464611,0.17841559768861778,0,-0.0042894675018972277,-0.01138838619831054,0,1
5150,1,0.46711390631984884,-0.17374346758119161,0,0.0042791925555493359,0.011384644754378791,0,1
5150,2,1.7202965243343014,-4.6721301088585072,0,0.010274946347399828,0.0037414439310650576,0,0.001
5160,0,-0.49752297318351463,0.060465001964725429,0,-0.0014200030904717037,-0.01208525558513422,0,1
5160,1,0.49570033190429197,-0.055831409651483248,0,0.0014098098676583431,0.012081290154172463,0,1
5160,2,1.8226412787543389,-4.6335923146808957,0,0.01019322281284612,0.0039654309611111827,0,0.001
5170,0,-0.49695590303615222,-0.060912075553965307,0,0.0015328052468891447,-0.012070300511868659,0,1
5170,1,0.49503175868774879,0.065504910424414628,0,-0.0015429117572070372,0.012066115097014916,0,1
5170,2,1.9241443479299003,-4.5928348718942118,0,0.010106510317384226,0.0041854148531480966,0,0.001
5180,0,-0.46716948239642891,-0.17856655930724377,0,0.0043950086009832048,-0.011344415939297232,0,1
5180,1,0.46514472943574359,0.18311645535231694,0,-0.004405022845082443,0.011340014141105114,0,1
5180,2,2.024752960207008,-4.549896046523906,0,0.010014244098754167,0.0044017981915859938,0,0.001
5190,0,-0.40992147710376176,-0.28556881297553843,0,0.0069980005900302676,-0.0099503775224669879,0,1
5190,1,0.4077970679198486,0.29007362175207901,0,-0.0070079165601064615,0.0099457622979990928,0,1
5190,2,2.1244091834311782,-4.5048087779971651,0,0.0099159700756941381,0.0046152244673471595,0,0.001
5200,0,-0.32858733650948774,-0.37561685037104509,0,0.0091884482620628698,-0.0079703194972374995,0,1
5200,1,0.32636428510564325,0.38007444924839173,0,-0.0091982596785818646,0.0079654930435927376,0,1
5200,2,2.2230514033568824,-4.457598878809514,0,0.0098114165185174736,0.0048264536441554292,0,0.001
5210,0,-0.22796132377994974,-0.44340755806300663,0,0.01083732280398364,-0.0055208956797859173,0,1
5210,1,0.22564070734422795,0.44781584260083962,0,-0.010847023352422575,0.0055158594523696909,0,1
5210,2,2.3206164352308014,-4.4082845393015502,0,0.0097005484384629359,0.0050362274156445794,0,0.001
5220,0,-0.11397408192271762,-0.48494907681208693,0,0.011847499321367229,-0.0027464081948279043,0,1
5220,1,0.11155703985360589,0.48930595399923893,0,-0.011857082919601497,0.0027411630603597107,0,1
5220,2,2.4170420686149359,-4.3568771886269015,0,0.0095835982337760077,0.0052451344676426506,0,0.001
5230,0,0.0066567380758558543,-0.49779594686578638,0,0.012159478533998602,0.00018969240962501572,0,1
5230,1,-0.00916900782685315,0.50209933051478983,0,-0.012168939594345018,-0.00019514589869236941,0,1
5230,2,2.512269750495792,-4.3033836504837621,0,0.0094610603460236111,0.0054534890668057291,0,0.001
5240,0,0.1268222178743546,-0.48119316021625846,0,0.011754892884205883,0.0031144360651028983,0,1
5240,1,-0.12942846485370016,0.48544096957654204,0,-0.011764226521181151,-0.0031200973091703734,0,1
5240,2,2.606246978840129,-4.2478093617697636,0,0.0093336369748909936,0.005661244066928574,0,0.001
5250,0,0.23944097191669547,-0.43612062085732284,0,0.01065758932573105,0.0058555243046157284,0,1
5250,1,-0.24213990080474301,0.44031078303467058,0,-0.010666791457206922,-0.0058613922693412359,0,1
5250,2,2.6989288875391546,-4.1901621788390466,0,0.0092021314755623401,0.0058679647249755421,0,0.001
5260,0,0.33787632646146187,-0.3652353818377575,0,0.0089322237389521785,0.0082514826283312231,0,1
5260,1,-0.34066660502264445,0.36936583788766991,0,-0.008941291044247842,-0.0082575555116119956,0,1
5260,2,2.790278560671108,-4.1304560514094364,0,0.0090673052954453395,0.0060728832802165924,0,0.001
5270,0,0.41632728269816688,-0.27271506071654356,0,0.006680449229574897,0.01016117457091107,0,1
5270,1,-0.41920754857406123,0.27678377445817792,0,-0.0066893789633038301,-0.010167449603156398,0,1
5270,2,2.8802658753824875,-4.0687137431362768,0,0.008929733728713897,0.0062750322447872832,0,0.001
5280,0,0.47017021399011744,-0.16401167257877552,0,0.0040349235330227658,0.011472115421700263,0,1
5280,1,-0.47313907906162922,0.16801664052209347,0,-0.0040437132347113467,-0.011478588846939943,0,1
5280,2,2.9688650709985831,-4.0049679448258217,0,0.0087897016883713656,0.0064734252391117388,0,0.001
5290,0,0.49623116212037849,-0.045530409480183658,0,0.0011514903082601297,0.012107095070736247,0,1
5290,1,-0.49928721372082568,0.049469670026066913,0,-0.0011601374751136373,-0.012113762306214424,0,1
5290,2,3.0560515999326334,-3.9392605473965601,0,0.0086471668533081147,0.0066672354776647087,0,0.001
5300,0,0.49297270582581676,0.075747682503516003,0,-0.0018000030060631748,0.012028720461252836,0,1
5300,1,-0.49611450479223929,-0.0718760421643867,0,0.0017915012138426164,-0.012035576387256492,0,1
5300,2,3.1417989659063013,-3.8716403406479567,0,0.0085017922203582102,0.0068559260030967217,0,0.001
5310,0,0.46058442540800149,0.19267688570209104,0,-0.0046457084994239494,0.011241611992932393,0,1
5310,1,-0.46381050156983733,-0.18887472594463414,0,0.0046373554702045863,-0.011248651301455161,0,1
5310,2,3.2260761613185536,-3.8021597589813085,0,0.0083530292191588053,0.0070393085222140578,0,0.001
5320,0,0.40097167291171754,0.29836763817630507,0,-0.0072180130891219404,0.0097921269821803613,0,1
5320,1,-0.40428051899380801,-0.29463676678443251,0,0.0072098128631577132,-0.0097993445156382836,0,1
5320,2,3.30884608157027,-3.7308713934028988,0,0.0082002259640667641,0.0072175334573318459,0,0.001
5330,0,0.31764333882949342,0.38659224653440721,0,-0.0093654045530160955,0.0077656284677413354,0,1
5330,1,-0.32103340389091295,-0.38293442166090308,0,0.0093573618122434251,-0.0077730194968278427,0,1
5330,2,3.3900650608956089,-3.6578248750399096,0,0.0080427407725117174,0.0073910290858976184,0,0.001
5340,0,0.21550523370520205,0.45215162884012516,0,-0.010961389778775091,0.0052814608713406741,0,1
5340,1,-0.21897491722668916,-0.44856856430418895,0,0.010953509728815255,-0.0052890212809095357,0,1
5340,2,3.4696835209613668,-3.5830645374786703,0,0.0078800499596802468,0.0075604095682164736,0,0.001
5350,0,0.10057123556169476,0.49118152545030036,0,-0.011911942513750138,0.0024859273844052318,0,1
5350,1,-0.1041188832046039,-0.48767489735893804,0,0.011904230670146374,-0.0024936537503279298,0,1
5350,2,3.5476476423813104,-3.5066280929108213,0,0.007711843603646025,0.0077263659220482891,0,0.001
5360,0,-0.02039082347733933,0.50138016288439324,0,-0.012161043451401128,-0.00045631973290271053,0,1
5360,1,0.016766921575343863,-0.49795161643832331,0,0.012153505350420347,0.00044843018455222592,0,1
5360,2,3.6239019014667799,-3.4285464476245102,0,0.0075381009806852516,0.0078895483498286761,0,0.001
5370,0,-0.14025772092594485,0.48214395436166163,0,-0.011693986129868199,-0.0033719717816211568,0,1
5370,1,0.13655932872346502,-0.47879510965816435,0,0.01168662699868844,0.0033639213335010299,0,1
5370,2,3.6983922019498494,-3.3488447050582351,0,0.0073591311796340798,0.0080504481194710337,0,0.001
5380,0,-0.25197041832764278,0.43460320989796658,0,-0.010538251967133972,-0.0060892706250625112,0,1
5380,1,0.24819934916661987,-0.43133566560368608,0,0.010531076406973134,0.0060810613316219196,0,1
5380,2,3.7710691604915518,-3.2675442958473875,0,0.007175560160689912,0.0082092934399269572,0,0.001
5390,0,-0.3489499432735661,0.36155570213125449,0,-0.0087618998536824321,-0.0084481296407820025,0,1
5390,1,0.34510805234055553,-0.35837103614635163,0,0.0087549116030808619,0.0084397636585980366,0,1
5390,2,3.8418909324794166,-3.1846659864768481,0,0.0069882506014743119,0.0083659821832801125,0,0.001
5400,0,-0.42548506235677358,0.26730195236819992,0,-0.0064695621757921793,-0.01030957132082143,0,1
5400,1,0.42157423744811107,-0.26420171909937396,0,0.0064627640168761335,0.010301051244531716,0,1
5400,2,3.9108249081288031,-3.1002332704062385,0,0.0067981589158782529,0.0085200762890190237,0,0.001
5410,0,-0.47706886543042609,0.15739191023560012,0,-0.0037962813642035856,-0.011563922912596463,0,1
5410,1,0.47309101765159722,-0.15437763479267458,0,0.0037896752051231218,0.011555252041982406,0,1
5410,2,3.9778477782937958,-3.0142754445122226,0,0.0066061590803415263,0.0086708706133948061,0,0.001
5420,0,-0.50066438271053104,0.038297950083909599,0,-0.00089955019866315368,-0.012137284153937821,0,1
5420,1,0.49662143884264986,-0.035371120422664437,0,0.00089313731807674377,0.012128466629588953,0,1
5420,2,4.0429438673452971,-2.9268296628378505,0,0.006412880586292565,0.0088175243482800977,0,0.001
5430,0,-0.49488354784255839,-0.082966523485763444,0,0.0020499732787389673,-0.011995883719209849,0,1
5430,1,0.49077744573402055,0.085804464990437423,0,-0.0020561918835212776,0.011986924500094609,0,1
5430,2,4.1061021080004547,-2.8379415062728222,0,0.0062186047821904573,0.0089592191146470844,0,0.001
5440,0,-0.46006894987687019,-0.19926034865854894,0,0.004878526389848932,-0.011148067044883988,0,1
5440,1,0.45590163750351526,0.20200801267994717,0,-0.0048845496308227987,0.011138971744985288,0,1
5440,2,4.1673123728168084,-2.7476640230035358,0,0.0060232409737447411,0.0090952998980891597,0,0.001
5450,0,-0.39827357198471891,-0.30373537006981227,0,0.0074194827447594284,-0.0096437995447520453,0,1
5450,1,0.39404701003591647,0.30639142565422056,0,-0.0074253091206247217,0.0096345741775376061,0,1
5450,2,4.2265619482632548,-2.6560555860202126,0,0.0058263758651829027,0.0092253672138797871,0,0.001
5460,0,-0.31313974427535457,-0.39023988164519008,0,0.0095231688723691321,-0.0075717167652469492,0,1
5460,1,0.30885591149983771,0.39280305876458632,0,-0.0095287962452485775,0.0075623674541422234,0,1
5460,2,4.2838327749778369,-2.5631771210143657,0,0.0056273728793925669,0.0093493111041190145,0,0.001
5470,0,-0.20968448028528738,-0.45368098196766871,0,0.011065678571633418,-0.0050538976781270258,0,1
5470,1,0.20534538046170667,0.45615007121969481,0,-0.011071104067739016,0.0050444303824898071,0,1
5470,2,4.3390998230408586,-2.4690892536488116,0,0.0054254961055043025,0.0094672956366253815,0,0.001
5480,0,-0.094003871672039871,-0.49032451677712252,0,0.01195616730802782,-0.0022386706230735471,0,1
5480,1,0.089611540920442101,0.49269836657058302,0,-0.011961387348840412,0.0022290909137870052,0,1
5480,2,4.3923307510568863,-2.373849795088641,0,0.005220040812518147,0.0095797092859435592,0,0.001
5490,0,0.027086034968738008,-0.49801496961082525,0,0.012142198992568073,0.00070812400848240388,0,1
5490,1,-0.031529521824858443,0.50029248144873195,0,-0.012147209452042042,-0.00071781110220714547,0,1
5490,2,4.4434868555790699,-2.2775118395402512,0,0.0050104594738983503,0.0096870937241472013,0,0.001
5500,0,0.14645073255907634,-0.47630237385515412,0,0.011612831812017544,0.0036129005808119077,0,1
5500,1,-0.15094325777795964,0.47848249650637825,0,-0.011617628285392614,-0.003622690638275008,0,1
5500,2,4.4925252183415481,-2.1801226528628788,0,0.0047964733750530649,0.009790057462503228,0,0.001
5510,0,0.25705748830422642,-0.42646878342190037,0,0.010399261957550331,0.0063045507628071377,0,1
5510,1,-0.26159689014293463,0.42855050690722896,0,-0.010403840112390953,-0.0063144399404753354,0,1
5510,2,4.5394018381665537,-2.0817234869732317,0,0.0045781548406870374,0.0098891776675736117,0,0.001
5520,0,0.35238958433167483,-0.35145274015044609,0,0.0085729868248646326,0.0086245210826281817,0,1
5520,1,-0.35697365968276307,0.35343509055934852,0,-0.0085773427835092227,-0.0086345059794659239,0,1
5520,2,4.5840753505459695,-1.9823504105538949,0,0.0043559586446522691,0.0099848968370719309,0,0.001
5530,0,0.42683017360687947,-0.25567617400338882,0,0.0062415946450293282,0.01043615246730558,0,1
5530,1,-0.43145668432253353,0.2575582101393914,0,-0.0062457253263289306,-0.010446229897323642,0,1
5530,2,4.6265107151123708,-1.882036137661093,0,0.0041306812996603041,0.010077430017450408,0,0.001
5540,0,0.47599313734036514,-0.14478391876275443,0,0.0035424273297256681,0.011632731141369593,0,1
5540,1,-0.48065981943517122,0.14656473139354573,0,-0.0035463306704025506,-0.011642897848082291,0,1
5540,2,4.6666820942657159,-1.7808126324566917,0,0.0039033406769890164,0.010166706712102512,0,0.001
5550,0,0.49698144288036045,-0.025311182365925462,0,0.00063448932748422942,0.012143775418049696,0,1
5550,1,-0.50168601707659488,0.026989896385596582,0,-0.00063816432225889349,-0.012154027788489776,0,1
5550,2,4.7045741956941001,-1.6787140213420975,0,0.0036749947747669975,0.010252370439563228,0,0.001
5560,0,0.48855777199615563,0.095701432250711288,0,-0.0023109203370484215,0.011939186854836312,0,1
5560,1,-0.49329795367548468,-0.094125653071249274,0,0.0023074737923115323,-0.011949520698084004,0,1
5560,2,4.7401816787887103,-1.5757791811382362,0,0.0034465447369919529,0.010333843247189757,0,0.001
5570,0,0.4512173671198495,0.21112266191697407,0,-0.0051202996928307563,0.011031020867327414,0,1
5570,1,-0.45599087386101755,-0.20965060850206985,0,0.0051170811166766084,-0.011041431306053607,0,1
5570,2,4.7735067406293519,-1.472053416585688,0,0.0032185761542806706,0.010410438725660364,0,0.001
5580,0,0.38715881694590537,0.31415062900691221,0,-0.0076281633553803088,0.0094727732978593781,0,1
5580,1,-0.39196337242514367,-0.31278304010603403,0,0.0076251720781519818,-0.009483254787715863,0,1
5580,2,4.8045554787012081,-1.3675889025644299,0,0.0029912772284498472,0.010481489855903593,0,0.001
5590,0,0.30015452423116817,0.39871345355110988,0,-0.0096867875033838091,0.0073562266152054764,0,1
5590,1,-0.30498785810155371,-0.39745100963364821,0,0.0096840230605030244,-0.0073667730730697656,0,1
5590,2,4.8333338698494828,-1.2624439191525443,0,0.0027644428809132423,0.010546457863765148,0,0.001
5600,0,0.19532850644591745,0.45982684920329497,0,-0.011174907048529333,0.0048060432013376439,0,1
5600,1,-0.20018835060563617,-0.45867016802308619,0,0.011172369499954281,-0.0048166482039632211,0,1
5600,2,4.8598441591851831,-1.1566811819048368,0,0.0025375485751301407,0.010605002625079848,0,0.001
5610,0,0.078854625133069511,0.49388766758747876,0,-0.01200485449364813,0.0019724250258413797,0,1
5610,1,-0.083738707359559988,-0.49283730191419917,0,0.012002544626180963,-0.0019830820383440512,0,1
5610,2,4.8840822259575392,-1.0503656749818433,0,0.0023098674672837253,0.010657012502171517,0,0.001
5620,0,-0.042406993125857204,0.49888612999387077,0,-0.012127722029798352,-0.000977728469790965,0,1
5620,1,0.03750095688764666,-0.49794256763949574,0,0.012125641422108821,0.00096702586793414984,0,1
5620,2,4.9060362376788715,-0.94356235608230099,0,0.0020806076896600057,0.010702601856309692,0,0.001
5630,0,-0.16131395845261623,0.4745242627584863,0,-0.011536244193592952,-0.0038706452765198763,0,1
5630,1,0.15638827174170761,-0.47368792875207072,0,0.011534395139353093,0.0038599031911276051,0,1
5630,2,4.9256867103773514,-0.83633400812747849,0,0.0018490542399066268,0.010742085391765261,0,0.001
5640,0,-0.27086228282489411,0.4222335554500935,0,-0.010265231305714061,-0.0065359122421969132,0,1
5640,1,0.26591927486115274,-0.42150481600849338,0,0.010263616601675581,0.0065251363086666408,0,1
5640,2,4.9430079632108725,-0.72873944331571971,0,0.0016147040384851174,0.010775933529757109,0,0.001
5650,0,-0.36459896018417409,0.3450907734739681,0,-0.008389526638389367,-0.008816512457040581,0,1
5650,1,0.35964098935031785,-0.34446994122485908,0,0.0083881492583636787,0.0088057077491010272,0,1
5650,2,4.9579708333265859,-0.62083225082829396,0,0.0013773800256903575,0.010804707939055488,0,0.001
5660,0,-0.43700216799425695,0.24763684032902794,0,-0.0060196050291646663,-0.010578078215606055,0,1
5660,1,0.43203162165220527,-0.24712418003644096,0,0.0060184677260474656,0.010567249239326157,0,1
5660,2,4.9705463415213593,-0.51266029430978699,0,0.0011373031171572987,0.010828976279319339,0,0.001
5670,0,-0.48380667617571704,0.13560941432888704,0,-0.0032950694385122997,-0.011716813633137887,0,1
5670,1,0.47882596641481945,-0.13520514818659091,0,0.0032941743418344006,0.011705964420589479,0,1
5670,2,4.9807097603680983,-0.40426614402459154,0,0.00089509667784531672,0.010849212547796309,0,0.001
5680,0,-0.50225525315551967,0.015604885464753028,0,-0.0003764267286821009,-0.01216561779358754,0,1
5680,1,0.49726680884655466,-0.01530919696115895,0,0.00037577502287479246,0.012154752092043374,0,1
5680,2,4.9884443084355086,-0.29568850532824204,0,0.0006517058072594375,0.010865701543576809,0,0.001
5690,0,-0.49126120828046377,-0.10531029551114897,0,0.0025643729180228276,-0.011898044595294715,0,1
5690,1,0.48626746465881776,0.10549725997887929,0,-0.0025647811548451683,0.011887166120681381,0,1
5690,2,4.9937436211161694,-0.18696446947022038,0,0.00040823682230858415,0.010878474612758461,0,0.001
5700,0,-0.45147245384605705,-0.22001602919019164,0,0.0053540737867951507,-0.010929863415350101,0,1
5700,1,0.44647584149086772,0.22009416133678444,0,-0.0053542395394068102,0.010918976115552493,0,1
5700,2,4.9966123546603098,-0.078132148338873345,0,0.00016575261163218039,0.010887299796996867,0,0.001
5710,0,-0.38523329674663598,-0.32175814123044599,0,0.0078283293577438001,-0.0093181276470593755,0,1
5710,1,0.3802362319948015,0.32172737433382104,0,-0.0078282544368788454,0.0093072359156709163,0,1
5710,2,4.9970647513051976,0.030766894872210886,0,-7.4920864961341302e-05,0.010891731387787547,0,0.001
5720,0,-0.29644622602626203,-0.40454635190216809,0,0.0098413891906291885,-0.0071578069913508123,0,1
5720,1,0.29145110448144046,0.40440666595628955,0,-0.009841075864229349,0.0071469157894538246,0,1
5720,2,4.9951215442922798,0.13968594412005553,0,-0.00031332639988736557,0.010891201896352952,0,0.001
5730,0,-0.1903418788711897,-0.4635071669736659,0,0.011274685509989921,-0.004576184466538233,0,1
5730,1,0.18535107290130121,0.46325859453105284,0,-0.011274136089033866,0.0045652993390472175,0,1
5730,2,4.9908059693585942,0.24857244084831637,0,-0.0005494209560413186,0.010885127490401767,0,0.001
5740,0,-0.073170785642537164,-0.4951709001984495,0,0.012043813728928425,-0.0017253512593653326,0,1
5740,1,0.068186645898795209,0.49481353189136151,0,-0.012043030189246587,0.0017144782578981878,0,1
5740,2,4.9841397432116015,0.35736830531745045,0,-0.00078353968191864328,0.010873001466540667,0,0.001
5750,0,0.048164907229464607,-0.49767594576002422,0,0.012103497478366251,0.0012267561280782911,0,1
5750,1,-0.053140046946444211,0.497209934683642,0,-0.012102481176922112,-0.0012376105912490511,0,1
5750,2,4.9751397164483491,0.46601107460516905,0,-0.0010163014442335281,0.010854463170154089,0,0.001
5760,0,0.16651802500403592,-0.47087830984007389,0,0.011450248338409266,0.0041062476427466913,0,1
5760,1,-0.17148184066039038,0.47030387423742354,0,-0.011448999857167221,-0.0041170769844027944,0,1
5760,2,4.9638156558224438,0.57443560086741829,0,-0.0012484812421187355,0.010829341655502601,0,0.001
5770,0,0.27491732152297321,-0.4163599909929574,0,0.010122566093027146,0.0067435185234255325,0,1
5770,1,-0.27986749090928159,0.41567741491450327,0,-0.01012108522457038,-0.0067543162014936688,0,1
5770,2,4.9501693857760696,0.68257607666551801,0,-0.0014808684567937588,0.010797678067551726,0,0.001
5780,0,0.36697803746575364,-0.33733574235653369,0,0.0081986691351855732,0.0089832341290044231,0,1
5780,1,-0.37191223283022329,0.33654537416860808,0,-0.0081969550114955828,-0.0089939938572202831,0,1
5780,2,4.9341953639359044,0.79036818613029902,0,-0.0017141236900198519,0.010759728215252309,0,0.001
5790,0,0.43727791164828556,-0.23846371199823169,0,0.0057918886562149169,0.010693474916237938,0,1
5790,1,-0.44219379429385514,0.23756596082890449,0,-0.0057899400095404755,-0.01070419085738771,0,1
5790,2,4.9158826450350803,0.89775116752386219,0,-0.0019486466744326506,0.010715941149111823,0,0.001
5800,0,0.4816765246438568,-0.12557109903866415,0,0.0030439965840982366,0.011773504566346746,0,1
5800,1,-0.4865717426812628,0.12456642952653885,0,-0.0030418121103927241,-0.011784171472656046,0,1
5800,2,4.8952180368716345,1.0046695103150491,0,-0.0021844737054968659,0.010666906308644518,0,0.001
5810,0,0.4975591749570224,-0.0053109582864354528,0,0.00011685836255879166,0.012159704116073233,0,1
5810,1,-0.50243136498757446,0.00419988433620437,0,-0.00011443713256486385,-0.01217031738194631,0,1
5810,2,4.8721900300170899,1.1110739484143353,0,-0.0024212299939128114,0.010613265872429761,0,0.001
5820,0,0.48399091498516789,0.11522965586967447,0,-0.0028170993449503326,0.01182932168824672,0,1
5820,1,-0.48883770780964375,-0.11644657730626343,0,0.0028197575061718358,-0.011839877289845525,0,1
5820,2,4.8467928239408513,1.2169214347663309,0,-0.0026581612214822046,0.010555601598195791,0,0.001
5830,0,0.44177165464598606,0.2289471362730747,0,-0.0055850451170549554,0.010801815344045909,0,1
5830,1,-0.44659068424432546,-0.23026931023084343,0,0.0055879393692131627,-0.010812309665295849,0,1
5830,2,4.8190295978053026,1.3221739559406909,0,-0.0028942521581209052,0.0104943212493514,0,0.001
5840,0,0.37338906828125246,0.32913976699642683,0,-0.0080239245489213788,0.0091377084970338512,0,1
5840,1,-0.37817798251704754,-0.33056656334574969,0,0.0080270529600226567,-0.0091481380747184642,0,1
5840,2,4.7889142352614273,1.4267963474885517,0,-0.0031284111012086255,0.010429577683963232,0,0.001
5850,0,0.28287207037110296,0.40990250175106047,0,-0.0099900662844889122,0.0069350247598280778,0,1
5850,1,-0.28762854144036898,-0.41143325532762387,0,0.0099934259566642914,-0.0069453860052732484,0,1
5850,2,4.7564710687341121,1.5307535747232601,0,-0.0033596721753040969,0.010361245444530988,0,0.001
5860,0,0.17555349568392117,0.46647480821873949,0,-0.011367645285828006,0.0043235128117508565,0,1
5860,1,-0.18027522842848662,-0.46810881631218765,0,0.011371232646467307,-0.0043338017701406561,0,1
5860,2,4.7217327440346155,1.6340080916013717,0,-0.0035873606391929281,0.010288958389166622,0,0.001
5870,0,0.057755975802784257,0.49552108438224773,0,-0.01207550447312372,0.0014570027532335619,0,1
5870,1,-0.062440712587955492,-0.49725760219887832,0,0.012079315656898152,-0.0014672149442599171,0,1
5870,2,4.6847367846413057,1.7365178147775169,0,-0.0038111837743269078,0.010212191025718459,0,0.001
5880,0,-0.063580473866512957,0.49532713768987929,0,-0.012071933616392841,-0.0014956546480947297,0,1
5880,1,0.058934952200942775,-0.49716537271327832,0,0.012075964855560357,0.0014855242903444893,0,1
5880,2,4.6455216650413682,1.8382350215398549,0,-0.0040312391673783948,0.010130357749606522,0,0.001
5890,0,-0.18130721985501289,0.46590116992368918,0,-0.011357125340858134,-0.0043605317993377227,0,1
5890,1,0.17670309669766424,-0.46784027616429119,0,0.011361373296462054,0.004350488890131992,0,1
5890,2,4.6041231568215899,1.9391062387365223,0,-0.004247955603680376,0.010042909205092175,0,0.001
5900,0,-0.2884880648188356,0.40897333308042122,0,-0.0099731648300374464,-0.0069688662901315479,0,1
5900,1,0.28392749331509265,-0.41101240611664736,0,0.0099776268204649788,0.0069589168745592409,0,1
5900,2,4.5605715032183936,2.0390730343543013,0,-0.0044619904272412197,0.0099494155716445855,0,0.001
5910,0,-0.3788078108173844,0.32789388360756128,0,-0.0080015542488401335,-0.00916699937226397,0,1
5910,1,0.37429292106761114,-0.33003195717362732,0,0.0080062283527226087,0.0091571497381321594,0,1
5910,2,4.5148897492518776,2.138073564188455,0,-0.0046741038821744079,0.0098496341311018719,0,0.001
5920,0,-0.44694428636736883,0.22743591830464546,0,-0.0055584169273296472,-0.010825427152020636,0,1
5920,1,0.44247719298226856,-0.22967196301554788,0,0.0055633019513693415,0.010815683592824414,0,1
5920,2,4.4670933845826024,2.2360447090173667,0,-0.0048850240394148186,0.0097435591954254559,0,0.001
5930,0,-0.48888193080961645,0.11351428234791512,0,-0.0027876619977075306,-0.011846432236696226,0,1
5930,1,0.48446473946805291,-0.11584720694747527,0,0.0027927573104813809,0.011836800788978894,0,1
5930,2,4.4171913410487313,2.3329245976674211,0,-0.0050953127735813373,0.0096314477165513387,0,0.001
5940,0,-0.50214845155120147,-0.007162824897633157,0,0.00014749004018586124,-0.012169845870561252,0,1
5940,1,0.49778326328098216,0.0047341696804824238,0,-0.00014218479334849826,0.012160332062132477,0,1
5940,2,4.3651882697055759,2.4286552152502221,0,-0.0053052468370911729,0.0095138084279670979,0,0.001
5950,0,-0.48596058153867,-0.1274890449068139,0,0.0030741232406900315,-0.011776599354267303,0,1
5950,1,0.48164949369448434,0.12496586023727173,0,-0.0030686085047987735,0.011767208011806949,0,1
5950,2,4.311087843676229,2.5231846676338248,0,-0.0055147358909910143,0.0093913424595511007,0,0.001
5960,0,-0.44127030905082054,-0.24037857509911539,0,0.005819817432606891,-0.010689852960364928,0,1
5960,1,0.43701541246499143,0.23776210650185073,0,-0.0058140941287766054,0.010680588126589728,0,1
5960,2,4.2548965853230749,2.6164685953486737,0,-0.0057233038300026524,0.009264833774410593,0,0.001
5970,0,-0.3707088206492703,-0.33918371197712949,0,0.0082228129759222036,-0.0089736334587163461,0,1
5970,1,0.36651219316945188,0.3364752416694331,0,-0.0082168828241014208,0.0089644984516126566,0,1
5970,2,4.1966274793151532,2.7084703057730035,0,-0.0059301518204912503,0.0091350071028990613,0,0.001
5980,0,-0.27843144489779509,-0.41808658096554113,0,0.010141547561878787,-0.0067290593854462443,0,1
5980,1,0.27429514234312374,0.41528742149646403,0,-0.010135413263596042,0.0067200569961584191,0,1
5980,2,4.1363025541697418,2.7991594671458833,0,-0.0061342982824118359,0.0090023892870746865,0,0.001
5990,0,-0.1698727457214099,-0.47244193011502567,0,0.011463000293854799,-0.004088377164307844,0,1
5990,1,0.1657987919116444,0.4695534205103617,0,-0.011456665531688436,0.0040795099504548193,0,1
5990,2,4.0739538092678451,2.8885096027252226,0,-0.0063347621660311115,0.0088672138522482621,0,0.001
6000,0,-0.051426232939826864,-0.49905076402083082,0,0.01210934952593452,-0.0012071618433308741,0,1
6000,1,0.047416610637010297,0.49607426905982094,0,-0.012102818787002576,0.0011984324500330305,0,1
6000,2,4.0096223023219952,2.9764949590630208,0,-0.0065307389316272514,0.0087293932970710988,0,0.001
6010,0,0.069932390737558761,-0.49634869756845446,0,0.01204255211508971,0.0017448549206571632,0,1
6010,1,-0.07387574644524271,0.49328561012362249,0,-0.012035830390339284,-0.0017534434790634128,0,1
6010,2,3.9433557071926462,3.063087442878738,0,-0.0067217247501291924,0.0085885584054760118,0,0.001
6020,0,0.18705620929234604,-0.46449796312850311,0,0.011266576111723471,0.0045937866636466401,0,1
6020,1,-0.19093141427938609,0.46134970891964416,0,-0.011259668543529725,-0.0046022308081602832,0,1
6020,2,3.8752049865522733,3.1482542068980863,0,-0.0069075681934364312,0.0084441445128782943,0,0.001
6030,0,0.29304807100840269,-0.40537769979594257,0,0.0098271583396003625,0.0071718334235731469,0,1
6030,1,-0.29685329190822823,0.40214574356665833,0,-0.0098200698856440154,-0.0071801289232799577,0,1
6030,2,3.8052208993420318,3.2319562273163824,0,-0.0070884539559980201,0.0082954997060617191,0,0.001
6040,0,0.38166677747580491,-0.32247314651631243,0,0.0078091041392622795,0.0093271600990329964,0,1
6040,1,-0.38540022841170996,0.31915899852321683,0,-0.0078018393020503193,-0.0093353020953040704,0,1
6040,2,3.7334509354261383,3.3141479911209468,0,-0.007264837211557091,0.0081419962703422749,0,0.001
6050,0,0.44769459375622106,-0.22067029969282415,0,0.0053312902404663923,0.010932832306998184,0,1
6050,1,-0.45135453082654292,0.21727552142102763,0,-0.0053238528922766783,-0.010940815442399563,0,1
6050,2,3.6599370698453035,3.3947782698144917,0,-0.0074373481893198539,0.0079831354006560194,0,0.001
6060,0,0.4872444785753044,-0.10596813730977271,0,0.0025396653050472826,0.011894286290032377,0,1
6060,1,-0.49082919313650814,0.10249434542587478,0,-0.002532058624475972,-0.01190210492925527,0,1
6060,2,3.5847145607313413,3.4737918819086393,0,-0.0076066805709071195,0.0078186392221198022,0,0.001
6070,0,0.49798897733582953,0.014874660108367979,0,-0.00040134105121162011,0.012154895259274946,0,1
6070,1,-0.50149678924480467,-0.018425792389472884,0,0.00040911452326410433,-0.012162543780872784,0,1
6070,2,3.5078119085063455,3.5511322791076902,0,-0.0077734720520734107,0.007648521597062764,0,0.001
6080,0,0.47929731441136908,0.13473772061912426,0,-0.0033184972178141921,0.011699305324534184,0,1
6080,1,-0.48272656642575301,-0.13836446529647292,0,0.0033264354037071675,-0.011706778447455967,0,1
6080,2,3.4292520139179219,3.6267446753434944,0,-0.0079381858925675671,0.0074731229209938892,0,0.001
6090,0,0.43227260270107076,0.2465583200739567,0,-0.0060399688991683428,0.010554343884595982,0,1
6090,1,-0.43562165715620699,-0.25025889934222595,0,0.0060480699081593668,-0.010561636975060769,0,1
6090,2,3.3490544546743752,3.700579266256149,0,-0.0081010089906468092,0.0072930904639410743,0,0.001
6100,0,0.3596869511710416,0.34374737580956516,0,-0.0084054395078768402,0.0087874450473134844,0,1
6100,1,-0.36295418977375593,-0.3475199697341711,0,0.0084137012980277873,-0.0087945543392972201,0,1
6100,2,3.2672386022570539,3.7725939225836265,0,-0.0082617901505531721,0.007109291982833001,0,0.001
6110,0,0.26581825761825967,0.42057759610613482,0,-0.010275555502874009,0.0065026824904601405,0,1
6110,1,-0.26900208466886605,-0.42442035181137178,0,0.010283975545807067,-0.0065096051597026642,0,1
6110,2,3.1838270501528689,3.8427557032050181,0,-0.0084200429326908421,0.0069226692416092354,0,0.001
6120,0,0.15619827235280748,0.47252090569888561,0,-0.011540138931340635,0.0038346417103931937,0,1
6120,1,-0.15929712099003426,-0.47643194642617859,0,0.01154871395504665,-0.0038413757734181066,0,1
6120,2,3.0988486367778085,3.9110407252507811,0,-0.0085750237056721502,0.006734063023959876,0,0.001
6130,0,0.037286762497640145,0.49651524426999299,0,-0.01212468145771085,0.00094049216469760443,0,1
6130,1,-0.040299102860693235,-0.50049267661043062,0,0.012133407327700995,-0.00094703622185868112,0,1
6130,2,3.0123403626077958,3.9774323383863366,0,-0.0087258699896949465,0.0065440571601257796,0,0.001
6140,0,-0.083909021997084055,0.49114499746545093,0,-0.011994735789710671,-0.0020092728428880856,0,1
6140,1,0.08098467422124328,-0.49518691548618171,0,0.012003607550688532,0.0020029199590418773,0,1
6140,2,2.9243477754000788,4.0419180186680856,0,-0.008871760977363273,0.0063528838452619543,0,0.001
6150,0,-0.20024714702157384,0.45672442014196069,0,-0.011157945349008151,-0.0048408815317754266,0,1
6150,1,0.19741222319513638,-0.460828905854621,0,0.011166957405240123,0.0048347211232054772,0,1
6150,2,2.834923826002357,4.1044857105884347,0,-0.0090120562314538709,0.0061604085690070169,0,0.001
6160,0,-0.30487172465441409,0.39527914078243453,0,-0.0096635932864937695,-0.0073875212285904367,0,1
6160,1,0.30212759807343537,-0.39944426117331167,0,0.0096727396690740597,0.0073815550427058715,0,1
6160,2,2.7441265805482282,4.1651203887962245,0,-0.0091463825797420805,0.0059661858835947526,0,0.001
6170,0,-0.39161678512552528,0.31042684862568698,0,-0.0075996986559576374,-0.0094991646935269208,0,1
6170,1,0.38896476876317154,-0.31465065006091242,0,0.0076089733178824571,0.009493395131683454,0,1
6170,2,2.6520163619281618,4.2238014331343958,0,-0.0092746619243246394,0.0057695618424921198,0,0.001
6180,0,-0.45536950552050981,0.20716420276445349,0,-0.0050878318491029851,-0.011051406953563481,0,1
6180,1,0.45281085264935467,-0.21144470392272574,0,0.0050972289391596343,0.011045837155067774,0,1
6180,2,2.5586528707347025,4.2805011561716855,0,-0.0093970900562026036,0.0055697984947545263,0,0.001
6190,0,-0.49237141127860207,0.091572517151958591,0,-0.0022759549324880644,-0.011952793281217291,0,1
6190,1,0.48990731858142966,-0.09590770176559528,0,0.0022854690147479993,0.011947427077812704,0,1
6190,2,2.464092696756921,4.3351846115261976,0,-0.009514082259538939,0.0053662034036160043,0,0.001
6200,0,-0.50043981773176394,-0.029540451758114008,0,0.00067029210507725382,-0.012150207711650998,0,1
6200,1,0.49807143024480677,0.025152641078236761,0,-0.00066066590706567079,0.012145049457892482,0,1
6200,2,2.3683874865452137,4.3878106777571562,0,-0.0096261980111828419,0.0051582537575557714,0,0.001
6210,0,-0.47909646620976704,-0.1490415311590112,0,0.00357734728461305,-0.011632004957922796,0,1
6210,1,0.47682488326877553,0.14460319684058359,0,-0.0035676132336097039,0.011627059252849068,0,1
6210,2,2.2715829405839099,4.4383343162979632,0,-0.0097340510029298929,0.0049457050727585456,0,0.001
6220,0,-0.42959576175430475,-0.2598923636857271,0,0.0062739514103582516,-0.010428700436791295,0,1
6220,1,0.42742204298480796,0.25540565390572767,0,-0.006264113202236442,0.01042397176780536,0,1
6220,2,2.1737187690931981,4.4867097778597342,0,-0.0098382081214025696,0.0047286689849294142,0,0.001
6230,0,-0.35485092345168601,-0.35556409269188155,0,0.0086012399480892426,-0.0086111760964646469,0,1
6230,1,0.35277609376663766,0.35103119834705365,0,-0.0085913008630183803,0.0086066684581389222,0,1
6230,2,2.0748296846491558,4.5328943426808141,0,-0.0099390850704772927,0.0045076383247591332,0,0.001
6240,0,-0.25926237238167293,-0.43042205731038302,0,0.010422106846084784,-0.006286505886053036,0,1
6240,1,0.25728742499247492,0.42584520535053066,0,-0.010412069990462536,0.0062822224472953905,0,1
6240,2,1.9749473888021345,4.5768519576959674,0,-0.010036855621834888,0.0042834387566637825,0,0.001
6250,0,-0.1484584541451959,-0.48005780453298147,0,0.011629286831672168,-0.0035916456326817439,0,1
6250,1,0.14658435084913404,0.47543924854157171,0,-0.011619155432347501,0.0035875885313406113,0,1
6250,2,1.8741032956694936,4.6185559892443102,0,-0.010131399324270308,0.0040571013401633927,0,0.001
6260,0,-0.028963779163482292,-0.50154882419824787,0,0.012151677681973816,-0.00068535931177650757,0,1
6260,1,0.027191447674097154,0.49689083381304172,0,-0.012141455372228263,0.00068152963432585969,0,1
6260,2,1.7723314889970241,4.657990383032228,0,-0.010222309745153636,0.0038296774496829962,0,0.001
6270,0,0.092185249959701912,-0.49363068110938924,0,0.011958528167903465,0.0022611408648134661,0,1
6270,1,-0.093854921224153398,0.48893553223337788,0,-0.011948219199869088,-0.0022647429077704497,0,1
6270,2,1.6696712640670606,4.695148873827975,0,-0.010308968034003324,0.0036020429560229494,0,0.001
6280,0,0.20785503167403399,-0.45677140266347005,0,0.011061244569064717,0.0050742864148609146,0,1
6280,1,-0.20942120035352244,0.45204137025020941,0,-0.011050853906643126,-0.0050776611602463976,0,1
6280,2,1.5661686791078229,4.7300324110683487,0,-0.010390662421215771,0.0033747453845247742,0,0.001
6290,0,0.31123501778696505,-0.3931437658978833,0,0.009512710760867597,0.0075883795513829906,0,1
6290,1,-0.31269689461465133,0.38838112046151102,0,-0.0095022440425838375,-0.0075915274817223545,0,1
6290,2,1.461876827310381,4.7626454341710014,0,-0.01046671828342427,0.0031479303384201042,0,0.001
6300,0,0.39623885157721589,-0.30649716213044031,0,0.0074041646909561694,0.0096553514644697642,0,1
6300,1,-0.39759570647808506,0.30170417028140328,0,-0.0073936280857511676,-0.0096582728179560803,0,1
6300,2,1.3568549004971404,4.792991846827932,0,-0.010536605204672703,0.0029213534854077381,0,0.001
6310,0,0.4578627744013461,-0.20193663603608381,0,0.004859818264706179,0.011153477745913059,0,1
6310,1,-0.45911394078140966,0.19711556456370397,0,-0.0048492182615628354,-0.011156172206033184,0,1
6310,2,1.2511663796947063,4.8210714701611597,0,-0.010600003143049173,0.002694460119166046,0,0.001
6320,0,0.49248022704505279,-0.085622148609921914,0,0.0020295396393992509,0.011994539890204171,0,1
6320,1,-0.4936251038214064,0.080775271089860545,0,-0.0020188828121465688,-0.011997006395828361,0,1
6320,2,1.1448767759867009,4.8468775178333061,0,-0.010656827252358916,0.002466505623278215,0,0.001
6330,0,0.49805534301063303,0.035594215313761807,0,-0.00091997068988394954,0.012129014119491079,0,1
6330,1,-0.49909339430380728,-0.040464610698871063,0,0.00093067791045426545,-0.012131250813758545,0,1
6330,2,1.0380512928105146,4.8703953828718332,0,-0.010707220569992709,0.0022366942664697204,0,0.001
6340,0,0.47426280242358437,0.1545717488978284,0,-0.0038149917647592635,0.011548984586491628,0,1
6340,1,-0.47519355510523248,-0.15946335173979861,0,0.0038257432886718888,-0.011550988907972582,0,1
6340,2,0.93075268128807931,4.8916028397233546,0,-0.010751523912283309,0.0020043214800146069,0,0.001
6350,0,0.4225070087557225,0.26430161114801026,0,-0.006485006820663131,0.010288610667884321,0,1
6350,1,-0.42333004824740067,-0.26921208279009246,0,0.0064957970476473949,-0.01029037957620995,0,1
6350,2,0.82303949132143861,4.910471639825702,0,-0.010790226983901792,0.001768908324745201,0,0.001
6360,0,0.3458394509959426,0.35831958088886151,0,-0.0087727414496462219,0.0084221202934196548,0,1
6360,1,-0.34655441590466479,-0.36324655124588628,0,0.0087835653494497627,-0.0084236506069428028,0,1
6360,2,0.71496490836935078,4.9269703547606056,0,-0.010823899803189027,0.0015303135222067554,0,0.001
6370,0,0.24877908489712205,0.43108679874517686,0,-0.010543426072017074,0.0060594453770539932,0,1
6370,1,-0.24938566127566908,-0.43602786688639333,0,0.010554279176082855,-0.0060607341781673731,0,1
6370,2,0.60657637819685362,4.9410681389436757,0,-0.010853104065457465,0.0012888011124870522,0,0.001
6380,0,0.13704626657882768,0.47831607859783537,0,-0.011692737530630729,0.0033397535450778821,0,1
6380,1,-0.13754418277079306,-0.48326881743928096,0,0.011703615822673161,-0.0033407985832283661,0,1
6380,2,0.49791619161835177,4.9527388391651606,0,-0.01087829204210595,0.0010450381496327108,0,0.001
6390,0,0.01722586897654893,0.49722454813738631,0,-0.012152950630579007,0.00042325465059917682,0,1
6390,1,-0.01761489204159436,-0.50218651279332194,0,0.012163850343419186,-0.0004240546563458346,0,1
6390,2,0.38902306470209091,4.9619646536474811,0,-0.010899712839838404,0.00080000574580384675,0,0.001
6400,0,-0.10362059644907221,0.48669769860854406,0,-0.011896934714924885,-0.0025182364640223449,0,1
6400,1,0.10334066194396696,-0.49166643709827584,0,0.011907852068528617,0.0025176816328175999,0,1
6400,2,0.27993450476520043,4.9687384874353269,0,-0.010917353603387235,0.00055483120390012334,0,0.001
6410,0,-0.21837099962991768,0.44735513916069053,0,-0.010939757241455869,-0.0053114245061555848,0,1
6410,1,0.21820031013782967,-0.45232820354625181,0,0.010950688179036536,0.0053111139266033402,0,1
6410,2,0.17068949175144035,4.9730643832570642,0,-0.010930937580279685,0.00031057955140537661,0,0.001
6420,0,-0.32026222084996958,0.38151415410076905,0,-0.0093377983095835962,-0.0077917473034635996,0,1
6420,1,0.32020088997540691,-0.38648911000242547,0,0.0093487382911446384,0.0077916792423827555,0,1
6420,2,0.061330874231223749,4.9749558993446596,0,-0.010939981560606179,6.8061079955735268e-05,0,0.001
6430,0,-0.40328863534838105,0.29305320291763592,0,-0.0071854282698760241,-0.0098130745103611593,0,1
6430,1,0.4033367283799561,-0.29802763577932007,0,0.007196372163156585,0.0098132468057268649,0,1
6430,2,-0.048093031901275576,4.9744328593624818,0,-0.010943893280070501,-0.00017229536660599682,0,0.001
6440,0,-0.46255595257474669,0.18718341702190436,0,-0.0046094454291849074,-0.011256318518565274,0,1
6440,1,0.46271348046791871,-0.19215493429544528,0,0.0046203875079490345,0.011256728999419685,0,1
6440,2,-0.15752789349236967,4.9715172712094855,0,-0.010942078763662226,-0.00041048085526436152,0,0.001
6450,0,-0.49456955544418285,0.070141576997042931,0,-0.0017616033323171122,-0.012036449941071468,0,1
6450,1,0.49483646926803898,-0.075107806281468931,0,0.0017725373669853254,0.012037096804841576,0,1
6450,2,-0.26691382417239107,4.9662292820864931,0,-0.010934034667736042,-0.00064686377095781117,0,0.001
6460,0,-0.49744036028134692,-0.051177322733749059,0,0.0011903307565557166,-0.012107505181697245,0,1
6460,1,0.49781654692491956,0.046218738864298503,0,-0.0011794113422347119,0.012108387271920729,0,1
6460,2,-0.37618664388372786,4.9585838671025098,0,-0.010919414320526332,-0.00088209022433589251,0,0.001
6470,0,-0.47099608639453944,-0.16962626742956449,0,0.0040724590086927666,-0.011465292457849764,0,1
6470,1,0.47148136606041552,0.16467767873666089,0,-0.004061560940780088,0.0114664094107212,0,1
6470,2,-0.48527966618253671,4.9485886905466963,0,-0.010898067912181422,-0.0011169528722757476,0,0.001
6480,0,-0.41679139538738808,-0.27822724934924348,0,0.0067149962163593159,-0.010147638027157162,0,1
6480,1,0.41738552116459665,0.27329100599036077,0,-0.0067041261549951525,0.010148990273823778,0,1
6480,2,-0.59412577751033524,4.9362433565177284,0,-0.010870061363671569,-0.00135224666750188,0,0.001
6490,0,-0.33801630833669255,-0.37058233861680973,0,0.0089622707802380353,-0.0082321584832767726,0,1
6490,1,0.33871896794342538,0.3656607985001013,0,-0.0089514351049135733,0.0082337471073069424,0,1
6490,2,-0.70265960702957053,4.9215401143343502,0,-0.010835675323988214,-0.0015886240311086457,0,0.001
6500,0,-0.23930828939576962,-0.44125059276370227,0,0.010681895426514947,-0.0058316897664601533,0,1
6500,1,0.24011910896628305,0.43634612679744184,0,-0.010671100046630079,0.0058335162286878104,0,1
6500,2,-0.8108195708060395,4.9044659638774775,0,-0.010795379884443514,-0.0018264622285870311,0,0.001
6510,0,-0.12647905184547503,-0.48606860298519683,0,0.011772567746107524,-0.0030876409368014641,0,1
6510,1,0.12739760135558972,0.4811835970334134,0,-0.011761817968484202,0.0030897066990093992,0,1
6510,2,-0.91854951040292565,4.8850059493919318,0,-0.010749777622886347,-0.0020657622088671879,0,0.001
6520,0,-0.0061721680375503123,-0.50239578274227847,0,0.01217004033652481,-0.00016166304332395736,0,1
6520,1,0.0071979676252190827,0.49753263554020571,0,-0.012159340824229705,0.00016396914843933179,0,1
6520,2,-1.0257995879525257,4.8631471996712712,0,-0.0106995122946429,-0.002306105116314937,0,0.001
6530,0,0.1145283477129488,-0.48926992910957928,0,0.011850907366115567,0.0027738765517607905,0,1
6530,1,-0.11339582157979133,0.48443104609839055,0,-0.011840262212374327,-0.0027713298610092152,0,1
6530,2,-1.1325261334362604,4.8388830087775823,0,-0.010645153740703107,-0.0025466907525152705,0,0.001
6540,0,0.22851541014787416,-0.44746387466954934,0,0.010833982940017441,0.0055460524676052194,0,1
6540,1,-0.22727671982140638,0.4426516585831809,0,-0.01082339585466276,-0.0055432660031769967,0,1
6540,2,-1.2386903267413742,4.812216083947904,0,-0.010587085354198285,-0.0027864644291512,0,0.001
6550,0,0.32907757373714436,-0.37943988776320886,0,0.0091791893247913457,0.0079915719936123619,0,1
6550,1,-0.32773331783000237,0.37465672759196716,0,-0.0091686638973564553,-0.0079885476851562186,0,1
6550,2,-1.3442559074103846,4.7831601688125707,0,-0.010525427434431548,-0.0030243084570182469,0,0.001
6560,0,0.41029438915512556,-0.28920452267911012,0,0.0069840211877016164,0.0099663957787260778,0,1
6560,1,-0.40884520275131331,0.28445278304494931,0,-0.0069735611676470131,-0.0099631365307448812,0,1
6560,2,-1.4491864040766371,4.7517396317226419,0,-0.010460020054186708,-0.0032592479820314972,0,0.001
6570,0,0.46738510115876558,-0.18207250342079853,0,0.0043777961336589968,0.011354220480648424,0,1
6570,1,-0.4658316586529056,0.17735451625759877,0,-0.0043674056667827484,-0.011350729865133104,0,1
6570,2,-1.5534425061204504,4.7179871607540935,0,-0.010390466875849113,-0.0034906155160455469,0,0.001
6580,0,0.49699015566151178,-0.064353589076960538,0,0.0015140327828040184,0.012073323915138674,0,1
6580,1,-0.49533317555772738,0.059671648890387799,0,-0.0015037165620064275,-0.01206960577740736,0,1
6580,2,-1.6569801040403971,4.6819401841204815,0,-0.010316220797186837,-0.0037181377319735458,0,0.001
6590,0,0.49736896549828519,0.057019104882929578,0,-0.001438592634883498,0.012081371320396897,0,1
6590,1,-0.49560921621417336,-0.061662741734764555,0,0.0014488293198971201,-0.012077429382185636,0,1
6590,2,-1.7597492843635978,4.6436368493759312,0,-0.010236685013217263,-0.003941938211933756,0,0.001
6600,0,0.46850233034068056,0.17489743034071215,0,-0.0043061779476029566,0.011377902395730969,0,1
6600,1,-0.4666406360178868,-0.17950054267416671,0,0.0043163292567940893,-0.011373739922784506,0,1
6600,2,-1.8616943230423448,4.6031123309887665,0,-0.010151309190754092,-0.0041624729471130507,0,0.001
6610,0,0.41209351874343209,0.28233914555124967,0,-0.0069198312181026024,0.010004355224935259,0,1
6610,1,-0.41013076417032002,-0.28689954156997766,0,0.006929890889562698,-0.0099999748017734411,0,1
6610,2,-1.9627545733561407,4.5603960162561874,0,-0.010059671459711206,-0.004380423162445057,0,0.001
6620,0,0.33146796949426499,0.37301671735397718,0,-0.0091256110920215315,0.0080416270675589575,0,1
6620,1,-0.32940510340101958,-0.37753222724412522,0,0.0091355726362903743,-0.0080370305015731169,0,1
6620,2,-2.0628660934862033,4.5155098876703743,0,-0.0099615442684836738,-0.0045965659864614442,0,0.001
6630,0,0.23137751216005498,0.44158995453396604,0,-0.010793588789821524,0.0056053152926773308,0,1
6630,1,-0.22921554831385177,-0.44605842278776625,0,0.010803445732206761,-0.0056005036563148035,0,1
6630,2,-2.1619638464401527,4.4684682513161489,0,-0.009856942384889017,-0.0048116363631331401,0,0.001
6640,0,0.11772060379136863,0.48402055788243248,0,-0.011825500204134885,0.002838916683599087,0,1
6640,1,-0.11546061952686403,-0.4884398367317212,0,0.011835246350286427,-0.0028338904928795149,0,1
6640,2,-2.2599842647385406,4.4192788467989885,0,-0.0097461461511782633,-0.0050261907201957492,0,0.001
6650,0,-0.0028049891760528337,0.4978100672819803,0,-0.012160537991238852,-9.4617343277865069e-05,0,1
6650,1,0.0051618570490448296,-0.50217801253868732,0,0.012170167678772333,9.9857830249767661e-05,0,1
6650,2,-2.3568678732225701,4.367945254209312,0,-0.0096296875331796945,-0.0052404869725287215,0,0.001
6660,0,-0.12309665221799559,0.48214716786355549,0,-0.011778941200346085,-0.0030224750281341466,0,1
6660,1,0.1255492137511128,-0.48646163819388438,0,0.011788449487277723,0.0030279294317208595,0,1
6660,2,-2.4525615333445954,4.3144703278237557,0,-0.0095082869312961699,-0.0054544035873258486,0,0.001
6670,0,-0.23606531791642035,0.43795563354775296,0,-0.010703168253836276,-0.0057721644827472161,0,1
6670,1,0.23861233771406251,-0.44221449368051702,0,0.01071255099362568,0.0057778319074474208,0,1
6670,2,-2.5470197978659743,4.2588601302523461,0,-0.0093827397890697013,-0.0056674247008065932,0,0.001
6680,0,-0.33505314538064207,0.36784003291747003,0,-0.0089965810214023036,-0.0081816798172986496,0,1
6680,1,0.33769335033096104,-0.3720411605214014,0,0.009005834793326355,0.0081875585267231991,0,1
6680,2,-2.6402049505382839,4.2011276014135772,0,-0.0092537719237007505,-0.0058787094251281482,0,0.001
6690,0,-0.41422584789915229,0.27593235743106248,0,-0.0067597151641358962,-0.010109052236304625,0,1
6690,1,0.41695793349174104,-0.28007365256041539,0,0.0067688370647867608,0.01011513947535354,0,1
6690,2,-2.7320855928028309,4.1412951268288367,0,-0.0091219006505284337,-0.0060872390495083917,0,0.001
6700,0,-0.46891651096106285,0.16764859448810424,0,-0.0041243558360801562,-0.011440720532114007,0,1
6700,1,0.47173914500277514,-0.1717279898743205,0,0.004133343177851927,0.011447012538386247,0,1
6700,2,-2.8226340419230267,4.0793953836857701,0,-0.0089873417714229839,-0.0062920062728498436,0,0.001
6710,0,-0.49590060377568207,0.049369601310321538,0,-0.0012457689777253496,-0.012098225329424129,0,1
6710,1,0.49881242691264388,-0.053385071614651662,0,0.0012546189637312624,0.012104717523575989,0,1
6710,2,-2.9118231371671435,4.0154703017927229,0,-0.0088499860055603931,-0.0064921941525068368,0,0.001
6720,0,-0.49358595991175402,-0.071934885794607217,0,0.0017064517236947214,-0.012042831546612554,0,1
6720,1,0.49658558306990547,0.067985317309795457,0,-0.001697742281029807,0.01204951884653256,0,1
6720,2,-2.9996231583535851,3.9495684822678601,0,-0.0087094426645563331,-0.0066872999206528394,0,0.001
6730,0,-0.46210653734505025,-0.1891169189930558,0,0.004558380516915885,-0.011277807259506348,0,1
6730,1,0.46519253677769185,0.1852351772422062,0,-0.0045498153875999708,0.011284684443335352,0,1
6730,2,-3.0859994328412119,3.8817417482985759,0,-0.0085651293155664839,-0.0068771838296609045,0,0.001
6740,0,-0.40331445733491422,-0.29527146444525981,0,0.0071420075280245613,-0.0098482264503748067,0,1
6740,1,0.40648536829605292,0.2914594228769174,0,-0.0071335911459988414,0.0098552884992904963,0,1
6740,2,-3.1709109613353261,3.812041565784118,0,-0.0084163820253669152,-0.0070620489163763277,0,0.001
6750,0,-0.32067082236349509,-0.3841431707120368,0,0.0093051351312123456,-0.007838309343420136,0,1
6750,1,0.32392513253153138,0.38040265477773338,0,-0.009296872563435114,0.0078455517147474514,0,1
6750,2,-3.2543101682278159,3.7405159317396066,0,-0.0082625677768718379,-0.0072423713279243683,0,0.001
6760,0,-0.21904177097922822,-0.45049482947004471,0,0.010920340860701368,-0.0053664585406603144,0,1
6760,1,0.22237791472375659,0.44682762234660545,0,-0.010912237671140463,0.0053738773419050303,0,1
6760,2,-3.336143744716519,3.6672071208694943,0,-0.0081031895606361627,-0.0074188012452903367,0,0.001
6770,0,-0.10441179531331451,-0.49041584476400635,0,0.011892480530641406,-0.0025782838171708685,0,1
6770,1,0.1078281497960487,0.48682369425119681,0,-0.011884542552161596,0.0025858758652034385,0,1
6770,2,-3.4163544829203012,3.5921505102343243,0,-0.007937978479600212,-0.0075920480331530737,0,0.001
6780,0,0.016468795021055548,-0.50155255970995793,0,0.012164290975776358,0.00036197419361626174,0,1
6780,1,-0.012973911088370168,0.49803718511145101,0,-0.012156524011511891,-0.00035421143571015047,0,1
6780,2,-3.4948839328696066,3.5153745959264073,0,-0.0077669642642593179,-0.0077627579066969384,0,0.001
6790,0,0.13648150971379819,-0.48324688236349789,0,0.011719762904327156,0.0032811175213479766,0,1
6790,1,-0.13290983411799531,0.4798099801257395,0,-0.011712172395318774,-0.0032731861282295502,0,1
6790,2,-3.5716755959852926,3.4369022351713752,0,-0.0075905090081303476,-0.007931393119021423,0,0.001
6800,0,0.24855900557598637,-0.43657504109230255,0,0.010585084666971821,0.006007192957195256,0,1
6800,1,-0.24491232738348279,0.4332182880638682,0,-0.01057767538171858,-0.005999094828441286,0,1
6800,2,-3.6466781926833312,3.3567530258412921,0,-0.0074092852529271018,-0.0080981287545760401,0,0.001
6810,0,0.34610140890841012,-0.36428417419132153,0,0.008827100141426316,0.008379622191133574,0,1
6810,1,-0.34238156053369828,0.36100922765832422,0,-0.008819875955323778,-0.0083713593995872713,0,1
6810,2,-3.7198483748892999,3.2749465303975036,0,-0.0072241861022797667,-0.0082627915469295106,0,0.001
6820,0,0.42336510042197167,-0.27063047765997811,0,0.0065493704061044301,0.010258662634059772,0,1
6820,1,-0.41957394820275368,0.26743897186299853,0,-0.0065423342314588039,-0.010250237768483418,0,1
6820,2,-3.7911522193928482,3.1915057943732776,0,-0.0070361746454042614,-0.0084248655770044287,0,0.001
6830,0,0.47580104465476208,-0.16112844442259705,0,0.0038860708311680911,0.011533640242626883,0,1
6830,1,-0.47194047961564467,0.15802198399935052,0,-0.0038792247256737638,-0.011525056667511746,0,1
6830,2,-3.8605650392908091,3.1064604206343138,0,-0.0068461054940965891,-0.0085835751157496698,0,0.001
6840,0,0.5003227201409286,-0.042225979981671019,0,0.00099408389294627073,0.012129468027303737,0,1
6840,1,-0.49639465066803978,0.039206131493752586,0,-0.0009874293258197444,-0.012120729998888774,0,1
6840,2,-3.9280694730603591,3.0198484852995464,0,-0.006654567126283456,-0.0087380284156334011,0,0.001
6850,0,0.49548786653052135,0.079075444444181936,0,-0.0019562448181009427,0.012011065796114981,0,1
6850,1,-0.49149421424316436,-0.082007161317743008,0,0.0019627066058404423,-0.012002178413425747,0,1
6850,2,-3.9936522875244678,2.9317168709353054,0,-0.0064617877392522454,-0.008887382689906468,0,0.001
6860,0,0.46158335948310697,0.19563320451725813,0,-0.0047911411401317886,0.011185421650457498,0,1
6860,1,-0.45752605883963943,-0.19847532455573558,0,0.0047974087625558973,-0.011176390665319415,0,1
6860,2,-4.0573006436320993,2.8421200358446441,0,-0.0062676224238542074,-0.0090309851387839202,0,0.001
6870,0,0.4006082439331185,0.30058420057060908,0,-0.0073436355228043782,0.0097011757422670718,0,1
6870,1,-0.39648924532449259,-0.30333531820139348,0,0.0073497071346971489,-0.0096920072823761874,0,1
6870,2,-4.1189986087877415,2.7511176281437431,0,-0.0060716118924843757,-0.0091684598916087091,0,0.001
6880,0,0.31615595643636252,0.38774903462243543,0,-0.0094633927023120255,0.0076457529858187769,0,1
6880,1,-0.3119772319245589,-0.39040780616263465,0,0.0094692657900587382,-0.0076364532515934939,0,1
6880,2,-4.1787245119623506,2.6587715375513068,0,-0.0058730877464709319,-0.0092997342260830694,0,0.001
6890,0,0.2132026921523828,0.45199591123784738,0,-0.011025560817000356,0.0051402150134321296,0,1
6890,1,-0.20896624267533259,-0.45456105418754256,0,0.011031232116304147,-0.0051307899984005326,0,1
6890,2,-4.236449477204939,2.5651429470392566,0,-0.0056712993035466439,-0.0094250150323913554,0,0.001
6900,0,0.097814377229621885,0.48954286616180814,0,-0.01193812124699224,0.0023321345240539361,0,1
6900,1,-0.093522239970871404,-0.49201315596394285,0,0.011943586791996651,-0.0023225897920978096,0,1
6900,2,-4.2921372589023736,2.4702897994716446,0,-0.005465545004131522,-0.0095447319569052606,0,0.001
6910,0,-0.023210522072569982,0.49818055037251258,0,-0.012147308318381829,-0.00061308991602136253,0,1
6910,1,0.027556267442498134,-0.50055481531937751,0,0.012152563616539205,0.00062274937582277158,0,1
6910,2,-4.3457453700775472,2.3742649441947572,0,-0.0052552981571347751,-0.0096594598021929445,0,0.001
6920,0,-0.14274135732140616,0.47740245429546829,0,-0.011640780358992622,-0.0035219697210379496,0,1
6920,1,0.14713858472144656,-0.4796795694335565,0,0.011645820676081673,0.0035317395474358149,0,1
6920,2,-4.397227400187294,2.2771151354097796,0,-0.0050403170887898929,-0.0097698263986486667,0,0.001
6930,0,-0.25373528262237394,0.42843488106896127,0,-0.01044835430152556,-0.0062231420214150408,0,1
6930,1,0.25818181891634467,-0.43061376208196767,0,0.010453175025494955,0.0062330184309124037,0,1
6930,2,-4.4465362941150364,2.1788810103201204,0,-0.0048207239691179472,-0.0098764094981593636,0,0.001
6940,0,-0.3496521516546664,0.35416486018052257,0,-0.0086402580655346641,-0.0085574652060966087,0,1
6940,1,0.35414577982580386,-0.35624445830769019,0,0.008644855095543507,0.0085674448365364673,0,1
6940,2,-4.493628171279898,2.0795981244728474,0,-0.0045970300085496213,-0.0099796304406554737,0,0.001
6950,0,-0.42483988332403533,0.25897019645951819,0,-0.0063230005531991667,-0.010387399471844196,0,1
6950,1,0.42937834935982483,-0.26094949546088031,0,0.0063273706389514201,0.010397479133774491,0,1
6950,2,-4.5384660359286499,1.9792989986600298,0,-0.004370085751913509,-0.010079661931090549,0,0.001
6960,0,-0.47486756265716462,0.14846162499206389,0,-0.0036331000029217598,-0.011605117820655254,0,1
6960,1,0.47944858523813322,-0.15033964090755167,0,0.003637240953553173,0.011615294195978461,0,1
6960,2,-4.581022581104266,1.8780159127771021,0,-0.0041409506310747359,-0.010176375323992648,0,0.001
6970,0,-0.49678660426142568,0.029152246653164165,0,-0.00072903920793089452,-0.012138866553491385,0,1
6970,1,0.5014078856245241,-0.03092803058598028,0,0.00073294991164444233,0.012149135903433856,0,1
6970,2,-4.6212813632315477,1.775783930097903,0,-0.0039107037132195335,-0.010269349943190733,0,0.001
6980,0,-0.4893045440360283,-0.091926264974739727,0,0.0022180774207551622,-0.011957197487999423,0,1
6980,1,0.49396378001942859,0.090253621483940144,0,-0.0022143971770606581,0.011967555437162868,0,1
6980,2,-4.659235983528677,1.6726434880744356,0,-0.0036802436941783851,-0.010357949164136702,0,0.001
6990,0,-0.4528611911280867,-0.20763803372073042,0,0.0050346119085066124,-0.011070820809406507,0,1
6990,1,0.45755607857667663,0.20606939174902128,0,-0.0050311617754064935,0.011081262252572424,0,1
6990,2,-4.6948874487149492,1.5686419689771134,0,-0.0034501330998012716,-0.01044144316653774,0,0.001
7000,0,-0.38960265401116434,-0.31116346708121628,0,0.0075546284790265266,-0.009531969609436107,0,1
7000,1,0.39433089437228508,0.30969963311931181,0,-0.0075514079553498353,0.0095424887514121998,0,1
7000,2,-4.7282403612425483,1.4638339591669216,0,-0.0032205236763544949,-0.010519141976789683,0,0.001
7010,0,-0.30325479902022395,-0.39640104888075633,0,0.0096296717050954831,-0.00743131553132416,0,1
7010,1,0.30801409782770767,0.39504276860296333,0,-0.0096266805359452746,0.0074419060357857275,0,1
7010,2,-4.7592988076022804,1.3582802750495651,0,-0.0029911691498471392,-0.01059050446220813,0,0.001
7020,0,-0.19890363962460675,-0.45832675490410785,0,0.011137510328465928,-0.0048926200574175502,0,1
7020,1,0.20369170236411024,0.45707470879847828,0,-0.011134748821752291,0.0049032752626090199,0,1
7020,2,-4.788062739618498,1.2520461028795322,0,-0.0027615067132665764,-0.010655205192084419,0,0.001
7030,0,-0.082695635353979599,-0.49328993221331852,0,0.011989332706836758,-0.0020654390509454051,0,1
7030,1,0.087510160753577176,0.49214473352359278,0,-0.011986801926969177,0.0020761522099607068,0,1
7030,2,-4.8145253997088906,1.1451986869690587,0,-0.0025307798671808648,-0.010713159015925063,0,0.001
7040,0,0.038524419610055094,-0.49922824537492355,0,0.012134972209606716,0.00088368838347972789,0,1
7040,1,-0.033685747528209652,0.49819044042772581,0,-0.012132674029991334,-0.00087292387042524724,0,1
7040,2,-4.8386720819531739,1.0378049444343065,0,-0.0022981796150765396,-0.01076451305510376,0,0.001
7050,0,0.15761658537332199,-0.47578906567319229,0,0.011565857118593315,0.0037810479294238786,0,1
7050,1,-0.15275610504147621,0.4748591363899009,0,-0.011563794129538509,-0.0037702383135941658,0,1
7050,2,-4.8604803319511305,0.92992928052062329,0,-0.0020629890544444623,-0.010809615830340255,0,0.001
7060,0,0.26756631086617605,-0.42435018130332253,0,0.010315512889349799,0.0064559787234260268,0,1
7060,1,-0.2626863893031503,0.42352854949348789,0,-0.010313688169221822,-0.0064451297557606502,0,1
7060,2,-4.8799215631269517,0.82163180705742012,0,-0.0018247201275686002,-0.010848967665967582,0,0.001
7070,0,0.36189757032889169,-0.34793861889336047,0,0.0084575875277890528,0.0087509221291882568,0,1
7070,1,-0.35700060638560321,0.34722565173685471,0,-0.0084560042998815914,-0.0087400389778294375,0,1
7070,2,-4.8969639433859129,0.71296715372245612,0,-0.0015832279070468538,-0.010883151359434884,0,0.001
7080,0,0.43505429075124291,-0.2510523497287242,0,0.0061015154849234487,0.010530700309817457,0,1
7080,1,-0.43014271452854252,0.25044836564981005,0,-0.0061001767046961674,-0.010519787567330189,0,1
7080,2,-4.911576222793844,0.60398407612470251,0,-0.0013387802268465846,-0.010912742487863962,0,0.001
7090,0,0.48272761387447422,-0.1393953633666063,0,0.0033860738848761297,0.011690478610608743,0,1
7090,1,-0.47780388195038687,0.13890063732700209,0,-0.003384981828372954,-0.011679540403843093,0,1
7090,2,-4.9237319241758453,0.49472603680841959,0,-0.0010920565027470878,-0.01093820676632047,0,0.001
7100,0,0.50210971101820456,-0.01954169485620879,0,0.00047120921354883925,0.012161942101092175,0,1
7100,1,-0.49717629793099433,0.019156462054159835,0,-0.0004703651551899897,-0.012150982296698547,0,1
7100,2,-4.9334130872949622,0.38523279924591131,0,-0.00084405835843044468,-0.010959804394368718,0,0.001
7110,0,0.49205918501819118,0.10145181264233152,0,-0.002471384624868447,0.011917321074544403,0,1
7110,1,-0.48711857232266698,-0.10172735547181444,0,0.0024719805642818686,-0.011906343545075668,0,1
7110,2,-4.9406126956054006,0.27554282667192154,0,-0.00059593941300673707,-0.010977529469541883,0,0.001
7120,0,0.4531683019035343,0.21646119428749414,0,-0.0052683812801912044,0.010971027102205759,0,1
7120,1,-0.4482229667571051,-0.21662689030106549,0,0.0052687300730873922,-0.010960035995151485,0,1
7120,2,-4.9453351465069719,0.16569601075264376,0,-0.0003487928958014969,-0.010991107055077935,0,0.001
7130,0,0.3877280879732557,0.31871499874962117,0,-0.0077550327926636251,0.0093788028617522098,0,1
7130,1,-0.3827804933474625,-0.31877073487138574,0,0.0077551362474533809,-0.0093678028109208528,0,1
7130,2,-4.9475946258673824,0.055736118937863344,0,-0.00010345478936617404,-0.011000050832072913,0,0.001
7140,0,0.29959335783055857,0.4021931409792977,0,-0.0097848735878279403,0.0072344365559199354,0,1
7140,1,-0.29464594601677974,-0.40213885341877831,0,0.0097847339613771987,-0.0072234327941254053,0,1
7140,2,-4.9474118138487615,-0.054287563354206286,0,0.00013962645109392692,-0.011003761795260376,0,0.001
7150,0,0.19395564185523498,0.46198147722025562,0,-0.011238345682784564,0.0046642359395568751,0,1
7150,1,-0.18901083212345446,-0.46181715756773689,0,0.011237965252515152,-0.0046532343021554214,0,1
7150,2,-4.9448097318468358,-0.1643196553620071,0,0.00038043026980606899,-0.011001637402148995,0,0.001
7160,0,0.077037404089835587,0.49456123019824511,0,-0.012029837900061249,0.0018195888435741576,0,1
7160,1,-0.072097594474461388,-0.4942869310655244,0,0.012029218578451758,-0.0018085956779519898,0,1
7160,2,-4.9398096154363884,-0.27429913557095609,0,0.00061932160992140661,-0.010993165622867868,0,0.001
7170,0,-0.044274435456047478,0.49801623982890619,0,-0.012112726143341381,-0.0011319511196055375,0,1
7170,1,0.049206862981532387,-0.4976320792248784,0,0.012111869193043792,0.0011429291118755644,0,1
7170,2,-4.9324275255428267,-0.38416060688513437,0,0.00085695029802206404,-0.010977992270735039,0,0.001
7180,0,-0.16283410266436452,0.47214585350045202,0,-0.011482119556777401,-0.0040165294011636635,0,1
7180,1,0.16775677481027787,-0.47165201740290874,0,0.011481025438536572,0.0040274853632609716,0,1
7180,2,-4.9226721459668772,-0.49383610040746079,0,0.0010941182412702792,-0.010955962098001112,0,0.001
7190,0,-0.27165783289477236,0.41847681431196337,0,-0.010175151678420685,-0.0066642267003053481,0,1
7190,1,0.27656837688244484,-0.4178735571355619,0,0.010173820045073209,0.0066751538387243179,0,1
7190,2,-4.9105439877217494,-0.60325717927304723,0,0.0013316333479078081,-0.010927138419655156,0,0.001
7200,0,-0.36433523694999997,0.34017343410793477,0,-0.0082687989353030025,-0.0089190657102856084,0,1
7200,1,0.36923127301699565,-0.33946107697001204,0,0.0082672287725632319,0.008929957513215318,0,1
7200,2,-4.8960360670406375,-0.71235714080114521,0,0.001570162740251773,-0.010891802930433968,0,0.001
7210,0,-0.43540695753071768,0.2418513102194316,0,-0.0058753531414511319,-0.010648200534023693,0,1
7210,1,0.44028609353477671,-0.24103023712062194,0,0.0058735430435473768,0.01065905096534123,0,1
7210,2,-4.8791360041000269,-0.82107310169540471,0,0.0018100979042856209,-0.010850431318277474,0,0.001
7220,0,-0.48068636721660241,0.12930551751225669,0,-0.0031358121282892902,-0.01174974763145907,0,1
7220,1,0.48554619655090325,-0.12837616982916661,0,0.0031337606773610503,0.011760551268460616,0,1
7220,2,-4.8598293343364229,-0.92934768598335571,0,0.0020514509287562765,-0.010803637002297252,0,0.001
7230,0,-0.49750633006594147,0.0091692518465385387,0,-0.00021157553890327544,-0.012158795527461642,0,1
7230,1,0.50234443365924586,-0.0081321218762530519,0,0.0002092817306508725,0.012169547607243777,0,1
7230,2,-4.8381035933349565,-1.0371299731864718,0,0.0022938082529275019,-0.010752079782969859,0,0.001
7240,0,-0.48487644574512939,-0.1114769804318735,0,0.0027250660789650983,-0.011851236539833157,0,1
7240,1,0.48969039821315891,0.11262135582137224,0,-0.0027276024458464483,0.01186193288930573,0,1
7240,2,-4.8139524680548904,-1.1443753924079936,0,0.0025363668818779612,-0.010696349473324972,0,0.001
7250,0,-0.44354146689833202,-0.22552258960402258,0,0.0055010878225945411,-0.010845191826514394,0,1
7250,1,0.44832884602940903,0.22677363403280926,0,-0.0055038658830653528,0.010855828677302268,0,1
7250,2,-4.7873791310979108,-1.2510444317038283,0,0.002778060471358194,-0.0106368507886512,0,0.001
7260,0,-0.37593741889709764,-0.32624592680480408,0,0.0079529318623680172,-0.0091999437867831598,0,1
7260,1,0.38069581684458459,0.3276030271470759,0,-0.0079559496145602693,0.0092105175102260399,0,1
7260,2,-4.758397947501912,-1.3571003451968604,0,0.0030177521928089345,-0.010573723443696231,0,0.001
7270,0,-0.28604800665568292,-0.4077103687045846,0,0.0099361495863334853,-0.0070124385608180736,0,1
7270,1,0.29077504077824357,0.40917287504998862,0,-0.0099394040302231909,0.0070229453829717273,0,1
7270,2,-4.7270341225698562,-1.4625063483383873,0,0.0032544438903259689,-0.010506822154506188,0,0.001
7280,0,-0.17916979761944674,-0.46511408615060057,0,0.01133391378868869,-0.0044115665171404646,0,1
7280,1,0.1838631190371649,0.46668130908035321,0,-0.011337401233481507,0.0044220022760242637,0,1
7280,2,-4.6933214177210454,-1.5672229326953813,0,0.0034874447934664285,-0.010435758884637367,0,0.001
7290,0,-0.061600063107537011,-0.4950728744684133,0,0.012063898419464108,-0.0015505607719251339,0,1
7290,1,0.066257361658882408,0.49674408030700518,0,-0.012067614881473347,0.0015609207603798059,0,1
7290,2,-4.6572985513416914,-1.6712058415415438,0,0.0037164620099061677,-0.010359988455525724,0,0.001
7300,0,0.059734283369443017,-0.49581939859512492,0,0.012083121581177933,0.0014020353618497477,0,1
7300,1,-0.055115278241631045,0.4975938035979473,0,-0.012087063186798551,-0.0013917564511502002,0,1
7300,2,-4.619005127801417,-1.7744050057806038,0,0.0039416056213218854,-0.010278910700407547,0,0.001
7310,0,0.17768476034366515,-0.4673071559153697,0,0.011390468987788841,0.0042722980075069038,0,1
7310,1,-0.17310628246484605,0.46918392040464685,0,-0.011394632312872216,-0.0042621060392829925,0,1
7310,2,-4.5784778788020457,-1.8767644922421913,0,0.0041633250840176269,-0.010191968224753935,0,0.001
7320,0,0.28530236298824607,-0.41121308252179223,0,0.010026752254334746,0.0068911644547601436,0,1
7320,1,-0.28076661520862628,0.41319130588162856,0,-0.010031134556273665,-0.0068810657247301019,0,1
7320,2,-4.535747779596643,-1.978223362809906,0,0.0043823019395067301,-0.010098730030845861,0,0.001
7330,0,0.37624679973303832,-0.33083869080548817,0,0.0080723009672507614,0.0091043853423441543,0,1
7330,1,-0.37175596136736649,0.33291740809173109,0,-0.0080769002871255227,-0.0090943863833957226,0,1
7330,2,-4.4908383656413715,-2.0787172892239427,0,0.0045993198753009916,-0.0099989589492284914,0,0.001
7340,0,0.44515985513977963,-0.23091558117095246,0,0.005642231306771322,0.010781603677578926,0,1
7340,1,-0.44071608973719045,0.23309376192422859,0,-0.005647046432577873,-0.010771711016275515,0,1
7340,2,-4.4437654025522271,-2.1781807562643598,0,0.0048151258070865477,-0.0098926613041206059,0,0.001
7350,0,0.48798092728477643,-0.11732677682833867,0,0.0028796691826264804,0.011824028433630999,0,1
7350,1,-0.48358638933753406,0.11960332647290806,0,-0.0028846994750403683,-0.011814248321536451,0,1
7350,2,-4.3945379471989181,-2.2765496475645133,0,0.0050302924144639376,-0.0097801120952583261,0,0.001
7360,0,0.5021861798596351,0.003239731868821958,0,-5.2674917323665993e-05,0.012170252226998296,0,1
7360,1,-0.4978430191395728,-0.00086596796176231609,0,4.7429820944513259e-05,-0.012160590383815194,0,1
7360,2,-4.3431607200117339,-2.3737639100620878,0,0.0052450963797241379,-0.0096618431838516629,0,0.001
7370,0,0.48693722608157319,0.12368486159261542,0,-0.0029820854401435698,0.011799870381149949,0,1
7370,1,-0.48264758855542195,-0.12121509173501498,0,0.0029766260053598189,-0.011790331799161941,0,1
7370,2,-4.289637526095226,-2.4697698606106293,0,0.0054594347843146722,-0.0095385819888283759,0,0.001
7380,0,0.44313056931812789,0.23691655628670932,0,-0.0057360130947788097,0.010734686819583556,0,1
7380,1,-0.43889659411054094,-0.23435203467247681,0,0.005730340287948007,-0.010725275680673703,0,1
7380,2,-4.2339752075252743,-2.5645216172501284,0,0.0056728068313896471,-0.0094111389105640056,0,0.001
7390,0,0.37334486009477219,0.336267535100092,0,-0.008152239283626482,0.0090374337389889908,0,1
7390,1,-0.36916867272992299,-0.3336095538882391,0,0.0081463549037517225,-0.0090281534773516831,0,1
7390,2,-4.176187364781569,-2.657981214877466,0,0.0058843798753333461,-0.0092802616380941883,0,0.001
7400,0,0.28168905093930041,0.41588805231718734,0,-0.010088433990526054,0.0068080788101298204,0,1
7400,1,-0.27757275393466574,-0.41313793507261387,0,0.010082340855837944,-0.0067989323168407582,0,1
7400,2,-4.1162970045612974,-2.7501172476069242,0,0.0060931346886945138,-0.0091464932898282624,0,0.001
7410,0,0.17356038163677251,0.47109051390916512,0,-0.011430542472881782,0.0041779368623583264,0,1
7410,1,-0.16950604416271092,-0.46824961162621842,0,0.011424244417901836,-0.0041689267870839907,0,1
7410,2,-4.05433747398218,-2.8409022859873336,0,0.006298054980530981,-0.0090100752750765008,0,0.001
7420,0,0.055326455102449705,0.49862563190401743,0,-0.012099505302680943,0.0013019335703895211,0,1
7420,1,-0.051336103606681741,-0.49569532224607588,0,0.012093006993930448,-0.0012930626505607884,0,1
7420,2,-3.9903514956824999,-2.9303096609907731,0,0.0064983087510841753,-0.0088709198294736023,0,0.001
7430,0,-0.066049854468403932,0.49687384137704987,0,-0.012055915430608301,-0.0016505217802614679,0,1
7430,1,0.069974243098483518,-0.49385553105254465,0,0.012049222054985502,0.0016592504314151212,0,1
7430,2,-3.9243886299881479,-3.01831032756255,0,0.0066933756234439611,-0.0087286511543990999,0,0.001
7440,0,-0.18342055295767501,0.46594070990402459,0,-0.011302338581468058,-0.0045055156070504393,0,1
7440,1,0.18727705479146847,-0.46283583950728896,0,0.011295455482385201,0.004514098301286614,0,1
7440,2,-3.8565018336961816,-3.1048703998002813,0,0.0068830990833997387,-0.0085826942369324529,0,0.001
7450,0,-0.289873573941208,0.40765073271337909,0,-0.0098831615774993831,-0.0070948732611177063,0,1
7450,1,0.29366031780017654,-0.40446078301289395,0,0.0098760939087444901,0.0071033056466752904,0,1
7450,2,-3.7867438588666258,-3.1899497035586015,0,0.0070676687553932289,-0.0084323855583377429,0,0.001
7460,0,-0.3791399302202989,0.32543989028257853,0,-0.0078819786574468656,-0.0092660635249639349,0,1
7460,1,0.38285509431970405,-0.32216638882353649,0,0.0078747311051843242,0.0092743406116182776,0,1
7460,2,-3.7151640992979602,-3.2735014621231517,0,0.0072475522630739428,-0.0082770866550740951,0,0.001
7470,0,-0.44596300304315556,0.22415329735474718,0,-0.0054166700440419291,-0.010891182355894527,0,1
7470,1,0.44960480932670299,-0.22079782427027811,0,0.0054092466470099772,0.010899298646495668,0,1
7470,2,-3.6418062834354843,-3.3554730875568382,0,0.0074233970324178713,-0.0081162906018844953,0,0.001
7480,0,-0.48640823046855275,0.10975984853221205,0,-0.0026324618428126812,-0.011874488032315644,0,1
7480,1,0.48997493770700645,-0.10632404055754338,0,0.0026248659268028711,0.011882437748001778,0,1
7480,2,-3.566707238336968,-3.4358079777637358,0,0.007595916010265753,-0.0079497156868798598,0,0.001
7490,0,-0.49809495434399326,-0.01099935504457236,0,0.0003066255736409031,-0.012158044387392521,0,1
7490,1,0.50158485118517115,0.014513803195307547,0,-0.00031439133930132284,0.012165821765275796,0,1
7490,2,-3.4898968410579569,-3.51444815383788,0,0.0077657656608842128,-0.0077773778840878657,0,0.001
7500,0,-0.4803367527048179,-0.13100811223385275,0,0.0032274387525582648,-0.011725139028699533,0,1
7500,1,0.48374815189941739,0.13459944968715959,0,-0.0032353721775014964,0.011732738655853617,0,1
7500,2,-3.4113991944742375,-3.5913374564171647,0,0.0079334249436866164,-0.0075996271548525686,0,0.001
7510,0,-0.43418196009815885,-0.24319438096155122,0,0.0059578938930239496,-0.010601273374131767,0,1
7510,1,0.43751319504580122,0.24686080580307251,0,-0.005965992983850101,0.010608690502731518,0,1
7510,2,-3.3312349475132055,-3.6664248446389855,0,0.0080990908266236807,-0.0074171286005002921,0,0.001
7520,0,-0.36235195364524203,-0.34094698285518138,0,0.008337119815742481,-0.0088526638720241666,0,1
7520,1,0.36560137812508925,0.34468665002267446,0,-0.0083453824301243269,0.0088598946474937185,0,1
7520,2,-3.2494244797144591,-3.7396671706181839,0,0.0082626143823290189,-0.0072307754703222196,0,0.001
7530,0,-0.26908081561365793,-0.41850517535369269,0,0.010224941881700863,-0.0065823408588450913,0,1
7530,1,0.27224680702780835,0.4223162061088141,0,-0.010233365384286009,0.0065893823990373409,0,1
7530,2,-3.1659914140123724,-3.8110307582547134,0,0.0084235025856281721,-0.007041540192995248,0,0.001
7540,0,-0.15986581626128132,-0.47129809949377144,0,0.011510145461750186,-0.0039240744153029184,0,1
7540,1,0.16294678198745424,0.47517859079617558,0,-0.01151872645888978,0.0039309247105890266,0,1
7540,2,-3.0809657260297425,-3.8804913055448877,0,0.0085809971400595004,-0.0068502952868446853,0,0.001
7550,0,-0.041143441508260693,-0.49621406873828749,0,0.012117029617903865,-0.0010344863763441911,0,1
7550,1,0.044137827238221974,0.50016210078147894,0,-0.012125763833451821,0.0010411440291227128,0,1
7550,2,-2.9943857298140801,-3.9480320463387666,0,0.0087342155483685156,-0.0066576527792612614,0,0.001
7560,0,0.080089904194528314,-0.49178381817340266,0,0.012009863689344941,0.0019161841035936712,0,1
7560,1,-0.077183605696990648,0.49579745875936199,0,-0.012018746004920021,-0.0019097202377512084,0,1
7560,2,-2.9062984973863935,-4.0136405891155844,0,0.0088823155755047498,-0.0064638658431990263,0,0.001
7570,0,0.19669012745307074,-0.45826693187178252,0,0.011194984954853271,0.0047541143875734163,0,1
7570,1,-0.19387336874429648,0.46234423704474265,0,-0.011204009592691072,-0.0047478455756415072,0,1
7570,2,-2.8167587086185062,-4.0773051761237706,0,0.0090246378383029915,-0.0062688119326397042,0,0.001
7580,0,0.30178629182995997,-0.39763639666082035,0,0.00972041623295496,0.00731213840553186,0,1
7580,1,-0.29906046550621596,0.40177540781199444,0,-0.0097295770284151935,-0.0073060663568179389,0,1
7580,2,-2.7258263235824107,-4.1390111543446535,0,0.0091607954607243868,-0.0060720487146123624,0,0.001
7590,0,0.38918528552587017,-0.31346224421485097,0,0.0076730291519601194,0.0094395893974709346,0,1
7590,1,-0.38655172186152209,0.31766098248046393,0,-0.0076823198550798914,-0.0094337164794557494,0,1
7590,2,-2.6335636641824718,-4.198738268790275,0,0.0092907031202938591,-0.0058729180158530797,0,0.001
7600,0,0.45373650004166038,-0.210701180985083,0,0.0051734229270238305,0.011011167162067069,0,1
7600,1,-0.45119646757196868,0.21495764010875384,0,-0.0051828374828837157,-0.01100549648965906,0,1
7600,2,-2.54003246951984,-4.2564591268540886,0,0.0094145558604282406,-0.0056706724086768743,0,0.001
7610,0,0.49163508518180404,-0.095404620138143201,0,0.0023688215655798001,0.011934310352598468,0,1
7610,1,-0.48918979383605177,0.099716759100053246,0,-0.0023783543396237446,-0.01192884574567876,0,1
7610,2,-2.4452913455758192,-4.312138965098999,0,0.0095327740444921174,-0.0054646069202869173,0,0.001
7620,0,0.50064596704856645,0.025637694253856057,0,-0.00057559274655604386,0.012154642579609985,0,1
7620,1,-0.49829657316989684,-0.021271957543553946,0,0.00056594681929317454,-0.012149388394267288,0,1
7620,2,-2.3493938784867461,-4.3657367134971352,0,0.0096459272634160324,-0.0052541853432576096,0,0.001
7630,0,0.48023546828759306,0.14529751284460535,0,-0.0034864017960870969,0.011659173579983056,0,1
7630,1,-0.47798308070229906,-0.14088030559139642,0,0.0034766471524726077,-0.011654134428668894,0,1
7630,2,-2.2523875851036075,-4.4172072564094593,0,0.0097546436150446319,-0.0050391513147212581,0,0.001
7640,0,0.43160278585379802,0.25652785168809167,0,-0.0061921592799710958,0.010477067266790683,0,1
7640,1,-0.4294484720236672,-0.25206134702387761,0,0.0061822997721488184,-0.01047224765797531,0,1
7640,2,-2.154313829934615,-4.4665046674211046,0,0.0098595078228336155,-0.0048196088159726327,0,0.001
7650,0,0.3576094522542892,0.35277802310035394,0,-0.0085334857546408311,0.0086779300433351709,0,1
7650,1,-0.35555424346437642,-0.34826443709732591,0,0.0085235247991524675,-0.0086733339932220325,0,1
7650,2,-2.0552087897108668,-4.5135860062411917,0,0.009960955488906461,-0.0045960501137379227,0,0.001
7660,0,0.26261089642541408,0.4283795008173974,0,-0.010372457127268902,0.0063677176850941526,0,1
7660,1,-0.26065579099561115,-0.42382108578132432,0,0.010362397947107553,-0.00636334837536585,0,1
7660,2,-1.95510542959574,-4.5584150392922602,0,0.010059180161955315,-0.004369309728874375,0,0.001
7670,0,0.15219998413631736,0.47887988489750349,0,-0.011600733099741398,0.0036824992766056591,0,1
7670,1,-0.15034594789422398,-0.47427891980867076,0,0.011590579021535862,-0.003678358838876291,0,1
7670,2,-1.8540362418799798,-4.600965092057403,0,0.01015407820619321,-0.004140437729942827,0,0.001
7680,0,0.032877615765618588,0.50130526691586941,0,-0.012145944815243327,0.00078044389152928835,0,1
7680,1,-0.031125579518579902,-0.49666404661486363,0,0.012135699560923901,-0.00077653337857745068,0,1
7680,2,-1.7520362468184931,-4.6412203042351834,0,0.010245254320091254,-0.0039105129524187503,0,0.001
7690,0,-0.088330221426597119,0.49433550474544236,0,-0.011975963054323704,-0.0021674980393137843,0,1
7690,1,0.089979367027289231,-0.48965632984331336,0,0.011965630960766221,0.0021711784824581535,0,1
7690,2,-1.6491456004653782,-4.6791749053643263,0,0.010332093558091268,-0.0036804431449545074,0,0.001
7700,0,-0.20428637378108139,0.458382052990295,0,-0.01110079380627583,-0.0049876684248351139,0,1
7700,1,0.20583178499974517,-0.45366722233451517,0,0.011090379925146334,0.0049911192317998072,0,1
7700,2,-1.545411218430726,-4.7148306590222386,0,0.010413881130096957,-0.0034508069652756062,0,0.001
7710,0,-0.30816300598493201,0.3955637523331425,0,-0.0095719891129793979,-0.0075139349363156204,0,1
7710,1,0.3096038930937009,-0.39081555922985817,0,0.0095614991785786703,0.0075171567121074248,0,1
7710,2,-1.4408871085297568,-4.7481931065345373,0,0.010489934401321616,-0.0032217757924081166,0,0.001
7720,0,-0.3938438572228295,0.30958201014905429,0,-0.0074796087292662511,-0.0095974797839423059,0,1
7720,1,0.39517949069424413,-0.30480274268063157,0,0.0074690490166396846,0.0096004729067900064,0,1
7720,2,-1.3356334711698872,-4.7792674716791721,0,0.010559712627195022,-0.0029931228482572123,0,0.001
7730,0,-0.45628456194048983,0.20550274191959181,0,-0.0049469130556825235,-0.011115566710363199,0,1
7730,1,0.45751427684104445,-0.20069468689720993,0,0.0049362901700985042,0.011118331012223323,0,1
7730,2,-1.2297149003034642,-4.8080550256431431,0,0.010622885584662652,-0.0027643018606459684,0,0.001
7740,0,-0.49180981306484445,0.089457934802561229,0,-0.0021231012251491056,-0.011978770354886772,0,1
7740,1,0.49293301117844679,-0.084623384333100543,0,0.0021124218649901283,0.011981304922948233,0,1
7740,2,-1.1231981133455211,-4.8345504727265682,0,0.010679360159642225,-0.002534568061953331,0,0.001
7750,0,-0.49832987462930745,-0.0317155799976905,0,0.00082547746892638711,-0.012136243329335451,0,1
7750,1,0.4993460242179048,0.036574320651633671,0,-0.00083620674307888492,0.012138546447568836,0,1
7750,2,-1.0161495883328857,-4.8587406572141747,0,0.010729274153160684,-0.0023031182338847603,0,0.001
7760,0,-0.47546370068649491,-0.15087887257035168,0,0.0037251216730830056,-0.011578711812421651,0,1
7760,1,0.47637233407151552,0.15575947726659478,0,-0.0037358946400801295,0.011580781046927056,0,1
7760,2,-0.90863338474873812,-4.8806046995189707,0,0.010772966997789884,-0.0020692345058933772,0,0.001
7770,0,-0.42456140954948923,-0.2610114655591666,0,0.0064050096297433232,-0.010339023525509423,0,1
7770,1,0.42536211890171705,0.26591158109809282,0,-0.0064158205614571924,0.010340855946114346,0,1
7770,2,-0.8007093519507672,-4.9001155422055236,0,0.010810931714550297,-0.0018324206053696632,0,0.001
7780,0,-0.34862477868567299,-0.35562492896267484,0,0.0087072628230872116,-0.008490215147348254,0,1
7780,1,0.34931721060030574,0.36054217172332653,0,-0.0087181065703371228,0.0084918076635826928,0,1
7780,2,-0.69243191434915086,-4.9172427639365726,0,0.010843747250563534,-0.0015925162348477341,0,0.001
7790,0,-0.25213042461076096,-0.42914515518761159,0,0.0104962492006162,-0.0061412116183266257,0,1
7790,1,0.25271427424751997,0.43407711152482154,0,-0.010507121191070319,0.0061425613862385675,0,1
7790,2,-0.58384963646922328,-4.931956340499025,0,0.010871990454679212,-0.00134976791235301,0,0.001
7800,0,-0.14076606616554085,-0.47724078111720197,0,0.011666577215348617,-0.0034304092199391382,0,1
7800,1,0.14124107191192525,0.48218501190211216,0,-0.011677473349978819,0.0034315140504381008,0,1
7800,2,-0.47500574608915969,-4.9442307882022565,0,0.01089613463078783,-0.0011048304993712694,0,0.001
7810,0,-0.021095402190310236,-0.49707838479725164,0,0.012149308059894394,-0.00051751971707401229,0,1
7810,1,0.021461341854197864,0.50203243368881623,0,-0.012160224513832578,0.00051837839889079605,0,1
7810,2,-0.36593966358631713,-4.9540488948618329,0,0.01091645393878183,-0.00085868181720994623,0,0.001
7820,0,0.099828640784399264,-0.48748939693711396,0,0.011916018126338863,0.0024258434117607392,0,1
7820,1,-0.099571951440818013,0.49245080110959455,0,-0.011926951087639154,-0.0024252309550538103,0,1
7820,2,-0.25668934327432724,-4.9614041757796077,0,0.010932961300843553,-0.00061245670734095463,0,0.001
7830,0,0.21487947625119666,-0.44903888063636105,0,0.010980471053568209,0.0052262802494730844,0,1
7830,1,-0.21473218228414903,0.45400518204453932,0,-0.010991416456218565,-0.0052259130116760442,0,1
7830,2,-0.14729396673575554,-4.9663014114807789,0,0.010945402650880554,-0.00036723779747046691,0,0.001
7840,0,0.3172767225356295,-0.38399213586568903,0,0.0093978010283654132,0.0077188228978743272,0,1
7840,1,-0.31723892614939392,0.38896089097342373,0,-0.0094087543397398353,-0.0077186990382128581,0,1
7840,2,-0.037796385918867956,-4.9687551110421753,0,0.010953311374960766,-0.00012385966190197267,0,0.001
7850,0,0.40098560332177036,-0.29618112715659112,0,0.0072612572558307205,0.0097566532117825972,0,1
7850,1,-0.40105735853084118,0.30114991345889913,0,-0.0072722133602932115,-0.0097567704344027235,0,1
7850,2,0.071755209392448463,-4.968786305618921,0,0.010956104462979975,0.00011722261965778535,0,0.001
7860,0,0.46107235189202256,-0.19077864706237987,0,0.0046967041798970689,0.011219746855919257,0,1
7860,1,-0.46125365856126499,0.19574506552278365,0,-0.004707657370268457,-0.01122010283229383,0,1
7860,2,0.18130666956861996,-4.9664184637194708,0,0.010953190371888083,0.00035597637416785385,0,0.001
7870,0,0.49399470711497306,-0.073993559014316521,0,0.0018552040843129289,0.012021935781483138,0,1
7870,1,-0.49428550540305,0.078955232415465523,0,-0.0018661481472768539,-0.012022528533332574,0,1
7870,2,0.2907982884088825,-4.9616734044689661,0,0.010944062964429523,0.00059275184901416147,0,0.001
7880,0,0.49781043373292838,0.047294908240037563,0,-0.0010958796044847239,0.012115975750694775,0,1
7880,1,-0.49821059975234916,-0.042340340322349547,0,0.0010849512350766743,-0.012116803934930313,0,1
7880,2,0.40016601975679272,-4.9545679210114519,0,0.010928369408553825,0.00082818423520146826,0,0.001
7890,0,0.4722916331806275,0.16594228143531919,0,-0.0039827347097828314,0.011496323401739339,0,1
7890,1,-0.47280097641993307,-0.16099716987258175,0,0.0039718287577612072,-0.011497386464813976,0,1
7890,2,0.50934323964596162,-4.9451115660637246,0,0.010905952022134131,0.0010630630742992162,0,0.001
7900,0,0.41893814706060706,0.27495955070818767,0,-0.006635330195835086,0.010199461461414653,0,1
7900,1,-0.41955640987599951,-0.27002624488774019,0,0.0066244533272546129,-0.010200759649516895,0,1
7900,2,0.61826281573613862,-4.9333058237776521,0,0.010876868580942358,0.0012981881019016902,0,0.001
7910,0,0.34088927240801148,0.36792473251519231,0,-0.0088974240217218389,0.0083017534945318636,0,1
7910,1,-0.34161613168938043,-0.36300558778167902,0,0.0088865826289102664,-0.0083032877187619505,0,1
7910,2,0.72685928171672076,-4.9191447368471941,0,0.010841392812055288,0.0015342242296695714,0,0.001
7920,0,0.24273896748289026,0.43936109013597957,0,-0.010635762262258326,0.0059149532382862828,0,1
7920,1,-0.24357403838504296,-0.43445847320157138,0,0.010624962271329761,-0.005916724806482249,0,1
7920,2,0.8350709025042401,-4.9026169377472613,0,0.010799990929049277,0.0017715681955699743,0,0.001
7930,0,0.1302653892607521,0.48505975761913184,0,-0.011747929150328375,0.0031796303418100626,0,1
7930,1,-0.13120823061411993,-0.48017604874184033,0,0.011737175883543593,-0.0031816405874010708,0,1
7930,2,0.94284135372410749,-4.8837088806344626,0,0.01075326678531645,0.0020102455906306159,0,0.001
7940,0,0.01009064391926952,0.50232775807484231,0,-0.012168385297518403,0.00025689669264899659,0,1
7940,1,-0.011140764597122403,-0.49746534923304281,0,0.012157683425082947,-0.00025914655670043003,0,1
7940,2,1.0501206782143166,-4.8624088451441576,0,0.010701872435994278,0.0022498640510619657,0,0.001
7950,0,-0.11070924514384343,0.49014677421005293,0,-0.011872336347406564,-0.0026810815796509077,0,1
7950,1,0.10955237993566254,-0.48530806319259878,0,0.0118616899536295,0.0026785919325062061,0,1
7950,2,1.1568652085479119,-4.8387110208026307,0,0.010646393777652374,0.0024896471443283832,0,0.001
7960,0,-0.22502118875220237,0.44923327133778496,0,-0.010877201219199323,-0.0054612281263962783,0,1
7960,1,0.22375815243005137,-0.44442065253505669,0,0.01086661398235754,0.005458499569826511,0,1
7960,2,1.2630363225231698,-4.8126188060804038,0,0.010587236842317806,0.0027285565694127904,0,0.001
7970,0,-0.3261141309745017,0.38199638744824932,0,-0.0092415908057726179,-0.0079197576366510005,0,1
7970,1,0.32474553277015372,-0.3772122409289364,0,0.0092310662576849424,0.0079167921560652568,0,1
7970,2,1.3685982047236898,-4.7841465226686148,0,0.010524548088236961,0.0029654805854365889,0,0.001
7980,0,-0.40803567108685446,0.29239604651105433,0,-0.0070618559918933458,-0.0099118309315760194,0,1
7980,1,0.40656215599576917,-0.2876427274022324,0,0.0070513977985978997,0.009908631492030473,0,1
7980,2,1.4735150914665971,-4.7533191121799883,0,0.01045819329603446,0.0031994395452361944,0,0.001
7990,0,-0.46596280368135878,0.185709655001836,0,-0.0044664087911915201,-0.011320092560822968,0,1
7990,1,0.46438505506212119,-0.18098948507659415,0,0.0044560209932848803,0.011316662808037512,0,1
7990,2,1.5777486196251149,-4.7201699286030312,0,0.010387797907219854,0.0034297527851010032,0,0.001
8000,0,-0.49648608677102402,0.068221148491200756,0,-0.0016081529242083774,-0.012061586351975418,0,1
8000,1,0.49480483095520261,-0.063536411270549806,0,0.0015978400935626887,0.012057930222733397,0,1
8000,2,1.6812558162129987,-4.6847372240154357,0,0.010312830646281032,0.0036561292416545763,0,0.001
8010,0,-0.49781049016481727,-0.053149261754081863,0,0.0013445280712409496,-0.012092641391897323,0,1
8010,1,0.49602650213497362,0.057796321904350405,0,-0.0013547607753391861,0.012088762717834243,0,1
8010,2,1.783988030242003,-4.6470601536369731,0,0.01023270409883024,0.0038786740626731088,0,0.001
8020,0,-0.46986110430440275,-0.17125280438743026,0,0.004217692712454521,-0.011411441754266697,0,1
8020,1,0.46797521344106369,0.17585997945837734,0,-0.0042278395838422356,0.011407343927110996,0,1
8020,2,1.8858908637437075,-4.6071750743194748,0,0.010146871388296006,0.004097827155271975,0,0.001
8030,0,-0.41428750483460197,-0.2791332961089425,0,0.0068420884892241348,-0.010058130292297511,0,1
8030,1,0.41230059983058004,0.28369840880121505,0,-0.0068521433982235659,0.010053816034156034,0,1
8030,2,1.9869050044309864,-4.5651126956492334,0,0.010054908999992663,0.0043142581410592091,0,0.001
8040,0,-0.33436653682963785,-0.3704369174960403,0,0.0090631208785824768,-0.0081124417930034404,0,1
8040,1,0.33227956902368988,0.3749578139021113,0,-0.0090730774620280692,0.008107913054430026,0,1
8040,2,2.0869678063629413,-4.5208964094522353,0,0.0099565834461816851,0.0045287385730286506,0,0.001
8050,0,-0.23480925599951136,-0.43978649166846656,0,0.010749958509898176,-0.0056890054480079359,0,1
8050,1,0.23262324054889838,0.44426103361639796,0,-0.010759810410010081,0.0056842634428709666,0,1
8050,2,2.186015451033708,-4.4745419513163265,0,0.0098519001124880556,0.0047420051365710484,0,0.001
8060,0,-0.12148339693293371,-0.48309823211861652,0,0.011803239320222403,-0.0029305928827722573,0,1
8060,1,0.11919941145010958,0.48752429054712187,0,-0.011812980447964005,0.0029256382584325826,0,1
8060,2,2.2839854832505706,-4.4260584318954059,0,0.0097411277422445822,0.0049546243392741308,0,0.001
8070,0,-0.0010677057438198631,-0.49782230654973642,0,0.012160924222971872,2.9163894048983566e-07,0,1
8070,1,-0.001313113676683566,0.50219775720442528,0,-0.012170549009430874,-5.4585117613303701e-06,0,1
8070,2,2.3808194209365898,-4.3754506580808039,0,0.0096247864596923412,0.0051668728204526983,0,0.001
8080,0,0.11934151164179339,-0.48309303966409795,0,0.011801952956086029,0.0029309845271208094,0,1
8080,1,-0.1218179766515543,0.48741576214504795,0,-0.011811456543407466,-0.0029363631824275843,0,1
8080,2,2.4764650102004784,-4.3227224843472722,0,0.0095035873220820979,0.0053786553063859127,0,0.001
8090,0,0.23264845031992742,-0.43977989300064252,0,0.010747485517312994,0.0056888361230930645,0,1
8090,1,-0.23521932793942535,0.44404777368220427,0,-0.010756863839179568,-0.0056944256098182006,0,1
8090,2,2.5708776199439627,-4.2678806849622468,0,0.0093783218672397056,0.0055894867247270373,0,0.001
8100,0,0.33217583821857749,-0.37043620649227421,0,0.0090596547799478289,0.0081113839201278869,0,1
8100,1,-0.33483985856566417,0.37464714508853625,0,-0.00906890449947962,-0.0081171824770477057,0,1
8100,2,2.6640203475383721,-4.2109385996668758,0,0.0092497195324327524,0.0057985569193805802,0,0.001
8110,0,0.41205829289122631,-0.27914872067534163,0,0.0068379032560584082,0.010055924926494434,0,1
8110,1,-0.41481415557470036,0.28330063939958749,0,-0.0068470215651192188,-0.010061929799410564,0,1
8110,2,2.7558626839324734,-4.1519187276545848,0,0.0091183090614481432,0.0060048729156986728,0,0.001
8120,0,0.4675878118045696,-0.17129675983991888,0,0.0042131205378894256,0.011407921665762617,0,1
8120,1,-0.47043418978688067,0.17538761347998705,0,-0.0042221048616685707,-0.011414129110274096,0,1
8120,2,2.8463779827773292,-4.0908536434816467,0,0.0089843237797637542,0.0062074445110080392,0,0.001
8130,0,0.49549103761096897,-0.053235290744739996,0,0.0013399285981254669,0.012087745862187438,0,1
8130,1,-0.49842657792377898,0.057263075794206163,0,-0.0013487762731800741,-0.012094151324141534,0,1
8130,2,2.9355403132825528,-4.0277850528831864,0,0.0088476750551950978,0.0064054619536830192,0,0.001
8140,0,0.49412197952320103,0.068079443331212089,0,-0.0016124284663021321,0.012055363208638051,0,1
8140,1,-0.49714530091696801,-0.064116682027752933,0,0.0016037204734158826,-0.012061961629458001,0,1
8140,2,3.0233213942445483,-3.9627613068801102,0,0.008707992886832985,0.0065984208195662584,0,0.001
8150,0,0.4635588705937726,0.18549964419691586,0,-0.0044700521980456133,0.011312685220677193,0,1
8150,1,-0.46666855878203117,-0.18160381017102784,0,0.0044614874848649191,-0.011319471394017558,0,1
8150,2,3.1096881887420924,-3.8958340293135723,0,0.0085647131812719018,0.0067861733399347977,0,0.001
8160,0,0.40559949456764693,0.29210690762392089,0,-0.0070646279879889072,0.0099034521612606646,0,1
8160,1,-0.40879409606535783,-0.28827985304053672,0,0.0070562108015191083,-0.0099104210722836851,0,1
8160,2,3.194601498199837,-3.8270545868133077,0,0.0084171864703624678,0.0069689110226009076,0,0.001
8170,0,0.32365528754920569,0.38161963332656607,0,-0.0092433323278132626,0.0079106559506249164,0,1
8170,1,-0.32693330321753755,-0.37786316233103673,0,0.0092350675384615041,-0.0079178030481999277,0,1
8170,2,3.2780156688265909,-3.7564709989631471,0,0.0082647893523134178,0.0071470975746049121,0,0.001
8180,0,0.22255045988846359,0.44876294119552695,0,-0.010877828192901548,0.0054516554964162359,0,1
8180,1,-0.22591033927013671,-0.44507881551634432,0,0.010869721164125842,-0.0054589768684637618,0,1
8180,2,3.3598793821725814,-3.6841256826200124,0,0.0081070287762815239,0.0073213720471388063,0,0.001
8190,0,0.10823795099241437,0.48957934517591545,0,-0.011871821320172209,0.0026712710776998143,0,1
8190,1,-0.11167808842064396,-0.48596929092608576,0,0.011863877686800604,-0.0026787635137138438,0,1
8190,2,3.4401374287350177,-3.6100542532699609,0,0.0079436333721864261,0.007492436013670542,0,0.001
8200,0,-0.012551093020597438,0.50166190733201466,0,-0.012166733836638802,-0.00026673793984836132,0,1
8200,1,0.0090323597234149514,-0.49812762183715315,0,0.01215895921317703,0.00025907700661177821,0,1
8200,2,3.5187332976937507,-3.5342854983057777,0,0.0077746234623620918,0.0076609332362287622,0,0.001
8210,0,-0.13270372024906577,0.48429613249150238,0,-0.011745160849165194,-0.0031893130654074668,0,1
8210,1,0.12910810794792832,-0.48083928993874703,0,0.011737560504057023,0.0031814857347002728,0,1
8210,2,3.5956123016545201,-3.4568425562037324,0,0.0076003451087341316,0.0078273307068343848,0,0.001
8220,0,-0.24514414052214595,0.43850221150599222,0,-0.010631904436933171,-0.0059242888773403035,0,1
8220,1,0.24147341573749309,-0.43512446629218976,0,0.010624482987041335,0.0059162970606940219,0,1
8220,2,3.6707247851758873,-3.3777452172536555,0,0.0074214498924225223,0.0079918166459635349,0,0.001
8230,0,-0.34325059245511103,0.36697507439282723,0,-0.0088925210967514719,-0.0083105379062289007,0,1
8230,1,0.3395065636526286,-0.36367806133332098,0,0.0088852822884883005,0.0083023836670814838,0,1
8230,2,3.7440288030108499,-3.2970130629608971,0,0.0072388082638156909,0.008154239147070249,0,0.001
8240,0,-0.42124553551528737,0.27392573563378386,0,-0.006629465213718164,-0.01020746949416119,0,1
8240,1,0.41743004389868854,-0.27071106672629314,0,0.0066224118505645631,0.010199155384340063,0,1
8240,2,3.8154916171339579,-3.2146689109489719,0,0.0070533631542344464,0.0083141098207302928,0,0.001
8250,0,-0.47453613926835841,0.16483324800391783,0,-0.0039760539699131639,-0.011503320417370077,0,1
8250,1,0.47065104971543997,-0.16170250616235876,0,0.0039691880145020187,0.01149484973444099,0,1
8250,2,3.8850895534592222,-3.1307418450215256,0,0.0068659554117728701,0.0084706829287018483,0,0.001
8260,0,-0.49998496154849359,0.046121877238805987,0,-0.0010886093627787436,-0.012121745742665771,0,1
8260,1,0.49603215538078022,-0.043076608114176733,0,0.0010819321942885432,0.012113122647798022,0,1
8260,2,3.9528061682604059,-3.0452691280949873,0,0.0066771684908374937,0.0086230948673779711,0,0.001
8270,0,-0.49609483075070321,-0.075217456525949064,0,0.0018627578139340834,-0.012026319299611061,0,1
8270,1,0.4920762016098324,0.078175753095193423,0,-0.0018692450484681085,0.012017548774007356,0,1
8270,2,4.0186291414259872,-2.9582965727129866,0,0.0064872345346654739,0.0087705256034980462,0,0.001
8280,0,-0.46309702655828516,-0.19203912575531612,0,0.004704176267012113,-0.011222677965009536,0,1
8280,1,0.45901447993345562,0.19490900312700679,0,-0.0047104722870229742,0.011213765627184836,0,1
8280,2,4.0825466253910667,-2.8698773751612743,0,0.0062960200115351516,0.0089123378245069794,0,0.001
8290,0,-0.4029375780042726,-0.29746382164630175,0,0.0072682614731781944,-0.0097581845484822072,0,1
8290,1,0.39879303418495948,0.30024389144706032,0,-0.007274364555158226,0.0097491363847554708,0,1
8290,2,4.1445438198817763,-2.7800698042309273,0,0.0061030819807356314,0.0090481637264837288,0,0.001
8300,0,-0.31916251929729589,-0.38528383283718659,0,0.0094039769819244234,-0.0077191313979626591,0,1
8300,1,0.31495791893445507,0.38797276715661838,0,-0.0094098847526304461,0.0077099534657397994,0,1
8300,2,4.2046003634162297,-2.6889343229078428,0,0.0059077707067020403,0.0091779322225670791,0,0.001
8310,0,-0.21670890097341988,-0.45032870191987207,0,0.010985529142436817,-0.0052256518431027452,0,1
8310,1,0.21244621209682527,0.45292523261370893,0,-0.010991238496384382,0.0052163499962658948,0,1
8310,2,4.2626888771763491,-2.596530697314551,0,0.0057093539482125522,0.0093018468365852047,0,0.001
8320,0,-0.10161389595448021,-0.48876973950700991,0,0.011919772827868482,-0.0024246408109920023,0,1
8320,1,0.097295121169391915,0.49127265500967726,0,-0.011925279973754218,0.0024152204807187691,0,1
8320,2,4.3187747856766405,-2.5029155061488249,0,0.0055071458863883401,0.0094203302729098555,0,0.001
8330,0,0.01934085350002317,-0.49834548683130558,0,0.012151693899194235,0.00051889807542716587,0,1
8330,1,-0.023713670904756037,0.50075362714409888,0,-0.012156994529496897,-0.0005284320235918352,0,1
8330,2,4.3728174053278481,-2.4081403162790349,0,0.0053006303033144124,0.0095339481643533074,0,0.001
8340,0,0.13902870572705853,-0.47849487104195654,0,0.011667647037516132,0.0034315701232088074,0,1
8340,1,-0.14345347792287172,0.48080712173475609,0,-0.011672736605631329,-0.0034412134416164355,0,1
8340,2,4.4247721964143212,-2.3122506962883369,0,0.0050895681157997986,0.0096433184073149488,0,0.001
8350,0,0.25039779428249487,-0.43039022188006953,0,0.010496158795257919,0.0061418010417156072,0,1
8350,1,-0.2548723882333454,0.43260550807006687,0,-0.010501032869218892,-0.0061515500516019089,0,1
8350,2,4.4745939514578197,-2.2152861934890504,0,0.0048740739615721574,0.009749009886018855,0,0.001
8360,0,0.34688639907854446,-0.35686820183755597,0,0.0087062480290322347,0.0084899421309379726,0,1
8360,1,-0.35140863958435437,0.35898548318168894,0,-0.0087109026693690979,-0.0084997935693261681,0,1
8360,2,4.5222405064230031,-2.1172813476279373,0,0.0046546403374988958,0.0098514383878965869,0,0.001
8370,0,0.42280945588562119,-0.26226270530605256,0,0.0064033614140993761,0.010337674480737876,0,1
8370,1,-0.42737713222728513,0.26428097299542036,0,-0.0064077935030169486,-0.010347625257429379,0,1
8370,2,4.5676763422825593,-2.0182676928656176,0,0.004432088918175185,0.0099507766911887171,0,0.001
8380,0,0.47369343331839314,-0.15214955671800826,0,0.0037231622631980813,0.01157615769907943,0,1
8380,1,-0.47830430862086126,0.15406783320083153,0,-0.003727369706849953,-0.011586204602552894,0,1
8380,2,4.6108753030930405,-1.9182764863241593,0,0.0042074436524542208,0.010046903473155821,0,0.001
8390,0,0.49653983918462347,-0.033018042556407126,0,0.00082353807975622871,0.012132441920805504,0,1
8390,1,-0.50119166091492251,0.034835384210544384,0,-0.00082751982678995722,-0.012142581333589995,0,1
8390,2,4.6518217309308119,-1.8173416576411796,0,0.0039817470343204622,0.010139412784225733,0,0.001
8400,0,0.49000182306285389,0.088111365133739419,0,-0.0021247017390948839,0.011973764210710811,0,1
8400,1,-0.49469233272898755,-0.08639586280490949,0,0.0021209458729993204,-0.011983991899247242,0,1
8400,2,4.6905096667728667,-1.7155023323365144,0,0.0037558660961539408,0.010227688536181483,0,0.001
8410,0,0.4544634714893071,0.20410055837602137,0,-0.0049478887304563197,0.011109475947621791,0,1
8410,1,-0.4591904117742302,-0.20248775402160396,0,0.0049443583891314079,-0.011119786972029866,0,1
8410,2,4.7269402855691665,-1.6128043579267008,0,0.0035303413254958822,0.010311024407832865,0,0.001
8420,0,0.39201713824508183,0.30811424113546382,0,-0.0074797246481672899,0.0095904885107043689,0,1
8420,1,-0.39677825644090348,-0.30660494058963933,0,0.0074764193338006397,-0.0096008772644799057,0,1
8420,2,4.7611181964731903,-1.5093005493348246,0,0.0033053143672187686,0.01038875377541129,0,0.001
8430,0,0.30634016794370011,0.39402250750500745,0,-0.009571074190914703,0.0075062716187897748,0,1
8430,1,-0.31113321539459821,-0.39261745777890955,0,0.009567993650293918,-0.0075167319749898358,0,1
8430,2,4.7930474515553279,-1.4050497296079942,0,0.0030805406213839136,0.010460356199945705,0,0.001
8440,0,0.20247829558335736,0.45676185269887898,0,-0.011098745157304739,0.0049795828381592822,0,1
8440,1,-0.20730102361890934,-0.4554617377974835,0,0.011095889688527635,-0.0049901083608744805,0,1
8440,2,4.8227280362157012,-1.3001149049062208,0,0.0028554687777993149,0.010525522715044632,0,0.001
8450,0,0.086548488156666992,0.49263338107107996,0,-0.011972740681714075,0.0021592395285298651,0,1
8450,1,-0.091398641534590166,-0.49143882007495826,0,0.011970111320978648,-0.0021698237080992454,0,1
8450,2,4.850153378593653,-1.1945609996329134,0,0.0026293607361108778,0.010584179569233477,0,0.001
8460,0,-0.034621280848130917,0.49952067608832718,0,-0.012141558457950513,-0.00078864159136258138,0,1
8460,1,0.029745971685702415,-0.49843222356735006,0,0.012139157028512291,0.00077800511165314942,0,1
8460,2,4.8753091631054328,-1.0884525244887717,0,0.0024014294388472242,0.010636479709282436,0,0.001
8470,0,-0.15389413654237075,0.4770145168119822,0,-0.011595226209634438,-0.0036904231055943991,0,1
8470,1,0.14899596299538811,-0.47603266536561878,0,0.011593055229831686,0.0036797403341580241,0,1
8470,2,4.8981735476654054,-0.98185144987684847,0,0.0021709798033530997,0.010682771436229432,0,0.001
8480,0,-0.2642446404317122,0.4264370899959819,0,-0.01036589462109426,-0.0063751702809363995,0,1
8480,1,0.25932592167330443,-0.42556227451250195,0,0.010363957079620921,0.0063644467325300455,0,1
8480,2,4.9187187590965147,-0.87481548699479172,0,0.0019375414739713215,0.010723548406196357,0,0.001
8490,0,-0.35917263227365109,0.35076424301967418,0,-0.0085259512600868725,-0.0086847191038815427,0,1
8490,1,0.35423571835688517,-0.34999684605925818,0,0.0085242502812217912,0.0086739597235270822,0,1
8490,2,4.9369139174614309,-0.76739696393221568,0,0.0017009788657078764,0.01075938035427427,0,0.001
8500,0,-0.4330862084473126,0.2544503130286882,0,-0.006183763947644653,-0.010482996792710961,0,1
8500,1,0.42813347968819543,-0.25379067053893367,0,0.0061823023907883259,0.01047220596820066,0,1
8500,2,4.9527287598189984,-0.6596424932731485,0,0.001461556856922362,0.010790824510107945,0,0.001
8510,0,-0.48163125919687133,0.14316580629928993,0,-0.0034773015211160968,-0.011664044875771318,0,1
8510,1,0.47666512150416135,-0.14261421270860633,0,0.0034760815840462539,0.011653226550203115,0,1
8510,2,4.9661376934184416,-0.55159359420473097,0,0.0012199370704336484,0.010818325567943312,0,0.001
8520,0,-0.50194811112120941,0.02346335256707436,0,-0.0005660059383602097,-0.012158269779169763,0,1
8520,1,0.49697098773229903,-0.023020064276345616,0,0.00056502884969162476,0.012147427655168051,0,1
8520,2,4.977123389626148,-0.44328829425271776,0,0.00097708866917089175,0.010842124001405835,0,0.001
8530,0,-0.49284010545005175,-0.097608386916586423,0,0.0023786055337039957,-0.011936549568020474,0,1
8530,1,0.48785442637149062,0.097943150406132745,0,-0.0023793396554828766,0.011925687368172141,0,1
8530,2,4.9856790792829102,-0.33476349307367448,0,0.00073412177946454501,0.010862199847993788,0,0.001
8540,0,-0.45484413958488951,-0.21292008301167806,0,0.0051830525845256107,-0.011011952302425611,0,1
8540,1,0.44985233064196528,0.21314614062442605,0,-0.0051835446662006771,0.011001074029295566,0,1
8540,2,4.9918089436533721,-0.226057616279767,0,0.00049208167565024507,0.010878273129615704,0,0.001
8550,0,-0.39019900003573454,-0.31568185624779987,0,0.0076821198160765512,-0.0094389637733969418,0,1
8550,1,0.38520347355375634,0.31579906920871098,0,-0.0076823715756653759,0.0094280739106606289,0,1
8550,2,4.9955264827133652,-0.11721296444851301,0,0.00025175958940839026,0.01088986273587317,0,0.001
8560,0,-0.30271336748961569,-0.39984335053478215,0,0.0097285948344292047,-0.0073102711198537096,0,1
8560,1,0.29771651620298689,0.39985162778761479,0,-0.0097286084033745661,0.0072993747357867874,0,1
8560,2,4.9968512873698447,-0.0082772563744680037,0,1.3568946013683747e-05,0.010896384066489235,0,0.001
8570,0,-0.19754130999855815,-0.46045016458604404,0,0.011201941011691049,-0.0047512943659128058,0,1
8570,1,0.19254550499388726,0.46034946870919768,0,-0.011201718520543481,0.0047403971103523327,0,1
8570,2,4.9958050054191938,0.10069587330034177,0,-0.00022249114688492727,0.010897255560060978,0,0.001
8580,0,-0.080878538947220621,-0.49393564258565831,0,0.012015394080302163,-0.0019127910566765281,0,1
8580,1,0.075886131590643571,0.49372599520356003,0,-0.012014937287762931,0.001901899067137406,0,1
8580,2,4.9924073573322509,0.2096473785483487,0,-0.00045679253850679989,0.010891989538723,0,0.001
8590,0,0.04040263938276472,-0.49833086119486697,0,0.01212106627466317,0.0010380280408694394,0,1
8590,1,-0.045389312270032171,0.49801234710635822,0,-0.012120376295990333,-0.0010489082972685213,0,1
8590,2,4.9866728880299993,0.31851408495492639,0,-0.00068997867209623755,0.010880256398681553,0,0.001
8600,0,0.15915815542116676,-0.4733804848876938,0,0.011512759994483372,0.0039273480172390138,0,1
8600,1,-0.16413676430567115,0.47295325440314878,0,-0.011511837160139675,-0.0039382099400037621,0,1
8600,2,4.9786088852744577,0.42723048098770949,0,-0.00092283434292547435,0.01086192276435073,0,0.001
8610,0,0.26839295277782022,-0.42055770621094973,0,0.010226327711227452,0.0065849843551191618,0,1
8610,1,-0.2733611674523545,0.42002197542720787,0,-0.010225171568309602,-0.0065958214233081567,0,1
8610,2,4.9682146753118106,0.53573078017999576,0,-0.0011561429170817799,0.010837068188598325,0,0.001
8620,0,0.36167295188583398,-0.34297741716065838,0,0.0083375583146596578,0.008854402055385166,0,1
8620,1,-0.3666284342410786,0.34233346610525228,0,-0.0083361677711611248,-0.0088652080373235534,0,1
8620,2,4.9554823560300543,0.64395105184009327,0,-0.0013905434977350627,0.010805981938005239,0,0.001
8630,0,0.43350396899243948,-0.24521273033447383,0,0.0059577143381406884,0.010601931460153089,0,1
8630,1,-0.43844436789887009,0.24446089912605973,0,-0.0059560879372630776,-0.010612700595889778,0,1
8630,2,4.9403989072233072,0.75183120484538224,0,-0.0016264008768145839,0.010769135736297113,0,0.001
8640,0,0.47965529778875343,-0.13302564139307374,0,0.0032269816146260049,0.011724639557576388,0,1
8640,1,-0.48457824724887516,0.1321663248399696,0,-0.0032251179071898879,-0.011735366683203506,0,1
8640,2,4.9229494609210063,0.85931654953252479,0,-0.0018637074353491936,0.01072712562670162,0,0.001
8650,0,0.49740890380016056,-0.013027671346460453,0,0.0003062153201402441,0.012156393513811037,0,1
8650,1,-0.50231202508619199,0.012061312731817863,0,-0.00030411327740934599,-0.012167074094765817,0,1
8650,2,4.9031212868363667,0.96635861106698395,0,-0.0021020427301406816,0.010680580954370916,0,0.001
8660,0,0.48571954546017254,0.10770954573977741,0,-0.002632532956206312,0.01187175839425709,0,1
8660,1,-0.4906004532504683,-0.10878246065079004,0,0.0026348735703656287,-0.011882388445756089,0,1
8660,2,4.8809077911064529,1.0729149074333078,0,-0.0023406141585613823,0.0106300514986831,0,0.001
8670,0,0.445276371756616,0.22207080266978105,0,-0.0054161496556803679,0.010887497898680485,0,1
8670,1,-0.45013268342453261,-0.22324975026699573,0,0.0054187280398458777,-0.01089807379757929,0,1
8670,2,4.8563116687343433,1.1789475936321225,0,-0.0025783841647667514,0.010575898898482788,0,0.001
8680,0,0.37846235037960269,0.32331644605893978,0,-0.0078806576221904182,0.009261588298439977,0,1
8680,1,-0.38329169681819369,-0.32460086724046727,0,0.0078834718819435681,-0.0092721065231419191,0,1
8680,2,4.8293464394155023,1.2844211779418322,0,-0.0028142597524390797,0.010518224701650021,0,0.001
8690,0,0.28921390875233405,0.40547938733998079,0,-0.0098808763742439763,0.007089803170132883,0,1
8690,1,-0.29401394472991721,-0.40686868714621016,0,0.0098839236687073197,-0.0071002600273952169,0,1
8690,2,4.8000359784150781,1.389299802641299,0,-0.0030472944626174403,0.010456857262038446,0,0.001
8700,0,0.18278906118085367,0.46371659846172031,0,-0.011298974096668546,0.0045000707355456297,0,1
8700,1,-0.18755747337722734,-0.46521014316438181,0,0.011302250945048166,-0.0045104621333728421,0,1
8700,2,4.768412197211898,1.4935446990712045,0,-0.0032768483788666375,0.010391397826938722,0,0.001
8710,0,0.065457693519990146,0.49459438426787417,0,-0.012051407314032645,0.0016449374905282269,0,1
8710,1,-0.070192205011686284,-0.4961914965951903,0,0.012054909985068606,-0.0016552587969219971,0,1
8710,2,4.7345114925426515,1.5971123237240392,0,-0.0035026710352397722,0.010321306393501706,0,0.001
8720,0,-0.055867740446103424,0.49629063735747203,0,-0.012093840227469871,-0.001307416807555408,0,1
8720,1,0.051169369660511527,-0.49799059080323799,0,0.012097565129143976,0.0012971708062317717,0,1
8720,2,4.6983707864461088,1.6999534421726203,0,-0.0037249016733240186,0.010246001323373515,0,0.001
8730,0,-0.17403935801140491,0.4687021787799267,0,-0.011423755338392945,-0.00418308327857658,0,1
8730,1,0.16937933410010847,-0.47050419197498011,0,0.01142769934209162,0.0041729183255138046,0,1
8730,2,4.6600239121585334,1.8020131914578281,0,-0.0039440036978676124,0.010164953062507335,0,0.001
8740,0,-0.28209485433382314,0.4134508756837188,0,-0.010080602842172371,-0.0068126646546524941,0,1
8740,1,0.27747535545167101,-0.41535410769685932,0,0.010084763499711557,0.0068025868914972434,0,1
8740,2,4.6194988830227928,1.9032320095438495,0,-0.0041606575383828209,0.010077763155023303,0,0.001
8750,0,-0.373667601288453,0.33378817642884673,0,-0.0081434803875992702,-0.0090412510385746176,0,1
8750,1,0.36909078493563385,-0.33579172370539601,0,0.0081478560196684025,0.009031266811785987,0,1
8750,2,4.576816353697609,2.0035472729507253,0,-0.0043756320683927818,0.0099842267883400049,0,0.001
8760,0,-0.44336170315659135,0.23440366992388514,0,-0.0057264790544167598,-0.010737544757414402,0,1
8760,1,0.43882971374057111,-0.23650656539959225,0,0.0057310687022939866,0.010727660380229516,0,1
8760,2,4.5319894169071935,2.102895472105978,0,-0.0045896478764588461,0.0098843771845418191,0,0.001
8770,0,-0.48706992439765145,0.12114891578772563,0,-0.0029719678449387768,-0.011801597715613172,0,1
8770,1,0.48258489963417761,-0.12335013050571517,0,0.0029767710880338684,0.011791819210510594,0,1
8770,2,4.4850247643680214,2.2012147143843954,0,-0.0048032430943287319,0.0097785051022359001,0,0.001
8780,0,-0.50221574891539034,0.00069278033402658042,0,-4.2210068376554707e-05,-0.012170705035027931,0,1
8780,1,0.49777982379833235,-0.0029912275867296145,0,4.7226725009051931e-05,0.012161037893490696,0,1
8780,2,4.4359251179595551,2.2984472490947696,0,-0.0050166566317277634,0.0096671415369141839,0,0.001
8790,0,-0.4879052793834272,-0.11987144040976813,0,0.0028901961660057298,-0.011823105994143024,0,1
8790,1,0.4835205867344522,0.1174768988195898,0,-0.002884966414500222,0.011813555001539819,0,1
8790,2,4.3846926498825267,2.3945415865665178,0,-0.0052297515047417843,0.009550992602836525,0,0.001
8800,0,-0.44497998627641444,-0.23344396649139348,0,0.0056524904772212057,-0.010779271635179256,0,1
8800,1,0.44064865341918813,0.23095451276735368,0,-0.0056470484726919706,0.010769840808377848,0,1
8800,2,4.3313328581414758,2.4894537204243936,0,-0.0054420045284652224,0.0094308268010324485,0,0.001
8810,0,-0.37596716290663518,-0.33333690165348967,0,0.0080819350802583921,-0.0091007007807453189,0,1
8810,1,0.37169130477237994,0.33075375459246342,0,-0.0080762825011393771,0.009091393446526732,0,1
8810,2,4.2758581351774243,2.5831470574077011,0,-0.0056525791182605867,0.0093073342182254451,0,0.001
8820,0,-0.28493099020733609,-0.41366833247993778,0,0.010035409289363355,-0.0068862942515241811,0,1
8820,1,0.28071269999567466,0.41099274152930243,0,-0.010029548815918761,0.0068771132573966247,0,1
8820,2,4.2182902125910635,2.6755909470134296,0,-0.0058604734438613424,0.0091809941271497105,0,0.001
8830,0,-0.17723299952900307,-0.46970889627929058,0,0.011397845476667079,-0.0042665216278517095,0,1
8830,1,0.17307433864006508,0.46694213818256886,0,-0.01139178076919537,0.0042574696386171798,0,1
8830,2,4.1586608898736959,2.7667580930964975,0,-0.0060647074709756221,0.0090519892341235815,0,0.001
8840,0,-0.059216084779651908,-0.49816037145105158,0,0.012089007544213791,-0.0013957266337464916,0,1
8840,1,0.055119073867476234,0.49530375000663102,0,-0.012082743046907032,0.001386806445768868,0,1
8840,2,4.0970109131189707,2.8566214407914394,0,-0.0062644973059257239,0.0089201879772422936,0,0.001
8850,0,0.062169270080463308,-0.49734987778870987,0,0.012068212459519835,0.0015569723828051918,0,1
8850,1,-0.066202657442452253,0.49440472656395879,0,-0.012061753085904462,-0.0015657575740733918,0,1
8850,2,4.0333873629406964,2.9451512211183593,0,-0.0064593736145368095,0.0087851912678157795,0,0.001
8860,0,0.1797744866824921,-0.46732827577138925,0,0.011336718496487288,0.0044176481784936354,0,1
8860,1,-0.18374232690729916,0.46429596306817239,0,-0.011330069270683312,-0.0044262946007605193,0,1
8860,2,3.9678402257671688,3.0323126995796446,0,-0.006649225803155032,0.0086464222665096468,0,0.001
8870,0,0.28667396973727938,-0.4098670167192503,0,0.0099376424617191247,0.0070178083993669331,0,1
8870,1,-0.29057438861087764,0.40674895178275883,0,-0.0099308081831357038,-0.0070263116338964739,0,1
8870,2,3.9004188745656543,3.1180649328501997,0,-0.0068342785826078613,0.0085032345291896627,0,0.001
8880,0,0.37657297357923913,-0.32835367901244261,0,0.0079534137639826995,0.0092043148117304848,0,1
8880,1,-0.38040414262037486,0.3251513183869485,0,-0.0079463987435038196,-0.0092126698327538881,0,1
8880,2,3.8311690421103606,3.2023606218493947,0,-0.0070150204780094249,0.0083550210231094976,0,0.001
8890,0,0.44417826833546065,-0.22759237726388218,0,0.005500917192316334,0.010848396005613969,0,1
8890,1,-0.44793839899994176,0.22430723024060908,0,-0.0054937250884288741,-0.010856597320694279,0,1
8890,2,3.7601306654645796,3.285147019624945,0,-0.0071921038865902657,0.0082013150799668602,0,0.001
8900,0,0.48550981824760936,-0.11352080781259673,0,0.0027246107034612954,0.011853225572860627,0,1
8900,1,-0.48919715506041522,0.11015444002307535,0,-0.0027172444734303819,-0.011861267450626602,0,1
8900,2,3.6873368137991078,3.3663677858695942,0,-0.0073662300300390612,0.0080418777656708802,0,0.001
8910,0,0.49813515256084229,0.0071394227948492883,0,-0.00021197786499675897,0.012159621746780513,0,1
8910,1,-0.50174796636624264,-0.010585388412417535,0,0.00021951589224606047,-0.01216749850984177,0,1
8910,2,3.6128138064016895,3.445965613913383,0,-0.007538027248430057,0.0078767630609949037,0,0.001
8920,0,0.4813126426117173,0.12727862721866043,0,-0.0031358767541120446,0.011749533789090051,0,1
8920,1,-0.48484922515419365,-0.13080251256119724,0,0.0031435846863095622,-0.011757240135057169,0,1
8920,2,3.5365825434861917,3.5238853388793783,0,-0.0077079321966496963,0.0077063459669226963,0,0.001
8930,0,0.43603523894546714,0.23981774855414434,0,-0.0058748543716936417,0.010647109135455331,0,1
8930,1,-0.43949389988933524,-0.24341782562380859,0,0.0058827304622922905,-0.010654640431115688,0,1
8930,2,3.4586609448862347,3.6000770660053125,0,-0.0078760905978008406,0.0075312956602187637,0,0.001
8940,0,0.36497206519960584,0.33812531625272968,0,-0.0082675631057215985,0.008917276537492913,0,1
8940,1,-0.36835113238220779,-0.34179981496128486,0,0.0082756054076387423,-0.0089246290205431938,0,1
8940,2,3.3790671836276975,3.6744987048948481,0,-0.0080423019163394505,0.0073524830501206393,0,0.001
8950,0,0.27231127469668615,0.41640809113163874,0,-0.010173045326773973,0.006661926359241491,0,1
8950,1,-0.27560909784607335,-0.42015520841342729,0,0.010181251358406673,-0.0066690971909203096,0,1
8950,2,3.297823150421169,3.7471172781256121,0,-0.0082060316319294002,0.0071708316786783001,0,0.001
8960,0,0.16351339908729606,0.47005237297877323,0,-0.011479040274246987,0.0040139113370160568,0,1
8960,1,-0.16672835649938647,-0.4738702815681809,0,0.011487406773536404,-0.0040208984822896945,0,1
8960,2,3.2149574131322352,3.8179085857434569,0,-0.0083664992886877242,0.0069871452735268775,0,0.001
8970,0,0.044989708021862591,0.49589583966907369,0,-0.012108600591402219,0.0011292207778174845,0,1
8970,1,-0.048120215002025332,-0.4997826948979413,0,0.012117123415582897,-0.0011360227370702776,0,1
8970,2,3.1305069812119632,3.8868552252026776,0,-0.0085228241799551428,0.006801959252688658,0,0.001
8980,0,-0.076275466087981872,0.49241388135827779,0,-0.012024627260429363,-0.0018222099534051391,0,1
8980,1,0.073230948600777682,-0.49636782478300279,0,0.012033301448741372,0.0018155944973290924,0,1
8980,2,3.0445174882605399,3.9539434210602802,0,-0.0086741883112939466,0.0066154560759408938,0,0.001
8990,0,-0.19313617349519455,0.45980944263732604,0,-0.01123205538588456,-0.0046665117748875143,0,1
8990,1,0.19017913164973491,-0.46382860204332621,0,0.011240875358442842,0.0046600843153607992,0,1
8990,2,2.9570418465233081,4.0191594023342585,0,-0.008819972557570107,0.0064274595265684858,0,0.001
9000,0,-0.2987058103616983,0.40000108402376061,0,-0.0097775627605782203,-0.0072361250128336416,0,1
9000,1,0.29583767256144722,-0.40408357010667417,0,0.0097865225983382043,0.007229887516011984,0,1
9000,2,2.8681378013214229,4.0824860792455215,0,-0.0089598377592939489,0.0062374968215112413,0,0.001
9010,0,-0.38676279708617584,0.31650997807415665,0,-0.0077468196247385468,-0.009379669570273327,0,1
9010,1,0.38398493210745499,-0.32065387865631667,0,0.0077559133703880663,0.00937362466648471,0,1
9010,2,2.7778649797982067,4.143900578490598,0,-0.009093745648827577,0.0060449037885245555,0,0.001
9020,0,-0.45211708127797462,0.21425250717097008,0,-0.0052594426388547205,-0.010970861370147673,0,1
9020,1,0.44943079929221802,-0.21845588011771896,0,0.0052686645700205838,0.010965012420934658,0,1
9020,2,2.6862819868411649,4.2033729430773317,0,-0.0092219311651605042,0.0058489492129287128,0,0.001
9030,0,-0.49091588894106752,0.0992506809032562,0,-0.0024619504969888946,-0.011915951043723101,0,1
9030,1,0.48832244498986005,-0.10351154700843158,0,0.0024712953394120363,0.011910302081355522,0,1
9030,2,2.5934439522994848,4.2608661015028089,0,-0.0093448424224423527,0.0056489623674734722,0,0.001
9040,0,-0.50087072294897561,-0.021722579984838258,0,0.00048086465519349029,-0.012159247726356104,0,1
9040,1,0.49837132216347396,0.017406242894918756,0,-0.00047140159463991644,0.012153803272447602,0,1
9040,2,2.4994007865999204,4.3163370862457509,0,-0.0094630605528650859,0.0054444539083901922,0,0.001
9050,0,-0.48139223536054321,-0.141542416204298,0,0.0033956431436419775,-0.011686402815781266,0,1
9050,1,0.47898803905079362,0.13717267681247239,0,-0.003386065937996664,0.011681167595663859,0,1
9050,2,2.4041963108548665,4.369739388151042,0,-0.0095772056446220295,0.0052352201172791886,0,0.001
9060,0,-0.43362501236311574,-0.2531517722240389,0,0.0061106706514589843,-0.010525259410394859,0,1
9060,1,0.43131714398366922,0.24873074601331244,0,-0.0061009828184928937,0.010520237995735343,0,1
9060,2,2.3078683805591247,4.4210262070512014,0,-0.0096878329654044391,0.0050214146594712373,0,0.001
9070,0,-0.36038019628632528,-0.34997718473182143,0,0.0084659970152110714,-0.0087442156796230415,0,1
9070,1,0.35816974622516501,0.3455070305602701,0,-0.0084562016868745347,0.0087394121135213193,0,1
9070,2,2.2104500622807679,4.4701541678746093,0,-0.0097953283358769103,0.0048035661016582213,0,0.001
9080,0,-0.26596988784598274,-0.42631610795353658,0,0.010322864145688931,-0.0064481966943741335,0,1
9080,1,0.26385791605829412,0.42179902109528361,0,-0.010312964324785321,0.0064436141727896613,0,1
9080,2,2.1119717888159433,4.517086854575008,0,-0.0098998209029333463,0.0045825215843520294,0,0.001
9090,0,-0.15595307112721615,-0.47767292732743977,0,0.011571885783174715,-0.0037724708577369353,0,1
9090,1,0.15394060693313175,0.47311112993662241,0,-0.011561884644709365,0.0037681115444309675,0,1
9090,2,2.0124641952180222,4.5617973871376911,0,-0.01000113846466478,0.0043593133058127493,0,0.001
9100,0,-0.036808038306154235,-0.50102383099869718,0,0.012139494807137781,-0.00087467548855064048,0,1
9100,1,0.034896077210277779,0.49641956162956841,0,-0.012129395981190281,0.00087054051674830847,0,1
9100,2,1.9119610970167802,4.6042693654491469,0,-0.010098825946772595,0.0041349718021750975,0,0.001
9110,0,0.084449356658023417,-0.49499491037928844,0,0.011992276418009507,0.002074476832097993,0,1
9110,1,-0.086259858607031711,0.49035041450102079,0,-0.011982084189220898,-0.0020783871662130669,0,1
9110,2,1.8105019501555599,4.6444958745857674,0,-0.010192228787899903,0.0039103341149217419,0,0.001
9120,0,0.20067908304210624,-0.45994299652446213,0,0.01113893154021103,0.0049012608942557521,0,1
9120,1,-0.20238721627859191,0.45526051975076487,0,-0.011128650921456167,-0.0049049467936291028,0,1
9120,2,1.7081332376402472,4.6824767700142784,0,-0.010280618754172237,0.0036858993731958981,0,0.001
9130,0,0.30503756629593737,-0.39793449656208091,0,0.0096297562254903969,0.0074391751281388,0,1
9130,1,-0.30664247483302925,0.39321628165149536,0,-0.0096193929001533469,-0.0074426368932604646,0,1
9130,2,1.604908538253252,4.7182149069020545,0,-0.010363325336333981,0.0034617651215039704,0,0.001
9140,0,0.39138077298288293,-0.31262352284915484,0,0.0075536705077737841,0.0095387472750081779,0,1
9140,1,-0.39288166037833255,0.30787181068345287,0,-0.0075432306679862702,-0.0095419849227278645,0,1
9140,2,1.500887396616809,4.7517121620153553,0,-0.0104398397868277,0.0032376477195350806,0,0.001
9150,0,0.45462601564452559,-0.209036542955986,0,0.0050329747641211335,0.011076332500039027,0,1
9150,1,-0.45602214900799926,0.20425357694837709,0,-0.0050224648883723166,-0.011079345467303957,0,1
9150,2,1.3961333646470477,4.7829660039214916,0,-0.010509875748140463,0.0030129672648419072,0,0.001
9160,0,0.49105120364906624,-0.093276269633857198,0,0.0022161445457621639,0.011961388014355215,0,1
9160,1,-0.49234191530151056,0.088464302507068229,0,-0.0022055711579816581,-0.011964174984743345,0,1
9160,2,1.2907116536251115,4.8119671231010095,0,-0.010573387779819275,0.0027869703881033651,0,0.001
9170,0,0.49851396333804465,0.027837760924798383,0,-0.00073091136530467908,0.012141798790711656,0,1
9170,1,-0.49969865010698244,-0.032676459313793288,0,0.0007415419232467505,-0.012144357659887389,0,1
9170,2,1.1846867701264288,4.8386983853068672,0,-0.010630557941388685,0.0025588691757483933,0,0.001
9180,0,0.47657776473137453,0.14717077479303761,0,-0.0036346162504909312,0.011606943361048427,0,1
9180,1,-0.47765588513427409,-0.15203390999033631,0,0.003645298010455086,-0.011609271343134945,0,1
9180,2,1.0781204040951646,4.8631351936107663,0,-0.010681759963478274,0.0023279820865476242,0,0.001
9190,0,0.42653764758266605,0.2576928992828536,0,-0.0063239416564562986,0.010388320419167103,0,1
9190,1,-0.42750871734973905,-0.26257814651018213,0,0.0063346691614262485,-0.010390414284843188,0,1
9190,2,0.971069768274893,4.8852472236408309,0,-0.010727504969200814,0.0020938656760352663,0,0.001
9200,0,0.35134402383515856,0.35289315565123885,0,-0.0086404757125027494,0.0085576987946328585,0,1
9200,1,-0.35220761040844201,-0.35779815702526835,0,0.0086512440806631348,-0.0085595552166959285,0,1
9200,2,0.86358657449243847,4.9050013703412692,0,-0.010768368159643641,0.001856422062993097,0,0.001
9210,0,0.25542901108767929,0.42716295433192297,0,-0.010447752576800877,0.0062228976504604067,0,1
9210,1,-0.25618472792458635,-0.43208531989314231,0,0.010458557473906826,-0.0062245136102401346,0,1
9210,2,0.75571683812330204,4.9223655575314069,0,-0.010804897105198946,0.0016159597796305673,0,0.001
9220,0,0.14444548019420861,0.47612651204518791,0,-0.011639293872336446,0.0035214425940739923,0,1
9220,1,-0.14509298185150568,-0.48106382486515581,0,0.01165013138312614,-0.0035228157769260984,0,1
9220,2,0.64750165852117936,4.9373128162785846,0,-0.010837510788944378,0.0013731828520001817,0,0.001
9230,0,0.024934146721829385,0.4968987088765926,0,-0.012144887060325739,0.00061246889046109973,0,1
9230,1,-0.025473125692422587,-0.50184853370504368,0,0.012155753470778545,-0.00061359798374132453,0,1
9230,2,0.53897897182463361,4.9498248247602268,0,-0.01086641045206653,0.0011290932801290572,0,0.001
9240,0,-0.09606170515131407,0.48825515869680464,0,-0.01193472839646675,-0.002332652435721551,0,1
9240,1,0.095631519130868328,-0.49321505277147915,0,0.011945619926040402,0.0023317676181852285,0,1
9240,2,0.43018602168453701,4.9598940709833181,0,-0.010891529572937136,0.00088481753622079106,0,0.001
9250,0,-0.21141116650108227,0.45070443438338337,0,-0.01102118385517474,-0.0051404128855831212,0,1
9250,1,0.2110900044570444,-0.45567195844701325,0,0.011032096397835062,0.0051397714877972431,0,1
9250,2,0.3211620452838484,4.9675240599374009,0,-0.010912542659631505,0.00064139778578304902,0,0.001
9260,0,-0.3143158465743196,0.38645816558232432,0,-0.0094580627473481605,-0.0076453924572424965,0,1
9260,1,0.31410389600467925,-0.39143089307953582,0,0.0094689916793710867,0.0076449928525084022,0,1
9260,2,0.21195057089267821,4.9727274935179082,0,-0.010928932022217921,0.00039960473400066528,0,0.001
9270,0,-0.39871043194724082,0.29930076387933857,0,-0.0073374468192569479,-0.0097000087212567743,0,1
9270,1,0.39860783110491599,-0.30427628677883428,0,0.0073483869097091033,0.0096998489014896907,0,1
9270,2,0.10260084358413948,4.9755228958022588,0,-0.010940090451407656,0.00015981976695679732,0,0.001
9280,0,-0.45962003969726312,0.19436646239996413,0,-0.0047842629147879494,-0.011183213154156813,0,1
9280,1,0.45962687152497556,-0.1993423929041461,0,0.0047952083438596183,0.011183291148362995,0,1
9280,2,-0.0068318264466187507,4.975930500487733,0,-0.010945429070863077,-7.7994206270755765e-05,0,0.001
9290,0,-0.49345330366707646,0.077836826416294039,0,-0.0019489206917192232,-0.012007622108207232,0,1
9290,1,0.49356959038316339,-0.082810794679449393,0,0.0019598651582177981,0.01200793635096736,0,1
9290,2,-0.11628671481280202,4.9739682594602703,0,-0.010944466497763936,-0.00031424276023903975,0,0.001
9300,0,-0.49821393509047379,-0.043423426163883873,0,0.0010015495491031124,-0.012124663139487091,0,1
9300,1,0.49843963417807546,0.038453777514763844,0,-0.00099061265936801709,0.012125212735154309,0,1
9300,2,-0.22569908631796939,4.9696486454239377,0,-0.01093688973428681,-0.00054959566733870334,0,0.001
9310,0,-0.47361831032885743,-0.16227083276686119,0,0.0038933364882241099,-0.011527434868173508,0,1
9310,1,0.47395331240073035,0.15730785610122805,0,-0.003882413899669303,0.01152821972152066,0,1
9310,2,-0.33500207057933173,4.9629766619363798,0,-0.010922588554004672,-0.00078485334720123279,0,0.001
9320,0,-0.42111217278688601,-0.27170400397639605,0,0.0065560858601313391,-0.010251113013546177,0,1
9320,1,0.42155630155901774,0.26675005471487051,0,-0.0065451841916828483,0.010252133815435587,0,1
9320,2,-0.44412877083045593,4.953949257828735,0,-0.010901668447724324,-0.0010208018894215943,0,0.001
9330,0,-0.34378546949216493,-0.36527607337890983,0,0.008832935050634717,-0.0083708789977196187,0,1
9330,1,0.34433848389709154,0.36033351717844952,0,-0.0088220606070356453,0.0083721370666172811,0,1
9330,2,-0.55301440361665555,4.9425561967632126,0,-0.010874443598340187,-0.0012580688976810176,0,0.001
9340,0,-0.24619033180851274,-0.43747449284420992,0,0.01058975413956862,-0.0059974925047633467,0,1
9340,1,0.24685193006208178,0.43254571052901292,0,-0.010578912734017716,0.0059989894981181896,0,1
9340,2,-0.66159825225054447,4.928782311499269,0,-0.010841405550126786,-0.0014969933548835983,0,0.001
9350,0,-0.13407290838532634,-0.4840458003920961,0,0.011723049287475033,-0.0032707675580545708,0,1
9350,1,0.13484273354329429,0.47913318947893374,0,-0.011712246126597959,0.0032725050875736243,0,1
9350,2,-0.76982515664158291,4.9126109094643269,0,-0.010803160876352306,-0.0017375295191085244,0,0.001
9360,0,-0.014034835695492453,-0.50224621656253277,0,0.012166062129410711,-0.00035133524756852832,0,1
9360,1,0.014912481912013891,0.4973521886991269,0,-0.012155301792740455,0.00035331445890146579,0,1
9360,2,-0.87764621518787467,4.8940278597060516,0,-0.010760336669579094,-0.0019792113330015936,0,0.001
9370,0,0.10685571162416967,-0.49100328619007449,0,0.011892704334790498,0.0025888220274631005,0,1
9370,1,-0.10587069319730666,0.48613026055534247,0,-0.011881990868533745,-0.0025866008269289672,0,1
9370,2,-0.98501842552324725,4.8730256310321147,0,-0.010713466256157321,-0.0022212005341962675,0,0.001
9380,0,0.22148046193099399,-0.45097902482995789,0,0.010919093976213564,0.0053765063497003317,0,1
9380,1,-0.22038855873672447,0.44612941842359471,0,-0.010908431093758201,-0.0053740439274400278,0,1
9380,2,-1.0919031929244285,4.8496064026621841,0,-0.010662882454801799,-0.0024624222603584107,0,0.001
9390,0,0.3230904188249919,-0.38453084525481718,0,0.0093026024726401875,0.0078475111569540571,0,1
9390,1,-0.32189215487756473,0.3797070617706072,0,-0.0092919938219187762,-0.0078448093956973823,0,1
9390,2,-1.198263946077502,4.8237834805086628,0,-0.010608650720822071,-0.0027017612567342341,0,0.001
9400,0,0.40570343104556955,-0.29557258177783857,0,0.0071384689540591505,0.0098562958189527556,0,1
9400,1,-0.40439936766542617,0.29077700111417887,0,-0.0071279183911664079,-0.0098533575523364041,0,1
9400,2,-1.3040633787882943,4.7955806599564763,0,-0.010550562892159819,-0.0029382666165390829,0,0.001
9410,0,0.46445652505528284,-0.18934383312239131,0,0.004554183533548248,0.011284556701456137,0,1
9410,1,-0.4630472641201161,0.18457880338528221,0,-0.0045436953439362835,-0.011281385391345553,0,1
9410,2,-1.4092609338059563,4.7650297334033347,0,-0.010488189611397795,-0.0031713101107029864,0,0.001
9420,0,0.49589225423421718,-0.072101250947187751,0,0.001701972944152396,0.012048190071954654,0,1
9420,1,-0.49437844321213414,0.06736908414321667,0,-0.0016915519738848136,-0.012044789407678048,0,1
9420,2,-1.5138110207164295,4.7321668002642845,0,-0.010420970267031418,-0.0034006642766436987,0,0.001
9430,0,0.49816222941611965,0.049250011821847253,0,-0.0012501668065186353,0.012102238556511243,0,1
9430,1,-0.49654456720584222,-0.053947040048978483,0,0.0012605151205255481,-0.012098612059780788,0,1
9430,2,-1.6176622089052628,4.6970282234239402,0,-0.010348314006357016,-0.0036264967305080892,0,0.001
9440,0,0.47113588714034144,0.16756297792529673,0,-0.0041283620294867221,0.011443532575238896,0,1
9440,1,-0.46941512973699423,-0.17222262491877674,0,0.0041386317223022391,-0.011439683276137449,0,1
9440,2,-1.7207574019671159,4.6596469897724724,0,-0.010269692814968872,-0.0038492991014531189,0,0.001
9450,0,0.41640813003154514,0.27586971536690241,0,-0.0067630958164384362,0.010110873787299184,0,1
9450,1,-0.41458509516341668,-0.28048976537459214,0,0.006773280535274661,-0.01010680401190308,0,1
9450,2,-1.8230348667430778,4.6200500039826036,0,-0.010184718835672879,-0.0040697753960631973,0,0.001
9460,0,0.33720541038319124,0.36779165188939039,0,-0.0089991851507717404,0.0081827511363881632,0,1
9460,1,-0.33528098043041998,-0.37236990850777762,0,0.0090092783556204106,-0.0081784624265364998,0,1
9460,2,-1.9244299513806726,4.5782566146795709,0,-0.010093204848124255,-0.0042887098516649538,0,0.001
9470,0,0.23819578097760191,0.43791521344210477,0,-0.010704915985043029,0.0057727236237640556,0,1
9470,1,-0.23617090365675145,-0.44244949195401878,0,0.010714911191421796,-0.0057682167964235821,0,1
9470,2,-2.024877319454204,4.5342785082059951,0,-0.0099952063781628044,-0.00450682734047085,0,0.001
9480,0,0.12521406667545976,0.48211069537225387,0,-0.011779800446684047,0.003022739678329044,0,1
9480,1,-0.12308975318711339,-0.48659881636749835,0,0.011789691485144527,-0.0030180150211997175,0,1
9480,2,-2.1243134869447409,4.4881209915375857,0,-0.0098910384598760847,-0.0047246571293023286,0,0.001
9490,0,0.0049182951025728778,0.49777559229945062,0,-0.012160499869452161,9.4783593611384945e-05,0,1
9490,1,-0.0026956157509149367,-0.50221537786292536,0,0.012170281124322235,-8.9841178153680741e-05,0,1
9490,2,-2.2226793502500182,4.4397855597690628,0,-0.0097812548694762649,-0.0049424154576873111,0,0.001
9500,0,-0.11560242279718694,0.48398803183412425,0,-0.011824563480499666,-0.0028386617600303695,0,1
9500,1,0.11792234506895655,-0.48837730528613849,0,0.011834230059467354,0.0028438216905550587,0,1
9500,2,-2.3199222703555225,4.3892734483098907,0,-0.0096665789670352543,-0.0051599305246752859,0,0.001
9510,0,-0.22924549101492006,0.44156122975513507,0,-0.01079175978012978,-0.0056047757155822074,0,1
9510,1,0.23166148823654123,-0.44589781936838729,0,0.010801307567335949,0.0056101523522997798,0,1
9510,2,-2.4159972202006901,4.3365896095475636,0,-0.0095477872055886297,-0.0053766367175808287,0,0.001
9520,0,-0.32931330292092503,0.37299570832537515,0,-0.0091229190402249017,-0.0080405852110605278,0,1
9520,1,0.33182416953133781,-0.37727745465354334,0,0.0091323446064247148,0.0080461768653780092,0,1
9520,2,-2.5108666089859106,4.2817463244637342,0,-0.0094255661992216425,-0.0055916543175046473,0,0.001
9530,0,-0.40990790936272703,0.28233205439697634,0,-0.0069163527860367181,-0.010002572746402654,0,1
9530,1,0.41251240806214406,-0.28655682001718741,0,0.0069256531669351484,0.010008376691538151,0,1
9530,2,-2.6044986979830989,4.2247656165080851,0,-0.0093003808977792767,-0.0058039451355006294,0,0.001
9540,0,-0.46627858518041115,0.1749128787901954,0,-0.0043020605806844883,-0.011375138003478365,0,1
9540,1,0.46897545009996877,-0.17907855867551614,0,0.0043112329727957961,0.011381150508755558,0,1
9540,2,-2.6968649181162268,4.1656798816182716,0,-0.0091723921106871224,-0.0060125052771860844,0,0.001
9550,0,-0.49510177703777603,0.057068015335253235,0,-0.0014340666237498906,-0.012077412152861849,0,1
9550,1,0.49788971374370428,-0.061172545966057187,0,0.0014431080673331779,0.012083628694698499,0,1
9550,2,-2.7879367044800163,4.1045306271007096,0,-0.0090414435826755898,-0.0062165418366893297,0,0.001
9560,0,-0.49467691784700479,-0.064258461278105167,0,0.0015186599917490656,-0.012068022271164902,0,1
9560,1,0.4975546003853103,0.060217095560235037,0,-0.0015097528783868813,0.012074437861350288,0,1
9560,2,-2.8776825368512471,4.0413657141662771,0,-0.0089071133615820919,-0.006415590185447846,0,0.001
9570,0,-0.46502657448278123,-0.18191738911347974,0,0.0043821640381098738,-0.011347525698969995,0,1
9570,1,0.46799264020875941,0.17794115330166618,0,-0.0043733952312128409,0.011354135253645212,0,1
9570,2,-2.9660657245189843,3.9762358081088958,0,-0.00876880689644053,-0.0066095546752920047,0,0.001
9580,0,-0.40789505149764854,-0.28897571513323822,0,0.0069877537657443423,-0.0099583726389693306,0,1
9580,1,0.41094809472365235,0.28506652435125029,0,-0.0069791278987873535,0.0099651713197962295,0,1
9580,2,-3.0530432245388712,3.9091907782822122,0,-0.0086258669564013481,-0.0067986808270371355,0,0.001
9590,0,-0.32664556353044366,-0.37912491503274531,0,0.009181937471144817,-0.0079824012323510569,0,1
9590,1,0.32978412909985128,0.37528463839466675,0,-0.0091734597878611671,0.0079893847119286952,0,1
9590,2,-3.1385655679369253,3.8402766343720458,0,-0.0084776832831229779,-0.0069834795777831242,0,0.001
9600,0,-0.22606205895846085,-0.4470525887687552,0,0.010835462762262445,-0.0055360141569556747,0,1
9600,1,0.22928463680369021,0.44328305539087054,0,-0.01082713896867115,0.0055431787805153253,0,1
9600,2,-3.2225778437532604,3.7695333741760311,0,-0.008323793590797008,-0.007164623559777537,0,0.001
9610,0,-0.11206737994608303,-0.4887553626964859,0,0.011850927657790843,-0.0027633212866787827,0,1
9610,1,0.11537240157614709,0.48505836874262531,0,-0.01184276368711556,0.0027706641154064695,0,1
9610,2,-3.3050216285821192,3.696993950150226,0,-0.0081639706747479168,-0.0073428287278026385,0,0.001
9620,0,0.0086256430091351359,-0.50177468510936729,0,0.012168516518618491,0.00017234832110259898,0,1
9620,1,-0.0052398053235788019,0.49815200064826215,0,-0.01216051823172066,-0.00016482959136334636,0,1
9620,2,-3.3858376840687181,3.6226844573944716,0,-0.0079982868972076834,-0.0075187297393708805,0,0.001
9630,0,0.1289096227418671,-0.48534163369960559,0,0.011769523398187192,0.003098066397178619,0,1
9630,1,-0.1254446536156045,0.48179500813527659,0,-0.01176169625743752,-0.003090373638272176,0,1
9630,2,-3.4649691247689685,3.5466255606164001,0,-0.0078271407490686853,-0.0076927589065587509,0,0.001
9640,0,0.24170129277734986,-0.44042220036961049,0,0.010677454705110553,0.0058414918737382431,0,1
9640,1,-0.23815892819103227,0.43695336532039136,0,-0.010669803477866861,-0.005833626827716429,0,1
9640,2,-3.5423645848179741,3.4688350455050734,0,-0.0076512272430366724,-0.007865046021891706,0,0.001
9650,0,0.34035877113966151,-0.36966037326597012,0,0.0089566450023617974,0.0082410240633514174,0,1
9650,1,-0.3367407903811892,0.36627104209793199,0,-0.0089491735607633831,-0.0082329886991454326,0,1
9650,2,-3.6179807569659852,3.3893311643244117,0,-0.0074714415977505206,-0.0080353642061011515,0,0.001
9660,0,0.41907282211088598,-0.2772223579006815,0,0.0067084663365400889,0.010155323831565031,0,1
9660,1,-0.415381038444463,0.27391422170863383,0,-0.0067011776105439591,-0.010147120685748526,0,1
9660,2,-3.6917836649089759,3.3081361883329188,0,-0.007288725995414619,-0.0082031458166036738,0,0.001
9670,0,0.47320905133053026,-0.16855111378129309,0,0.0040653540810476358,0.011471640488464259,0,1
9670,1,-0.46944530307479365,0.16532583436898993,0,-0.0040582501870009583,-0.011463272912474709,0,1
9670,2,-3.7637482542165168,3.2252794085874252,0,-0.0071038940459864286,-0.0083675759895365954,0,0.001
9680,0,0.4995808627327471,-0.050045680579117832,0,0.0011830020792246076,0.012112452538961841,0,1
9680,1,-0.49574700641330433,0.046904881691722633,0,-0.0011760845978835595,-0.012103924794829893,0,1
9680,2,-3.8338563179162608,3.1407988836794765,0,-0.0069174813403490428,-0.0085277441319459354,0,0.001
9690,0,0.49663709795982486,0.071315792241378656,0,-0.0017688114200961535,0.01204003067990541,0,1
9690,1,-0.49273500472412857,-0.07437053379854193,0,0.0017755410822545197,-0.012031347868653276,0,1
9690,2,-3.9020932341614851,3.0547415534471507,0,-0.0067296621576705996,-0.0086828112522073543,0,0.001
9700,0,0.46455332287951517,0.18838708457483172,0,-0.0046162248797503866,0.011258655176990597,0,1
9700,1,-0.46058487860427838,-0.19135424637149087,0,0.0046227651263870398,-0.011249823028986625,0,1
9700,2,-3.9684442736956602,2.9671617929430063,0,-0.0065402466359389478,-0.0088321480039769869,0,0.001
9710,0,0.40522141502727044,0.29427479409865831,0,-0.0071915317177321221,0.0098143589992230242,0,1
9710,1,-0.40118852378721515,-0.2971529129623971,0,0.0071978804639098995,-0.00980538358397153,0,1
9710,2,-4.0328912385072728,2.8781188600219298,0,-0.006348746177032738,-0.0089754152515089756,0,0.001
9720,0,0.32213809723479864,0.38274429613293937,0,-0.0093430532678089873,0.0077922140458681786,0,1
9720,1,-0.31804268724288903,-0.38553196998799866,0,0.0093492077493170702,-0.0077831014629937273,0,1
9720,2,-4.0954099903537422,2.7876738513430763,0,-0.0061544815073055646,-0.0091125828744395686,0,0.001
9730,0,0.22019900145235582,0.4485868952497043,0,-0.010944066897787966,0.0053113217164211133,0,1
9730,1,-0.21604303228143271,-0.45128278198406963,0,0.010950023607032617,-0.0053020778170972168,0,1
9730,2,-4.1559691693595884,2.695886730648843,0,-0.0059567092439653385,-0.0092438993239126951,0,0.001
9740,0,0.10541038779406278,0.48792658170906833,0,-0.011900265948426532,0.0025178027908098928,0,1
9740,1,-0.1011958575911114,-0.49052939554907971,0,0.01190602069955931,-0.0025084329619824161,0,1
9740,2,-4.2145302013820771,2.6028138362951481,0,-0.0057547511321775699,-0.009369828827493638,0,0.001
9750,0,-0.015464529883257331,0.49844835406963089,0,-0.012155314165511624,-0.00042380215390988379,0,1
9750,1,0.019735578455041453,-0.50095686019713481,0,0.012160862281878232,0.00043329312259216576,0,1
9750,2,-4.2710485702087171,2.508506123786618,0,-0.0055481163659715938,-0.009490968682294423,0,0.001
9760,0,-0.13530386330982455,0.47953466658731209,0,-0.011694168176339576,-0.0033402179621550079,0,1
9760,1,0.13962933955016707,-0.48194767489838192,0,0.011699504783348667,0.0033498259149725785,0,1
9760,2,-4.3254762387605945,2.4130083073530204,0,-0.0053366070084869361,-0.0096079528175924845,0,0.001
9770,0,-0.24704651663868962,0.43230194359861979,0,-0.010543971274282214,-0.0060596379942291804,0,1
9770,1,0.25142428161631297,-0.43461830262060303,0,0.010549091664681983,0.0060693593399962298,0,1
9770,2,-4.37776497603602,2.3163590182660863,0,-0.0051203903993009559,-0.0097213457670969998,0,0.001
9780,0,-0.34410815712283638,0.35953496666138263,0,-0.0087724633480682056,-0.0084218457655664096,0,1
9780,1,0.34853602727564287,-0.3617535587025934,0,0.0087773633643297745,0.0084316773016445013,0,1
9780,2,-4.427870151215048,2.2185920374922774,0,-0.0049000162611685513,-0.0098315360781067521,0,0.001
9790,0,-0.42076918279216302,0.2655229478843486,0,-0.0064839974955266952,-0.010287658787264939,0,1
9790,1,0.42524493712778233,-0.26764268641125633,0,0.0064886738539433782,0.010297597435136759,0,1
9790,2,-4.4757543340239652,2.1197385231883303,0,-0.004676358416257494,-0.0099386478718096263,0,0.001
9800,0,-0.47251180048552621,0.15580690500767716,0,-0.0038133954238510417,-0.011547136311054288,0,1
9800,1,0.47703319039764741,-0.15782673493628063,0,0.0038178459016030676,0.011557178807366382,0,1
9800,2,-4.5213899105218838,2.0198299248853089,0,-0.0044504777516154413,-0.010042496311946682,0,0.001
9810,0,-0.49628630728485645,0.036853205362649251,0,-0.00091800266312202432,-0.012126064325892449,0,1
9810,1,0.50085106731192286,-0.038772106396347983,0,0.00092222609426272735,0.012136206933817376,0,1
9810,2,-4.5647600254637908,1.9189010299816827,0,-0.0042234311403179896,-0.010142607924820714,0,0.001
9820,0,-0.49069083960319704,-0.084327472644617846,0,0.0020315873140610697,-0.011990332711026425,0,1
9820,1,0.49529669714828012,0.082510480174925419,0,-0.0020275912383885676,0.012000571018250377,0,1
9820,2,-4.6058575434773497,1.8169924659764995,0,-0.0039960756721108175,-0.010238307223861758,0,0.001
9830,0,-0.45605397103591255,-0.20059327147755313,0,0.0048615909844422021,-0.01114794493484326,0,1
9830,1,0.46069865329549775,0.19887911938001435,0,-0.0048578220625564569,0.01115827378105504,0,1
9830,2,-4.6446822579762932,1.7141520938243588,0,-0.0037689218853300152,-0.010328846211730247,0,0.001
9840,0,-0.39441529306191564,-0.30509199229310596,0,0.0074052790644295752,-0.0096485421244100946,0,1
9840,1,0.39909653009441509,0.30348155724042042,0,-0.0074017369946416025,0.0096589556632117497,0,1
9840,2,-4.6812370308851943,1.6104350489719124,0,-0.0035420697875616636,-0.010413538801640521,0,0.001
9850,0,-0.30940515049633999,-0.3916648086163228,0,0.0095128014032893372,-0.0075804715151217483,0,1
9850,1,0.31412067422884093,0.3901589060526332,0,-0.0095094861726502874,0.0075909633816455555,0,1
9850,2,-4.715523730881876,1.5059025599758862,0,-0.0033152306386250688,-0.010491866523842982,0,0.001
9860,0,-0.20603065967370007,-0.45520905946048396,0,0.011060013023580346,-0.0050655747834075669,0,1
9860,1,0.21077819941438819,0.45380843952780275,0,-0.011056925209398882,0.0050761383228462107,0,1
9860,2,-4.7475397390652221,1.4006199289659682,0,-0.0030878141810286716,-0.010563539438693868,0,0.001
9870,0,-0.090380656067337667,-0.49197876345637054,0,0.011955782420257688,-0.0022520057595989984,0,1
9870,1,0.095157931608229857,0.49068410932759576,0,-0.011952923366271675,0.002262634273604337,0,1
9870,2,-4.7772755392650472,1.2946541250591865,0,-0.0028590539855951522,-0.010628514005379027,0,0.001
9880,0,0.030733022957771479,-0.49980518360805382,0,0.012147353765513728,0.000694498115187954,0,1
9880,1,-0.025928309299406566,0.49861711223372468,0,-0.012144725616690284,-0.00068381113657877562,0,1
9880,2,-4.8047136567335409,1.1880713706128574,0,-0.0026281488230212135,-0.010686978609226032,0,0.001
9890,0,0.15017678750943317,-0.47822448695165531,0,0.011623449473076893,0.0036003766753778458,0,1
9890,1,-0.14534695847854182,0.47714355195743152,0,-0.011621055067189216,-0.0035896373587269016,0,1
9890,2,-4.8298290292557171,1.0809349905070809,0,-0.0023944058872463103,-0.010739316651016141,0,0.001
9900,0,0.26091545862335624,-0.42850500691562121,0,0.0104149319382875,0.0062944667681317694,0,1
9900,1,-0.25606286784761401,0.42753170318868572,0,-0.010412774563536136,-0.00628368071687438,0,1
9900,2,-4.8525907741029188,0.97330372321755165,0,-0.0021573747510021724,-0.010786051257465764,0,0.001
9910,0,0.35642662325773627,-0.35357251221793118,0,0.0085929857804352867,0.0086180808016161729,0,1
9910,1,-0.35155365806776995,0.35270728153523839,0,-0.0085910688234995918,-0.0086072530307190424,0,1
9910,2,-4.8729651883233949,0.86523067897387274,0,-0.001916956935301264,-0.010827770897223272,0,0.001
9920,0,0.43108479707427844,-0.25783787581993878,0,0.0062649267414327499,0.010434351983992464,0,1
9920,1,-0.42619387744166076,0.25708111267824285,0,-0.0062632532730299622,-0.010423486947656546,0,1
9920,2,-4.8909196309708474,0.75676313797499883,0,-0.0016734684023694099,-0.010865036336049013,0,0.001
9930,0,0.48049277657970968,-0.14693727588008121,0,0.0035678825382110756,0.011636296284467705,0,1
9930,1,-0.47558634989224341,0.14628933253666648,0,-0.0035664549089976494,-0.01162539800646665,0,1
9930,2,-4.906426685815628,0.6479433396931038,0,-0.0014276292130220416,-0.01089827800114531,0,0.001
9940,0,0.50174065744032681,-0.027400213844054281,0,0.00066071650764227641,0.012153115565550278,0,1
9940,1,-0.49682118965537353,0.02686140357811265,0,-0.00065953604274248388,-0.012142187860507778,0,1
9940,2,-4.9194677832988329,0.53881026221914163,0,-0.0011804648994028541,-0.010927705042627547,0,0.001
9950,0,0.49357724683103937,0.09373510250123529,0,-0.0022853306945312202,0.011954369229601951,0,1
9950,1,-0.48864721140457984,-0.094164504640643978,0,0.0022862638245232185,-0.0119434159756309,0,1
9950,2,-4.9300354247999421,0.42940213568516572,0,-0.00093312999161121696,-0.010953253971161933,0,0.001
9960,0,0.45648375911208217,0.20933634891180253,0,-0.0050967294318656669,0.011051767408493264,0,1
9960,1,-0.45154562569597928,-0.20965610809521912,0,0.0050974161268610022,-0.011040792811368969,0,1
9960,2,-4.9381334144389193,0.31975917969215906,0,-0.00068669499491247387,-0.010974597124428991,0,0.001
9970,0,0.3926454508305498,0.31259721146005354,0,-0.007607883845698645,0.0094984797251006208,0,1
9970,1,-0.38770167580907228,-0.31280713741317978,0,0.0076083258006380298,-0.009487488514774085,0,1
9970,2,-4.9437750198087311,0.20992594939966949,0,-0.00044195493894685293,-0.010991210326682196,0,0.001
9980,0,0.30582287658779977,0.39743829036839196,0,-0.0096708856467930815,0.0073860011450832081,0,1
9980,1,-0.30087589704598622,-0.39753824316820702,0,0.009671084955194002,-0.0073749986677617754,0,1
9980,2,-4.9469795401398962,0.099952796087922999,0,-0.00019930840049415236,-0.011002477321620916,0,0.001
9990,0,0.20113036812030011,0.45886516560481794,0,-0.011164224112289059,0.00483876105619023,0,1
9990,1,-0.1961826000043394,-0.45885506183972885,0,0.011164182839321333,-0.0048277532566055282,0,1
9990,2,-4.9477681142826135,-0.010103768818080797,0,4.1272968154524541e-05,-0.011007799584893938,0,0.001
10000,0,0.084854797643033636,0.4932424650753186,0,-0.011999452713853309,0.0020097140964687103,0,1
10000,1,-0.079908635195218736,-0.49312239341880076,0,0.011999172758059692,-0.0019987074049280938,0,1
10000,2,-4.9461624461327443,-0.12007166024828268,0,0.00027995579398460465,-0.011006691540820374,0,0.001
