time,total_energy,kinetic_energy,potential_energy,linear_momentum,angular_momentum,com_drift,shadow_energy,timestep
0,-1.7486650806657257e-07,1.7409043600922275e-07,-3.4895694407579532e-07,2.5410988501774172e-21,3.1538464306275795e-05,4.3303132281776875e-19,-1.7486646541240866e-07,0.025000000000000001
0.25,-1.7486650819688149e-07,1.7409044035556098e-07,-3.4895694855244247e-07,2.5410989763951587e-21,3.1538464272825841e-05,6.4954698301677763e-19,-1.7486646554277942e-07,0.025000000000000001
0.5,-1.7486650854362139e-07,1.7409045211235904e-07,-3.4895696065598044e-07,5.082201991756333e-21,3.1538464239338366e-05,4.3303132201118505e-19,-1.7486646588968414e-07,0.025000000000000001
0.75,-1.7486650910708891e-07,1.7409047127949219e-07,-3.489569803865811e-07,1.6940860892274052e-21,3.1538464205791518e-05,2.1651731288269115e-19,-1.7486646645341948e-07,0.025000000000000001
1,-1.7486650988727643e-07,1.7409049785699656e-07,-3.4895700774427299e-07,4.2351699061471745e-21,3.153846417218596e-05,4.330346257653823e-19,-1.7486646723397784e-07,0.025000000000000001
1.25,-1.7486651088417764e-07,1.7409053184491866e-07,-3.489570427290963e-07,5.0822504590981549e-21,3.1538464138521767e-05,4.330346257653823e-19,-1.7486646823135289e-07,0.025000000000000001
1.5,-1.748665120977785e-07,1.7409057324332171e-07,-3.489570853411002e-07,2.5415210134646249e-21,3.153846410479959e-05,6.4955579300183151e-19,-1.7486646944553055e-07,0.025000000000000001
1.75,-1.7486651352806541e-07,1.7409062205227858e-07,-3.4895713558034399e-07,4.235293981270121e-21,3.1538464071019699e-05,4.330346257653823e-19,-1.7486647087649729e-07,0.025000000000000001
2,-1.7486651517502182e-07,1.7409067827187594e-07,-3.4895719344689776e-07,4.2351854157363288e-21,3.1538464037182684e-05,4.330346257653823e-19,-1.7486647252423646e-07,0.025000000000000001
2.25,-1.7486651703862877e-07,1.7409074190221252e-07,-3.4895725894084129e-07,4.2354180527583292e-21,3.1538464003288756e-05,6.4955579300183151e-19,-1.7486647438872917e-07,0.025000000000000001
2.5,-1.7486651911886403e-07,1.7409081294339954e-07,-3.4895733206226357e-07,3.3884484292995221e-21,3.1538463969338625e-05,6.4954918552424341e-19,-1.7486647646995313e-07,0.025000000000000001
2.75,-1.7486652141570427e-07,1.7409089139555948e-07,-3.4895741281126376e-07,4.235293981270121e-21,3.1538463935332339e-05,2.1662135574510998e-19,-1.7486647876788504e-07,0.025000000000000001
3,-1.748665239291216e-07,1.7409097725882777e-07,-3.4895750118794937e-07,2.5411074582130065e-21,3.1538463901270447e-05,4.3303132201118505e-19,-1.7486648128249695e-07,0.025000000000000001
3.25,-1.7486652665908648e-07,1.7409107053335003e-07,-3.489575971924365e-07,2.5412367014587445e-21,3.1538463867153709e-05,6.4954698301677763e-19,-1.7486648401375932e-07,0.025000000000000001
3.5,-1.7486652960556703e-07,1.7409117121928297e-07,-3.4895770082484999e-07,2.5427871080180399e-21,3.153846383298238e-05,6.4958222224007853e-19,-1.7486648696164031e-07,0.025000000000000001
3.75,-1.7486653276853051e-07,1.7409127931679268e-07,-3.4895781208532319e-07,5.0823527775241452e-21,3.1538463798756699e-05,2.1654208952702212e-19,-1.7486649012610709e-07,0.025000000000000001
4,-1.7486653614793847e-07,1.7409139482605765e-07,-3.4895793097399612e-07,4.2364880185210313e-21,3.1538463764477405e-05,4.3304453687674531e-19,-1.7486649350712123e-07,0.025000000000000001
4.25,-1.748665397437517e-07,1.7409151774726416e-07,-3.4895805749101586e-07,4.2364880185210313e-21,3.1538463730144889e-05,4.3303132201118505e-19,-1.7486649710464351e-07,0.025000000000000001
4.5,-1.7486654355592761e-07,1.7409164808060931e-07,-3.4895819163653692e-07,2.5411333073880239e-21,3.15384636957596e-05,2.1654208952702212e-19,-1.7486650091863128e-07,0.025000000000000001
4.75,-1.7486654758442348e-07,1.7409178582629603e-07,-3.4895833341071951e-07,2.5427871080180399e-21,3.1538463661322032e-05,6.4955579300183151e-19,-1.7486650494904187e-07,0.025000000000000001
5,-1.7486655182919111e-07,1.7409193098453822e-07,-3.4895848281372933e-07,4.2361779113313512e-21,3.1538463626832586e-05,6.4958222224007853e-19,-1.7486650919582697e-07,0.025000000000000001
5.25,-1.7486655629018057e-07,1.7409208355555658e-07,-3.4895863984573715e-07,2.5411333073880239e-21,3.153846359229191e-05,4.3304453687674531e-19,-1.7486651365893669e-07,0.025000000000000001
5.5,-1.7486656096734084e-07,1.7409224353957733e-07,-3.4895880450691817e-07,3.3887779622527521e-21,3.1538463557700372e-05,4.3303132201118505e-19,-1.7486651833831997e-07,0.025000000000000001
5.75,-1.7486656586061587e-07,1.740924109368357e-07,-3.4895897679745157e-07,4.2361779113313512e-21,3.1538463523058595e-05,6.4955579300183151e-19,-1.7486652323392074e-07,0.025000000000000001
6,-1.748665709699495e-07,1.7409258574757024e-07,-3.4895915671751974e-07,2.5423393099069641e-21,3.1538463488366998e-05,2.1693813098976394e-19,-1.7486652834568281e-07,0.025000000000000001
6.25,-1.7486657629528262e-07,1.7409276797202491e-07,-3.4895934426730753e-07,5.0828180311245148e-21,3.1538463453626105e-05,6.4954698301677763e-19,-1.7486653367354702e-07,0.025000000000000001
6.5,-1.7486658183655209e-07,1.7409295761044899e-07,-3.4895953944700109e-07,3.3881317890172014e-21,3.1538463418836408e-05,2.1693813098976394e-19,-1.7486653921745027e-07,0.025000000000000001
6.75,-1.7486658759369353e-07,1.7409315466309429e-07,-3.4895974225678782e-07,2.5478451946664096e-21,3.1538463383998499e-05,4.3324271149021996e-19,-1.7486654497732804e-07,0.025000000000000001
7,-1.7486659356664043e-07,1.7409335913021596e-07,-3.489599526968564e-07,3.3907157431068975e-21,3.1538463349112844e-05,6.4954698301677763e-19,-1.7486655095311391e-07,0.025000000000000001
7.25,-1.7486659975532276e-07,1.740935710120711e-07,-3.4896017076739385e-07,2.5416502356810243e-21,3.1538463314179999e-05,6.4958222224007853e-19,-1.7486655714473772e-07,0.025000000000000001
7.5,-1.748666061596674e-07,1.7409379030891866e-07,-3.4896039646858607e-07,1.6942726770415048e-21,3.1538463279200588e-05,2.1693813098976394e-19,-1.7486656355212639e-07,0.025000000000000001
7.75,-1.7486661277960086e-07,1.7409401702101661e-07,-3.4896062980061748e-07,5.082197683525802e-21,3.1538463244175016e-05,4.3308417905404425e-19,-1.7486657017520633e-07,0.025000000000000001
8,-1.748666196150461e-07,1.7409425114862245e-07,-3.4896087076366855e-07,4.2352474535249794e-21,3.1538463209103854e-05,6.4958222224007853e-19,-1.7486657701390053e-07,0.025000000000000001
8.25,-1.7486662666592171e-07,1.7409449269199498e-07,-3.4896111935791669e-07,2.5423393099069641e-21,3.1538463173987766e-05,6.4968792844167982e-19,-1.748665840681275e-07,0.025000000000000001
8.5,-1.7486663393214665e-07,1.7409474165138746e-07,-3.4896137558353411e-07,5.0822666147760477e-21,3.1538463138827252e-05,6.4958222224007853e-19,-1.7486659133780616e-07,0.025000000000000001
8.75,-1.7486664141363604e-07,1.7409499802705126e-07,-3.489616394406873e-07,1.6942726770415048e-21,3.1538463103622896e-05,4.3303132201118505e-19,-1.7486659882285164e-07,0.025000000000000001
9,-1.7486664911030304e-07,1.7409526181923364e-07,-3.4896191092953667e-07,3.3882351850160968e-21,3.1538463068375185e-05,4.3303132201118505e-19,-1.7486660652317699e-07,0.025000000000000001
9.25,-1.7486665702205751e-07,1.7409553302817676e-07,-3.4896219005023427e-07,2.5433037001749034e-21,3.153846303308475e-05,4.3308417905404425e-19,-1.7486661443869208e-07,0.025000000000000001
9.5,-1.748666651488076e-07,1.7409581165411648e-07,-3.4896247680292408e-07,3.3885453540830096e-21,3.1538462997752166e-05,6.4968792844167982e-19,-1.7486662256930501e-07,0.025000000000000001
9.75,-1.7486667349045741e-07,1.7409609769728153e-07,-3.4896277118773894e-07,4.2354955955928353e-21,3.1538462962378105e-05,4.3308417905404425e-19,-1.7486663091491984e-07,0.025000000000000001
10,-1.7486668204691103e-07,1.7409639115789249e-07,-3.4896307320480351e-07,3.3885453540830096e-21,3.1538462926963007e-05,6.4968792844167982e-19,-1.7486663947544056e-07,0.025000000000000001
10.25,-1.7486669081806719e-07,1.7409669203616094e-07,-3.4896338285422813e-07,3.3931944878130488e-21,3.1538462891507631e-05,2.1662135574510998e-19,-1.7486664825076595e-07,0.025000000000000001
10.5,-1.7486669980382558e-07,1.7409700033228679e-07,-3.4896370013611237e-07,5.0855742160360797e-21,3.1538462856012431e-05,4.3308417905404425e-19,-1.7486665724079558e-07,0.025000000000000001
10.75,-1.7486670900408045e-07,1.7409731604645958e-07,-3.4896402505054003e-07,2.5416502356810243e-21,3.1538462820478091e-05,6.4968792844167982e-19,-1.7486666644542369e-07,0.025000000000000001
11,-1.74866718418725e-07,1.7409763917885632e-07,-3.4896435759758132e-07,1.6959260296447742e-21,3.1538462784905194e-05,4.3303132201118505e-19,-1.7486667586454341e-07,0.025000000000000001
11.25,-1.7486672804764906e-07,1.7409796972963984e-07,-3.489646977772889e-07,4.2359091334030199e-21,3.153846274929435e-05,4.3324271149021996e-19,-1.7486668549804452e-07,0.025000000000000001
11.5,-1.7486673789074075e-07,1.7409830769895841e-07,-3.4896504558969916e-07,4.2354955955928353e-21,3.1538462713646182e-05,4.3303132201118505e-19,-1.7486669534581508e-07,0.025000000000000001
11.75,-1.7486674794788623e-07,1.7409865308694326e-07,-3.4896540103482949e-07,4.2392159836146139e-21,3.1538462677961253e-05,6.4986406723532991e-19,-1.7486670540774124e-07,0.025000000000000001
12,-1.7486675821896728e-07,1.7409900589370962e-07,-3.489657641126769e-07,1.6992279087106844e-21,3.1538462642240309e-05,6.4954698301677763e-19,-1.7486671568370469e-07,0.025000000000000001
12.25,-1.748667687038644e-07,1.7409936611935388e-07,-3.4896613482321828e-07,1.7072494855162848e-21,3.1538462606483904e-05,2.1651566100559253e-19,-1.7486672617358589e-07,0.025000000000000001
12.5,-1.7486677940245684e-07,1.7409973376395065e-07,-3.4896651316640749e-07,3.3964966667956642e-21,3.1538462570692635e-05,4.3324271149021996e-19,-1.7486673687726402e-07,0.025000000000000001
12.75,-1.748667903146192e-07,1.7410010882755672e-07,-3.4896689914217592e-07,2.5416502356810243e-21,3.153846253486716e-05,2.1693813098976394e-19,-1.7486674779461363e-07,0.025000000000000001
13,-1.7486680144022337e-07,1.7410049131020542e-07,-3.4896729275042879e-07,2.5433037001749034e-21,3.153846249900825e-05,4.3324271149021996e-19,-1.7486675892550658e-07,0.025000000000000001
13.25,-1.7486681277914077e-07,1.741008812119058e-07,-3.4896769399104658e-07,1.73412413178557e-21,3.1538462463116469e-05,4.3303132201118505e-19,-1.7486677026981421e-07,0.025000000000000001
13.5,-1.7486682433124033e-07,1.7410127853264109e-07,-3.4896810286388142e-07,2.5416502356810243e-21,3.1538462427192379e-05,6.5011058137271634e-19,-1.7486678182740534e-07,0.025000000000000001
13.75,-1.7486683609638673e-07,1.7410168327237114e-07,-3.4896851936875787e-07,4.2381415403116855e-21,3.1538462391236718e-05,4.3387626197952788e-19,-1.7486679359814464e-07,0.025000000000000001
14,-1.7486684807444298e-07,1.741020954310268e-07,-3.4896894350546978e-07,3.3885453540830096e-21,3.1538462355250178e-05,4.3387626197952788e-19,-1.7486680558189507e-07,0.025000000000000001
14.25,-1.7486686026527009e-07,1.7410251500850958e-07,-3.4896937527377967e-07,3.3918520592895484e-21,3.1538462319233374e-05,6.5011058137271634e-19,-1.7486681777851756e-07,0.025000000000000001
14.5,-1.7486687266872612e-07,1.7410294200469149e-07,-3.489698146734176e-07,2.5679779152306955e-21,3.1538462283186973e-05,4.3303132201118505e-19,-1.748668301878701e-07,0.025000000000000001
14.75,-1.7486688528466875e-07,1.7410337641941185e-07,-3.489702617040806e-07,5.0833004713620486e-21,3.1538462247111555e-05,4.3387626197952788e-19,-1.7486684280981031e-07,0.025000000000000001
15,-1.7486689811294838e-07,1.7410381825247957e-07,-3.4897071636542794e-07,4.2354955955928353e-21,3.1538462211007927e-05,4.3324271149021996e-19,-1.7486685564418852e-07,0.025000000000000001
15.25,-1.7486691115341622e-07,1.7410426750366813e-07,-3.4897117865708435e-07,2.5608742282744272e-21,3.1538462174876781e-05,4.3387626197952788e-19,-1.7486686869085585e-07,0.025000000000000001
15.5,-1.7486692440592293e-07,1.7410472417271342e-07,-3.4897164857863635e-07,4.2470594336304086e-21,3.1538462138718619e-05,2.1693813098976394e-19,-1.7486688194966292e-07,0.025000000000000001
15.75,-1.748669378703127e-07,1.7410518825931686e-07,-3.4897212612962957e-07,5.082197683525802e-21,3.153846210253432e-05,4.3324271149021996e-19,-1.7486689542045386e-07,0.025000000000000001
16,-1.7486695154643007e-07,1.7410565976313996e-07,-3.4897261130957003e-07,4.2404553875988432e-21,3.1538462066324414e-05,4.3324271149021996e-19,-1.748669091030731e-07,0.025000000000000001
16.25,-1.7486696543411612e-07,1.7410613868380423e-07,-3.4897310411792034e-07,3.3947427841601339e-21,3.1538462030089659e-05,6.4968792844167982e-19,-1.7486692299736166e-07,0.025000000000000001
16.5,-1.748669795332087e-07,1.7410662502089106e-07,-3.4897360455409976e-07,1.7462031549538564e-21,3.1538461993830746e-05,6.4968792844167982e-19,-1.7486693710315735e-07,0.025000000000000001
16.75,-1.7486699384354465e-07,1.7410711877393826e-07,-3.4897411261748291e-07,3.3885453540830096e-21,3.1538461957548395e-05,6.4968792844167982e-19,-1.7486695142029688e-07,0.025000000000000001
17,-1.7486700836495773e-07,1.7410761994243915e-07,-3.4897462830739687e-07,5.0866074003498069e-21,3.1538461921243262e-05,4.3387626197952788e-19,-1.7486696594861399e-07,0.025000000000000001
17.25,-1.748670230972788e-07,1.7410812852584261e-07,-3.4897515162312141e-07,2.5608742282744272e-21,3.1538461884916065e-05,2.1693813098976394e-19,-1.7486698068793941e-07,0.025000000000000001
17.5,-1.7486703804033654e-07,1.7410864452354966e-07,-3.4897568256388619e-07,4.2404553875988432e-21,3.1538461848567564e-05,4.3324271149021996e-19,-1.7486699563810177e-07,0.025000000000000001
17.75,-1.7486705319395988e-07,1.7410916793491046e-07,-3.4897622112887034e-07,4.2364880185210313e-21,3.1538461812198334e-05,6.4954698301677763e-19,-1.7486701079892993e-07,0.025000000000000001
18,-1.7486706855797002e-07,1.7410969875922997e-07,-3.4897676731719999e-07,4.2434284802001673e-21,3.1538461775809209e-05,4.3387626197952788e-19,-1.7486702617024498e-07,0.025000000000000001
18.25,-1.7486708413219075e-07,1.7411023699575777e-07,-3.4897732112794852e-07,4.2562878834485848e-21,3.1538461739400806e-05,2.1693813098976394e-19,-1.7486704175187066e-07,0.025000000000000001
18.5,-1.7486709991644167e-07,1.7411078264369141e-07,-3.4897788256013308e-07,1.7235871734172925e-21,3.1538461702973815e-05,4.3324271149021996e-19,-1.7486705754362648e-07,0.025000000000000001
18.75,-1.7486711591053842e-07,1.7411133570217561e-07,-3.4897845161271403e-07,2.5499068364289609e-21,3.153846166652903e-05,4.3387626197952788e-19,-1.7486707354532796e-07,0.025000000000000001
19,-1.7486713211429593e-07,1.7411189617029715e-07,-3.4897902828459308e-07,1.7146207097062212e-21,3.1538461630067162e-05,4.3324271149021996e-19,-1.7486708975679001e-07,0.025000000000000001
19.25,-1.7486714852752652e-07,1.7411246404708667e-07,-3.4897961257461319e-07,3.4083374641095524e-21,3.1538461593588868e-05,4.3303132201118505e-19,-1.7486710617782479e-07,0.025000000000000001
19.5,-1.748671651500392e-07,1.7411303933151612e-07,-3.4898020448155532e-07,3.3947427841601339e-21,3.1538461557094989e-05,2.1693813098976394e-19,-1.7486712280824127e-07,0.025000000000000001
19.75,-1.7486718198164284e-07,1.7411362202249518e-07,-3.4898080400413802e-07,4.2404553875988432e-21,3.1538461520586059e-05,4.3324271149021996e-19,-1.7486713964784823e-07,0.025000000000000001
20,-1.748671990221415e-07,1.741142121188748e-07,-3.489814111410163e-07,4.2470594336304086e-21,3.1538461484062941e-05,2.1820063319629004e-19,-1.7486715669644964e-07,0.025000000000000001
20.25,-1.7486721627133672e-07,1.7411480961944101e-07,-3.4898202589077773e-07,4.2364880185210313e-21,3.1538461447526418e-05,2.1820063319629004e-19,-1.7486717395384692e-07,0.025000000000000001
20.5,-1.7486723372903003e-07,1.7411541452291443e-07,-3.4898264825194446e-07,4.2381415403116855e-21,3.1538461410977075e-05,2.1651566100559253e-19,-1.7486719141984155e-07,0.025000000000000001
20.75,-1.7486725139501944e-07,1.7411602682795026e-07,-3.489832782229697e-07,2.5460570881201004e-21,3.1538461374415664e-05,4.3324271149021996e-19,-1.748672090942314e-07,0.025000000000000001
21,-1.748672692690989e-07,1.7411664653313729e-07,-3.4898391580223619e-07,4.2381415403116855e-21,3.1538461337843004e-05,4.3324271149021996e-19,-1.7486722697681036e-07,0.025000000000000001
21.25,-1.7486728735106195e-07,1.74117273636993e-07,-3.4898456098805495e-07,2.5433037001749034e-21,3.1538461301259814e-05,4.3324271149021996e-19,-1.7486724506737188e-07,0.025000000000000001
21.5,-1.7486730564070006e-07,1.7411790813796537e-07,-3.4898521377866543e-07,3.3881317890172014e-21,3.1538461264666737e-05,4.3387626197952788e-19,-1.7486726336570732e-07,0.025000000000000001
21.75,-1.7486732413780102e-07,1.7411855003443018e-07,-3.489858741722312e-07,3.4144989710325696e-21,3.1538461228064566e-05,4.3324271149021996e-19,-1.7486728187160438e-07,0.025000000000000001
22,-1.748673428421511e-07,1.7411919932468947e-07,-3.4898654216684056e-07,2.5499068364289609e-21,3.1538461191454013e-05,6.4954698301677763e-19,-1.748673005848492e-07,0.025000000000000001
22.25,-1.7486736175353439e-07,1.7411985600696987e-07,-3.4898721776050426e-07,2.5460570881201004e-21,3.1538461154835789e-05,4.3324271149021996e-19,-1.7486731950522584e-07,0.025000000000000001
22.5,-1.7486738087173068e-07,1.7412052007942316e-07,-3.4898790095115385e-07,4.2364880185210313e-21,3.1538461118210735e-05,6.4968792844167982e-19,-1.7486733863251392e-07,0.025000000000000001
22.75,-1.7486740019651929e-07,1.7412119154012253e-07,-3.4898859173664182e-07,4.2434284802001673e-21,3.1538461081579528e-05,6.5081439296929187e-19,-1.7486735796649268e-07,0.025000000000000001
23,-1.748674197276772e-07,1.7412187038706095e-07,-3.4898929011473815e-07,2.5460570881201004e-21,3.1538461044942894e-05,4.3493012863280059e-19,-1.7486737750693902e-07,0.025000000000000001
23.25,-1.7486743946497811e-07,1.7412255661815181e-07,-3.4898999608312992e-07,5.0998136728579218e-21,3.1538461008301651e-05,4.3324271149021996e-19,-1.748673972536265e-07,0.025000000000000001
23.5,-1.748674594081947e-07,1.7412325023122505e-07,-3.4899070963941975e-07,1.6973713920800669e-21,3.1538460971656444e-05,2.1693813098976394e-19,-1.7486741720632773e-07,0.025000000000000001
23.75,-1.7486747955709621e-07,1.7412395122402821e-07,-3.4899143078112442e-07,1.7072494855162848e-21,3.1538460935008019e-05,4.3493012863280059e-19,-1.7486743736481179e-07,0.025000000000000001
24,-1.7486749991144912e-07,1.7412465959422383e-07,-3.4899215950567295e-07,4.2434284802001673e-21,3.1538460898357181e-05,6.5179845244714332e-19,-1.7486745772884513e-07,0.025000000000000001
24.25,-1.7486752047101904e-07,1.7412537533938701e-07,-3.4899289581040605e-07,3.4144989710325696e-21,3.1538460861704615e-05,4.3387626197952788e-19,-1.748674782981932e-07,0.025000000000000001
24.5,-1.7486754123556707e-07,1.741260984570068e-07,-3.4899363969257386e-07,4.2404553875988432e-21,3.1538460825051169e-05,2.1820063319629004e-19,-1.7486749907261699e-07,0.025000000000000001
24.75,-1.748675622048551e-07,1.7412682894448077e-07,-3.4899439114933588e-07,5.0846786198139282e-21,3.1538460788397471e-05,4.3387626197952788e-19,-1.7486752005187834e-07,0.025000000000000001
25,-1.7486758337863966e-07,1.7412756679911798e-07,-3.4899515017775764e-07,4.2381415403116855e-21,3.153846075174435e-05,6.5011058137271634e-19,-1.7486754123573356e-07,0.025000000000000001
25.25,-1.7486760475667695e-07,1.7412831201813403e-07,-3.4899591677481097e-07,2.6785533665288553e-21,3.153846071509255e-05,4.3387626197952788e-19,-1.7486756262393884e-07,0.025000000000000001
25.5,-1.748676263387214e-07,1.7412906459865113e-07,-3.4899669093737253e-07,3.3897857465426188e-21,3.1538460678442654e-05,6.5011058137271634e-19,-1.7486758421624844e-07,0.025000000000000001
25.75,-1.7486764812452276e-07,1.7412982453769883e-07,-3.4899747266222158e-07,3.4471743468345851e-21,3.1538460641795557e-05,4.3303132201118505e-19,-1.74867606012412e-07,0.025000000000000001
26,-1.7486767011382804e-07,1.7413059183220999e-07,-3.4899826194603803e-07,4.2562878834485848e-21,3.1538460605152057e-05,6.5011058137271634e-19,-1.7486762801217644e-07,0.025000000000000001
26.25,-1.748676923063842e-07,1.7413136647901941e-07,-3.4899905878540361e-07,4.2995266415470653e-21,3.1538460568512875e-05,2.1820063319629004e-19,-1.7486765021528859e-07,0.025000000000000001
26.5,-1.7486771470193742e-07,1.7413214847486234e-07,-3.4899986317679975e-07,4.2995266415470653e-21,3.1538460531878619e-05,4.3387626197952788e-19,-1.7486767262149452e-07,0.025000000000000001
26.75,-1.748677373002281e-07,1.7413293781637554e-07,-3.4900067511660364e-07,4.2470594336304086e-21,3.1538460495250129e-05,4.3387626197952788e-19,-1.7486769523053448e-07,0.025000000000000001
27,-1.7486776010099502e-07,1.7413373450009474e-07,-3.4900149460108977e-07,3.4682482635711399e-21,3.1538460458628199e-05,2.1820063319629004e-19,-1.7486771804214715e-07,0.025000000000000001
27.25,-1.7486778310397582e-07,1.7413453852245234e-07,-3.4900232162642816e-07,3.4682482635711399e-21,3.1538460422013485e-05,2.1651566100559253e-19,-1.7486774105607005e-07,0.025000000000000001
27.5,-1.7486780630890504e-07,1.7413534987977767e-07,-3.4900315618868271e-07,5.0833004713620486e-21,3.1538460385406815e-05,2.1820063319629004e-19,-1.7486776427203762e-07,0.025000000000000001
27.75,-1.7486782971551532e-07,1.7413616856829377e-07,-3.4900399828380909e-07,2.6469779601696886e-21,3.1538460348808873e-05,6.5179845244714332e-19,-1.7486778768978234e-07,0.025000000000000001
28,-1.7486785332353723e-07,1.7413699458411842e-07,-3.4900484790765565e-07,3.4682482635711399e-21,3.1538460312220437e-05,6.5011058137271634e-19,-1.7486781130903465e-07,0.025000000000000001
28.25,-1.7486787713269828e-07,1.7413782792326165e-07,-3.4900570505595993e-07,4.3190375267056852e-21,3.1538460275642228e-05,6.4954698301677763e-19,-1.7486783512952199e-07,0.025000000000000001
28.5,-1.7486790114272427e-07,1.7413866858162476e-07,-3.4900656972434903e-07,4.268123713790712e-21,3.1538460239074995e-05,2.1651566100559253e-19,-1.7486785915096998e-07,0.025000000000000001
28.75,-1.7486792535333902e-07,1.7413951655499863e-07,-3.4900744190833765e-07,4.2825453063666713e-21,3.153846020251952e-05,2.2317923498162123e-19,-1.7486788337310232e-07,0.025000000000000001
29,-1.7486794976426314e-07,1.7414037183906374e-07,-3.4900832160332687e-07,1.7235871734172925e-21,3.153846016597652e-05,4.3303132201118505e-19,-1.7486790779563952e-07,0.025000000000000001
29.25,-1.7486797437521618e-07,1.7414123442938721e-07,-3.4900920880460338e-07,4.268123713790712e-21,3.1538460129446692e-05,4.3387626197952788e-19,-1.7486793241830099e-07,0.025000000000000001
29.5,-1.7486799918591428e-07,1.741421043214236e-07,-3.4901010350733788e-07,2.5956584938072497e-21,3.1538460092930817e-05,4.3387626197952788e-19,-1.7486795724080271e-07,0.025000000000000001
29.75,-1.7486802419607159e-07,1.7414298151051278e-07,-3.4901100570658437e-07,2.5956584938072497e-21,3.1538460056429694e-05,2.1820063319629004e-19,-1.7486798226285872e-07,0.025000000000000001
30,-1.7486804940540071e-07,1.74143865991878e-07,-3.4901191539727871e-07,2.6469779601696886e-21,3.1538460019944014e-05,4.3640126639258008e-19,-1.748680074841815e-07,0.025000000000000001
30.25,-1.7486807481361194e-07,1.7414475776062624e-07,-3.4901283257423818e-07,5.082197683525802e-21,3.1538459983474496e-05,4.3640126639258008e-19,-1.7486803290448119e-07,0.025000000000000001
30.5,-1.7486810042041259e-07,1.7414565681174611e-07,-3.490137572321587e-07,2.6469779601696886e-21,3.1538459947021864e-05,4.3303132201118505e-19,-1.7486805852346501e-07,0.025000000000000001
30.75,-1.74868126225508e-07,1.7414656314010725e-07,-3.4901468936561525e-07,2.6785533665288553e-21,3.1538459910586864e-05,4.3640126639258008e-19,-1.7486808434083811e-07,0.025000000000000001
31,-1.748681522286018e-07,1.7414747674045895e-07,-3.4901562896906076e-07,4.2404553875988432e-21,3.1538459874170247e-05,6.5011058137271634e-19,-1.7486811035630399e-07,0.025000000000000001
31.25,-1.748681784293945e-07,1.7414839760742947e-07,-3.4901657603682397e-07,1.7072494855162848e-21,3.1538459837772754e-05,4.3387626197952788e-19,-1.7486813656956305e-07,0.025000000000000001
31.5,-1.7486820482758579e-07,1.7414932573552412e-07,-3.4901753056310991e-07,4.2995266415470653e-21,3.153845980139504e-05,4.3387626197952788e-19,-1.7486816298031483e-07,0.025000000000000001
31.75,-1.7486823142287042e-07,1.7415026111912624e-07,-3.4901849254199666e-07,2.6469779601696886e-21,3.153845976503798e-05,6.5011058137271634e-19,-1.7486818958825392e-07,0.025000000000000001
32,-1.7486825821494383e-07,1.7415120375249357e-07,-3.490194619674374e-07,4.268123713790712e-21,3.1538459728702212e-05,6.5011058137271634e-19,-1.7486821639307566e-07,0.025000000000000001
32.25,-1.748682852034985e-07,1.7415215362975844e-07,-3.4902043883325695e-07,5.0998136728579218e-21,3.1538459692388445e-05,2.2317923498162123e-19,-1.7486824339447236e-07,0.025000000000000001
32.5,-1.7486831238822338e-07,1.7415311074492761e-07,-3.49021423133151e-07,4.2364880185210313e-21,3.1538459656097475e-05,4.3303132201118505e-19,-1.7486827059213284e-07,0.025000000000000001
32.75,-1.7486833976880679e-07,1.7415407509188033e-07,-3.4902241486068712e-07,5.0866074003498069e-21,3.1538459619829943e-05,6.5011058137271634e-19,-1.7486829798574525e-07,0.025000000000000001
33,-1.7486836734493411e-07,1.7415504666436671e-07,-3.4902341400930083e-07,2.576150136743263e-21,3.1538459583586637e-05,6.5011058137271634e-19,-1.7486832557499483e-07,0.025000000000000001
33.25,-1.7486839511628847e-07,1.7415602545600879e-07,-3.4902442057229726e-07,2.6469779601696886e-21,3.153845954736826e-05,2.2317923498162123e-19,-1.748683533595646e-07,0.025000000000000001
33.5,-1.7486842308255255e-07,1.7415701146029711e-07,-3.4902543454284965e-07,2.6193047324307845e-21,3.153845951117547e-05,4.3303132201118505e-19,-1.7486838133913704e-07,0.025000000000000001
33.75,-1.7486845124340188e-07,1.7415800467059385e-07,-3.4902645591399572e-07,2.576150136743263e-21,3.1538459475009149e-05,4.3303132201118505e-19,-1.7486840951338757e-07,0.025000000000000001
34,-1.7486847959851461e-07,1.7415900508012636e-07,-3.4902748467864097e-07,2.576150136743263e-21,3.1538459438869953e-05,6.4954698301677763e-19,-1.7486843788199418e-07,0.025000000000000001
34.25,-1.7486850814756605e-07,1.7416001268199025e-07,-3.490285208295563e-07,4.2825453063666713e-21,3.1538459402758533e-05,2.2317923498162123e-19,-1.7486846644463202e-07,0.025000000000000001
34.5,-1.7486853689022865e-07,1.7416102746914753e-07,-3.4902956435937618e-07,4.2364880185210313e-21,3.15384593666756e-05,4.3387626197952788e-19,-1.7486849520097341e-07,0.025000000000000001
34.75,-1.7486856582617197e-07,1.7416204943442603e-07,-3.49030615260598e-07,4.2404553875988432e-21,3.1538459330621927e-05,6.5179845244714332e-19,-1.7486852415068774e-07,0.025000000000000001
35,-1.7486859495506428e-07,1.7416307857051784e-07,-3.4903167352558212e-07,4.2825453063666713e-21,3.1538459294598185e-05,4.3387626197952788e-19,-1.7486855329344315e-07,0.025000000000000001
35.25,-1.7486862427657094e-07,1.7416411486997951e-07,-3.4903273914655044e-07,5.0866074003498069e-21,3.1538459258605086e-05,2.2317923498162123e-19,-1.7486858262890478e-07,0.025000000000000001
35.5,-1.7486865379035611e-07,1.741651583252298e-07,-3.4903381211558591e-07,4.2562878834485848e-21,3.1538459222643346e-05,4.3303132201118505e-19,-1.7486861215673672e-07,0.025000000000000001
35.75,-1.7486868349608127e-07,1.7416620892855075e-07,-3.4903489242463202e-07,5.1096959779716831e-21,3.1538459186713638e-05,6.5011058137271634e-19,-1.7486864187660024e-07,0.025000000000000001
36,-1.7486871339340654e-07,1.7416726667208497e-07,-3.4903598006549151e-07,3.3947427841601339e-21,3.1538459150816653e-05,4.3387626197952788e-19,-1.7486867178815532e-07,0.025000000000000001
36.25,-1.7486874348198768e-07,1.7416833154783755e-07,-3.4903707502982523e-07,4.2404553875988432e-21,3.1538459114953156e-05,6.5011058137271634e-19,-1.7486870189105754e-07,0.025000000000000001
36.5,-1.748687737614804e-07,1.7416940354767219e-07,-3.4903817730915259e-07,4.2562878834485848e-21,3.1538459079123839e-05,6.5011058137271634e-19,-1.7486873218496246e-07,0.025000000000000001
36.75,-1.7486880423153771e-07,1.7417048266331296e-07,-3.4903928689485067e-07,3.3897857465426188e-21,3.1538459043329358e-05,2.1820063319629004e-19,-1.7486876266952296e-07,0.025000000000000001
37,-1.7486883489181064e-07,1.7417156888634163e-07,-3.4904040377815227e-07,2.5608742282744272e-21,3.1538459007570405e-05,2.2317923498162123e-19,-1.7486879334438988e-07,0.025000000000000001
37.25,-1.7486886574194818e-07,1.7417266220819911e-07,-3.4904152795014729e-07,4.3190375267056852e-21,3.1538458971847645e-05,4.3303132201118505e-19,-1.7486882420921203e-07,0.025000000000000001
37.5,-1.7486889678159576e-07,1.741737626201838e-07,-3.4904265940177956e-07,4.2470594336304086e-21,3.1538458936161848e-05,4.3640126639258008e-19,-1.7486885526363472e-07,0.025000000000000001
37.75,-1.748689280103985e-07,1.7417487011345013e-07,-3.4904379812384863e-07,5.1523002734865261e-21,3.1538458900513681e-05,4.3387626197952788e-19,-1.7486888650730287e-07,0.025000000000000001
38,-1.7486895942799861e-07,1.7417598467900922e-07,-3.4904494410700784e-07,3.4682482635711399e-21,3.1538458864903792e-05,4.3387626197952788e-19,-1.7486891793985854e-07,0.025000000000000001
38.25,-1.7486899103403611e-07,1.7417710630772792e-07,-3.4904609734176403e-07,2.5499068364289609e-21,3.1538458829332867e-05,2.1651566100559253e-19,-1.7486894956094156e-07,0.025000000000000001
38.5,-1.7486902282814893e-07,1.741782349903278e-07,-3.4904725781847673e-07,4.2364880185210313e-21,3.1538458793801604e-05,4.3387626197952788e-19,-1.7486898137018975e-07,0.025000000000000001
38.75,-1.7486905480997352e-07,1.7417937071738477e-07,-3.4904842552735829e-07,3.4471743468345851e-21,3.1538458758310672e-05,2.1820063319629004e-19,-1.7486901336723934e-07,0.025000000000000001
39,-1.7486908697914338e-07,1.7418051347932914e-07,-3.4904960045847251e-07,2.576150136743263e-21,3.1538458722860751e-05,4.3387626197952788e-19,-1.7486904555172365e-07,0.025000000000000001
39.25,-1.7486911933529117e-07,1.7418166326644421e-07,-3.4905078260173538e-07,3.4682482635711399e-21,3.153845868745245e-05,4.3387626197952788e-19,-1.7486907792327522e-07,0.025000000000000001
39.5,-1.7486915187804459e-07,1.7418282006886669e-07,-3.4905197194691128e-07,1.7072494855162848e-21,3.1538458652086568e-05,6.5179845244714332e-19,-1.7486911048152153e-07,0.025000000000000001
39.75,-1.7486918460703316e-07,1.7418398387658424e-07,-3.490531684836174e-07,5.135955830461391e-21,3.1538458616763647e-05,4.3387626197952788e-19,-1.7486914322609193e-07,0.025000000000000001
40,-1.7486921752188087e-07,1.7418515467943816e-07,-3.4905437220131903e-07,2.6193047324307845e-21,3.1538458581484454e-05,4.3387626197952788e-19,-1.7486917615661028e-07,0.025000000000000001
40.25,-1.7486925062221315e-07,1.7418633246711965e-07,-3.490555830893328e-07,2.6469779601696886e-21,3.1538458546249503e-05,4.3303132201118505e-19,-1.7486920927270183e-07,0.025000000000000001
40.5,-1.748692839076494e-07,1.7418751722917238e-07,-3.4905680113682178e-07,2.6193047324307845e-21,3.1538458511059546e-05,4.3303132201118505e-19,-1.7486924257398574e-07,0.025000000000000001
40.75,-1.7486931737780932e-07,1.7418870895498947e-07,-3.4905802633279878e-07,4.2364880185210313e-21,3.1538458475915268e-05,6.5011058137271634e-19,-1.7486927606008158e-07,0.025000000000000001
41,-1.7486935103231077e-07,1.7418990763381462e-07,-3.4905925866612538e-07,2.6469779601696886e-21,3.1538458440817259e-05,2.1820063319629004e-19,-1.7486930973060704e-07,0.025000000000000001
41.25,-1.7486938487076813e-07,1.7419111325474096e-07,-3.4906049812550909e-07,2.5499068364289609e-21,3.1538458405766202e-05,4.3303132201118505e-19,-1.7486934358517631e-07,0.025000000000000001
41.5,-1.7486941889279497e-07,1.7419232580671136e-07,-3.4906174469950633e-07,1.7748574443605856e-21,3.1538458370762707e-05,4.3387626197952788e-19,-1.7486937762340277e-07,0.025000000000000001
41.75,-1.7486945309800164e-07,1.7419354527851764e-07,-3.4906299837651927e-07,5.0998136728579218e-21,3.1538458335807528e-05,6.5011058137271634e-19,-1.7486941184489661e-07,0.025000000000000001
42,-1.7486948748599717e-07,1.7419477165879996e-07,-3.4906425914479713e-07,4.2404553875988432e-21,3.1538458300901226e-05,4.3640126639258008e-19,-1.7486944624926666e-07,0.025000000000000001
42.25,-1.7486952205638885e-07,1.7419600493604668e-07,-3.4906552699243553e-07,3.3947427841601339e-21,3.1538458266044431e-05,6.4954698301677763e-19,-1.7486948083612004e-07,0.025000000000000001
42.5,-1.7486955680878166e-07,1.7419724509859394e-07,-3.4906680190737561e-07,2.5956584938072497e-21,3.1538458231237787e-05,6.5011058137271634e-19,-1.7486951560506151e-07,0.025000000000000001
42.75,-1.7486959174277836e-07,1.7419849213462635e-07,-3.4906808387740471e-07,2.5433037001749034e-21,3.1538458196481925e-05,2.1820063319629004e-19,-1.748695505556937e-07,0.025000000000000001
43,-1.7486962685797934e-07,1.7419974603217541e-07,-3.4906937289015475e-07,4.2562878834485848e-21,3.153845816177748e-05,4.3387626197952788e-19,-1.748695856876168e-07,0.025000000000000001
43.25,-1.7486966215398429e-07,1.7420100677911963e-07,-3.4907066893310391e-07,3.4144989710325696e-21,3.1538458127125071e-05,6.5011058137271634e-19,-1.7486962100043027e-07,0.025000000000000001
43.5,-1.7486969763038785e-07,1.7420227436318486e-07,-3.4907197199357271e-07,4.2825453063666713e-21,3.1538458092525429e-05,6.5011058137271634e-19,-1.7486965649372862e-07,0.025000000000000001
43.75,-1.7486973328678644e-07,1.7420354877194283e-07,-3.4907328205872928e-07,4.268123713790712e-21,3.1538458057979054e-05,6.5011058137271634e-19,-1.7486969216710806e-07,0.025000000000000001
44,-1.7486976912277294e-07,1.7420482999281211e-07,-3.4907459911558505e-07,1.8092631684370221e-21,3.1538458023486565e-05,4.3303132201118505e-19,-1.7486972802016126e-07,0.025000000000000001
44.25,-1.7486980513793668e-07,1.7420611801305725e-07,-3.4907592315099393e-07,3.3947427841601339e-21,3.1538457989048618e-05,4.3303132201118505e-19,-1.7486976405247739e-07,0.025000000000000001
44.5,-1.7486984133186691e-07,1.7420741281978936e-07,-3.4907725415165626e-07,5.1096959779716831e-21,3.1538457954665856e-05,4.3387626197952788e-19,-1.7486980026364548e-07,0.025000000000000001
44.75,-1.7486987770415014e-07,1.7420871439996463e-07,-3.4907859210411478e-07,4.2364880185210313e-21,3.1538457920338843e-05,4.3640126639258008e-19,-1.7486983665325189e-07,0.025000000000000001
45,-1.7486991425437258e-07,1.7421002274038395e-07,-3.4907993699475653e-07,4.2995266415470653e-21,3.1538457886068134e-05,6.5011058137271634e-19,-1.748698732208826e-07,0.025000000000000001
45.25,-1.748699509821148e-07,1.7421133782769593e-07,-3.4908128880981073e-07,2.6193047324307845e-21,3.1538457851854468e-05,6.5011058137271634e-19,-1.7486990996611799e-07,0.025000000000000001
45.5,-1.7486998788695857e-07,1.7421265964839317e-07,-3.4908264753535174e-07,2.576150136743263e-21,3.1538457817698338e-05,4.3387626197952788e-19,-1.7486994688853962e-07,0.025000000000000001
45.75,-1.7487002496848234e-07,1.7421398818881358e-07,-3.4908401315729592e-07,3.3947427841601339e-21,3.1538457783600356e-05,6.5011058137271634e-19,-1.7486998398772578e-07,0.025000000000000001
46,-1.7487006222626245e-07,1.7421532343514026e-07,-3.4908538566140271e-07,4.2825453063666713e-21,3.1538457749561178e-05,4.3387626197952788e-19,-1.748700212632526e-07,0.025000000000000001
46.25,-1.7487009965987426e-07,1.7421666537340146e-07,-3.4908676503327572e-07,2.5433037001749034e-21,3.1538457715581327e-05,4.3640126639258008e-19,-1.7487005871469525e-07,0.025000000000000001
46.5,-1.7487013726888939e-07,1.7421801398947003e-07,-3.4908815125835942e-07,4.2364880185210313e-21,3.1538457681661472e-05,6.5011058137271634e-19,-1.748700963416251e-07,0.025000000000000001
46.75,-1.7487017505287929e-07,1.7421936926906374e-07,-3.4908954432194303e-07,2.6469779601696886e-21,3.1538457647802177e-05,4.3303132201118505e-19,-1.7487013414361347e-07,0.025000000000000001
47,-1.7487021301141235e-07,1.7422073119774539e-07,-3.4909094420915773e-07,5.0998136728579218e-21,3.1538457614004045e-05,4.3640126639258008e-19,-1.7487017212022851e-07,0.025000000000000001
47.25,-1.7487025114405729e-07,1.7422209976092156e-07,-3.4909235090497885e-07,3.4029884673886697e-21,3.1538457580267488e-05,6.5179845244714332e-19,-1.7487021027103876e-07,0.025000000000000001
47.5,-1.7487028945037718e-07,1.742234749438452e-07,-3.4909376439422238e-07,3.4682482635711399e-21,3.1538457546593273e-05,4.3387626197952788e-19,-1.7487024859560705e-07,0.025000000000000001
47.75,-1.748703279299351e-07,1.742248567316129e-07,-3.49095184661548e-07,4.2470594336304086e-21,3.1538457512981908e-05,4.3303132201118505e-19,-1.748702870934963e-07,0.025000000000000001
48,-1.7487036658229267e-07,1.742262451091659e-07,-3.4909661169145858e-07,3.3947427841601339e-21,3.1538457479433942e-05,4.4635846996324245e-19,-1.7487032576426789e-07,0.025000000000000001
48.25,-1.7487040540700864e-07,1.742276400612906e-07,-3.4909804546829924e-07,3.4471743468345851e-21,3.1538457445949998e-05,4.3640126639258008e-19,-1.7487036460748038e-07,0.025000000000000001
48.5,-1.7487044440364032e-07,1.7422904157261752e-07,-3.4909948597625784e-07,4.2995266415470653e-21,3.1538457412530584e-05,4.4635846996324245e-19,-1.7487040362269088e-07,0.025000000000000001
48.75,-1.7487048357174325e-07,1.7423044962762233e-07,-3.4910093319936558e-07,5.082197683525802e-21,3.1538457379176276e-05,4.4635846996324245e-19,-1.7487044280945475e-07,0.025000000000000001
49,-1.7487052291086989e-07,1.7423186421062602e-07,-3.4910238712149592e-07,1.7072494855162848e-21,3.1538457345887644e-05,4.3640126639258008e-19,-1.7487048216732416e-07,0.025000000000000001
49.25,-1.7487056242057145e-07,1.7423328530579387e-07,-3.4910384772636532e-07,2.5956584938072497e-21,3.1538457312665318e-05,4.3640126639258008e-19,-1.7487052169585018e-07,0.025000000000000001
49.5,-1.7487060210039849e-07,1.7423471289713573e-07,-3.4910531499753421e-07,3.3881317890172014e-21,3.153845727950967e-05,4.4635846996324245e-19,-1.7487056139458313e-07,0.025000000000000001
49.75,-1.7487064194989827e-07,1.7423614696850719e-07,-3.4910678891840545e-07,3.3947427841601339e-21,3.1538457246421378e-05,2.2317923498162123e-19,-1.7487060126307005e-07,0.025000000000000001
50,-1.7487068196861467e-07,1.742375875036097e-07,-3.4910826947222436e-07,4.2825453063666713e-21,3.1538457213401046e-05,4.4635846996324245e-19,-1.7487064130085464e-07,0.025000000000000001
50.25,-1.7487072215609348e-07,1.7423903448598771e-07,-3.491097566420812e-07,4.2470594336304086e-21,3.1538457180449079e-05,6.5179845244714332e-19,-1.7487068150748246e-07,0.025000000000000001
50.5,-1.7487076251187656e-07,1.7424048789903264e-07,-3.491112504109092e-07,4.2470594336304086e-21,3.1538457147566054e-05,4.3640126639258008e-19,-1.7487072188249517e-07,0.025000000000000001
50.75,-1.7487080303550339e-07,1.7424194772598087e-07,-3.4911275076148426e-07,4.2825453063666713e-21,3.1538457114752539e-05,4.3640126639258008e-19,-1.7487076242543203e-07,0.025000000000000001
51,-1.7487084372650984e-07,1.7424341394991677e-07,-3.4911425767642661e-07,1.8092631684370221e-21,3.1538457082009132e-05,4.3640126639258008e-19,-1.7487080313582865e-07,0.025000000000000001
51.25,-1.7487088458443419e-07,1.7424488655376634e-07,-3.4911577113820052e-07,3.4471743468345851e-21,3.1538457049336273e-05,6.5179845244714332e-19,-1.7487084401322316e-07,0.025000000000000001
51.5,-1.7487092560881072e-07,1.7424636552030411e-07,-3.4911729112911483e-07,5.1523002734865261e-21,3.1538457016734483e-05,4.3303132201118505e-19,-1.7487088505714959e-07,0.025000000000000001
51.75,-1.7487096679917102e-07,1.7424785083215063e-07,-3.4911881763132165e-07,4.2562878834485848e-21,3.1538456984204366e-05,2.2317923498162123e-19,-1.7487092626713932e-07,0.025000000000000001
52,-1.7487100815504634e-07,1.7424934247177169e-07,-3.4912035062681803e-07,3.3947427841601339e-21,3.1538456951746382e-05,4.3640126639258008e-19,-1.7487096764272338e-07,0.025000000000000001
52.25,-1.7487104967596466e-07,1.7425084042148142e-07,-3.4912189009744608e-07,3.3947427841601339e-21,3.1538456919361093e-05,6.5179845244714332e-19,-1.748710091834295e-07,0.025000000000000001
52.5,-1.7487109136145327e-07,1.7425234466343934e-07,-3.4912343602489262e-07,4.2825453063666713e-21,3.1538456887048968e-05,4.3303132201118505e-19,-1.7487105088878479e-07,0.025000000000000001
52.75,-1.7487113321103798e-07,1.7425385517965129e-07,-3.4912498839068927e-07,2.5499068364289609e-21,3.1538456854810454e-05,4.3303132201118505e-19,-1.7487109275831482e-07,0.025000000000000001
53,-1.7487117522424073e-07,1.7425537195197259e-07,-3.4912654717621332e-07,5.0866074003498069e-21,3.153845682264614e-05,6.5179845244714332e-19,-1.7487113479154129e-07,0.025000000000000001
53.25,-1.7487121740058231e-07,1.7425689496210442e-07,-3.4912811236268673e-07,4.2562878834485848e-21,3.1538456790556554e-05,4.3640126639258008e-19,-1.7487117698798482e-07,0.025000000000000001
53.5,-1.7487125973958191e-07,1.7425842419159605e-07,-3.4912968393117796e-07,5.1217484565488544e-21,3.1538456758542259e-05,2.2317923498162123e-19,-1.7487121934716432e-07,0.025000000000000001
53.75,-1.7487130224075852e-07,1.7425995962184366e-07,-3.4913126186260218e-07,3.3947427841601339e-21,3.1538456726603676e-05,4.3303132201118505e-19,-1.7487126186859859e-07,0.025000000000000001
54,-1.7487134490362728e-07,1.742615012340934e-07,-3.4913284613772068e-07,2.6193047324307845e-21,3.1538456694741291e-05,2.420718681009027e-19,-1.7487130455180252e-07,0.025000000000000001
54.25,-1.748713877277025e-07,1.7426304900943867e-07,-3.4913443673714117e-07,3.4471743468345851e-21,3.1538456662955601e-05,2.1651566100559253e-19,-1.7487134739629021e-07,0.025000000000000001
54.5,-1.7487143071249508e-07,1.7426460292882276e-07,-3.4913603364131784e-07,3.3881317890172014e-21,3.1538456631247119e-05,4.3640126639258008e-19,-1.7487139040157233e-07,0.025000000000000001
54.75,-1.7487147385751673e-07,1.7426616297303636e-07,-3.4913763683055309e-07,4.2825453063666713e-21,3.15384565996163e-05,4.3640126639258008e-19,-1.7487143356716033e-07,0.025000000000000001
55,-1.7487151716227494e-07,1.7426772912272129e-07,-3.4913924628499623e-07,4.3190375267056852e-21,3.1538456568063686e-05,6.5179845244714332e-19,-1.7487147689256153e-07,0.025000000000000001
55.25,-1.748715606262767e-07,1.742693013583682e-07,-3.491408619846449e-07,3.4144989710325696e-21,3.1538456536589703e-05,6.5850667499378479e-19,-1.7487152037728265e-07,0.025000000000000001
55.5,-1.7487160424902755e-07,1.7427087966031734e-07,-3.491424839093449e-07,2.576150136743263e-21,3.1538456505194833e-05,6.4954698301677763e-19,-1.7487156402082898e-07,0.025000000000000001
55.75,-1.7487164803002936e-07,1.7427246400876137e-07,-3.4914411203879072e-07,3.3947427841601339e-21,3.1538456473879598e-05,6.4954698301677763e-19,-1.7487160782270217e-07,0.025000000000000001
56,-1.7487169196878353e-07,1.7427405438374184e-07,-3.4914574635252537e-07,2.541098841762901e-21,3.1538456442644472e-05,6.5179845244714332e-19,-1.7487165178240344e-07,0.025000000000000001
56.25,-1.7487173606479037e-07,1.7427565076515132e-07,-3.491473868299417e-07,4.2562878834485848e-21,3.1538456411489889e-05,6.4954698301677763e-19,-1.748716958994328e-07,0.025000000000000001
56.5,-1.7487178031754678e-07,1.7427725313273463e-07,-3.491490334502814e-07,3.3881317890172014e-21,3.1538456380416323e-05,6.5179845244714332e-19,-1.7487174017328694e-07,0.025000000000000001
56.75,-1.7487182472654937e-07,1.7427886146608776e-07,-3.4915068619263713e-07,4.2825453063666713e-21,3.1538456349424234e-05,6.5179845244714332e-19,-1.7487178460346223e-07,0.025000000000000001
57,-1.7487186929129191e-07,1.7428047574465967e-07,-3.4915234503595158e-07,3.6185263368740441e-21,3.1538456318514118e-05,4.4635846996324245e-19,-1.7487182918945223e-07,0.025000000000000001
57.25,-1.7487191401126727e-07,1.7428209594775112e-07,-3.4915400995901839e-07,3.6981986171391893e-21,3.1538456287686368e-05,6.5179845244714332e-19,-1.7487187393074952e-07,0.025000000000000001
57.5,-1.7487195888596566e-07,1.7428372205451649e-07,-3.4915568094048216e-07,4.2562878834485848e-21,3.1538456256941491e-05,6.5850667499378479e-19,-1.748719188268441e-07,0.025000000000000001
57.75,-1.7487200391487562e-07,1.7428535404396296e-07,-3.4915735795883858e-07,3.5497148887211711e-21,3.1538456226279969e-05,6.5179845244714332e-19,-1.7487196387722428e-07,0.025000000000000001
58,-1.7487204909748539e-07,1.7428699189495177e-07,-3.4915904099243716e-07,3.3947427841601339e-21,3.1538456195702161e-05,6.4954698301677763e-19,-1.7487200908137807e-07,0.025000000000000001
58.25,-1.7487209443327893e-07,1.7428863558619869e-07,-3.4916073001947761e-07,4.4870765912138131e-21,3.1538456165208602e-05,6.5179845244714332e-19,-1.7487205443878913e-07,0.025000000000000001
58.5,-1.748721399217411e-07,1.7429028509627385e-07,-3.4916242501801495e-07,3.4144989710325696e-21,3.1538456134799679e-05,4.4635846996324245e-19,-1.7487209994894215e-07,0.025000000000000001
58.75,-1.7487218556235339e-07,1.7429194040360183e-07,-3.4916412596595523e-07,3.788046498485219e-21,3.1538456104475879e-05,8.7280253278516016e-19,-1.7487214561131832e-07,0.025000000000000001
59,-1.7487223135459597e-07,1.7429360148646298e-07,-3.4916583284105895e-07,4.4870765912138131e-21,3.1538456074237575e-05,8.7280253278516016e-19,-1.7487219142539761e-07,0.025000000000000001
59.25,-1.7487227729794707e-07,1.7429526832299413e-07,-3.491675456209412e-07,2.5499068364289609e-21,3.1538456044085303e-05,4.3640126639258008e-19,-1.7487223739065799e-07,0.025000000000000001
59.5,-1.7487232339188404e-07,1.7429694089118836e-07,-3.491692642830724e-07,4.3190375267056852e-21,3.1538456014019367e-05,6.5179845244714332e-19,-1.7487228350657655e-07,0.025000000000000001
59.75,-1.7487236963588219e-07,1.7429861916889513e-07,-3.4917098880477731e-07,3.4924063099077129e-21,3.1538455984040255e-05,6.5179845244714332e-19,-1.7487232977262836e-07,0.025000000000000001
60,-1.7487241602941407e-07,1.7430030313382168e-07,-3.4917271916323575e-07,2.9418394442372394e-21,3.1538455954148395e-05,6.5179845244714332e-19,-1.7487237618828576e-07,0.025000000000000001
60.25,-1.748724625719511e-07,1.7430199276353341e-07,-3.4917445533548451e-07,2.8410348738639142e-21,3.1538455924344253e-05,6.5179845244714332e-19,-1.7487242275301986e-07,0.025000000000000001
60.5,-1.74872509262964e-07,1.7430368803545283e-07,-3.4917619729841683e-07,2.7528570785764761e-21,3.1538455894628223e-05,6.5179845244714332e-19,-1.7487246946630118e-07,0.025000000000000001
60.75,-1.7487255610192142e-07,1.7430538892686178e-07,-3.491779450287832e-07,3.788046498485219e-21,3.153845586500065e-05,6.5179845244714332e-19,-1.7487251632759809e-07,0.025000000000000001
61,-1.7487260308828923e-07,1.7430709541490157e-07,-3.491796985031908e-07,4.3190375267056852e-21,3.1538455835462023e-05,6.5179845244714332e-19,-1.7487256333637625e-07,0.025000000000000001
61.25,-1.7487265022153311e-07,1.743088074765727e-07,-3.4918145769810581e-07,3.4924063099077129e-21,3.1538455806012693e-05,6.4954698301677763e-19,-1.7487261049210104e-07,0.025000000000000001
61.5,-1.7487269750111472e-07,1.7431052508873742e-07,-3.4918322258985214e-07,4.5614120180372746e-21,3.1538455776653176e-05,6.4954698301677763e-19,-1.748726577942339e-07,0.025000000000000001
61.75,-1.7487274492649679e-07,1.743122482281168e-07,-3.491849931546136e-07,2.576150136743263e-21,3.1538455747383763e-05,6.4954698301677763e-19,-1.7487270524223731e-07,0.025000000000000001
62,-1.7487279249713914e-07,1.7431397687129393e-07,-3.4918676936843307e-07,2.9418394442372394e-21,3.1538455718204941e-05,6.4954698301677763e-19,-1.7487275283557083e-07,0.025000000000000001
62.25,-1.7487284021249998e-07,1.7431571099471435e-07,-3.4918855120721433e-07,3.4924063099077129e-21,3.1538455689117078e-05,6.5850667499378479e-19,-1.7487280057369239e-07,0.025000000000000001
62.5,-1.7487288807203517e-07,1.7431745057468589e-07,-3.4919033864672106e-07,3.3881317890172014e-21,3.1538455660120572e-05,6.5179845244714332e-19,-1.7487284845605764e-07,0.025000000000000001
62.75,-1.7487293607520092e-07,1.7431919558737765e-07,-3.4919213166257857e-07,3.4471743468345851e-21,3.1538455631215803e-05,6.5850667499378479e-19,-1.748728964821225e-07,0.025000000000000001
63,-1.7487298422144962e-07,1.7432094600882405e-07,-3.4919393023027367e-07,3.4144989710325696e-21,3.1538455602403212e-05,6.5850667499378479e-19,-1.748729446513391e-07,0.025000000000000001
63.25,-1.74873032510234e-07,1.7432270181492216e-07,-3.4919573432515616e-07,3.4471743468345851e-21,3.1538455573683143e-05,6.5850667499378479e-19,-1.7487299296315995e-07,0.025000000000000001
63.5,-1.7487308094100295e-07,1.7432446298143484e-07,-3.4919754392243779e-07,4.3655078873846413e-21,3.1538455545055978e-05,8.660626440223701e-19,-1.7487304141703365e-07,0.025000000000000001
63.75,-1.7487312951320591e-07,1.7432622948398823e-07,-3.4919935899719413e-07,4.2351647362715017e-21,3.153845551652208e-05,6.5179845244714332e-19,-1.7487309001240942e-07,0.025000000000000001
64,-1.7487317822628921e-07,1.7432800129807614e-07,-3.4920117952436535e-07,4.4216417962403795e-21,3.1538455488081872e-05,4.3303132201118505e-19,-1.7487313874873327e-07,0.025000000000000001
64.25,-1.7487322707969803e-07,1.7432977839905693e-07,-3.4920300547875496e-07,3.6185263368740441e-21,3.1538455459735731e-05,6.5850667499378479e-19,-1.7487318762545016e-07,0.025000000000000001
64.5,-1.7487327607287581e-07,1.7433156076215669e-07,-3.492048368350325e-07,4.2562878834485848e-21,3.1538455431484031e-05,6.4954698301677763e-19,-1.7487323664200326e-07,0.025000000000000001
64.75,-1.7487332520526429e-07,1.7433334836246885e-07,-3.4920667356773314e-07,3.6981986171391893e-21,3.1538455403327186e-05,6.5850667499378479e-19,-1.7487328579783408e-07,0.025000000000000001
65,-1.7487337447630448e-07,1.7433514117495422e-07,-3.492085156512587e-07,4.4216417962403795e-21,3.1538455375265506e-05,6.4954698301677763e-19,-1.7487333509238329e-07,0.025000000000000001
65.25,-1.7487342388543512e-07,1.7433693917444225e-07,-3.4921036305987738e-07,3.4471743468345851e-21,3.1538455347299405e-05,6.4954698301677763e-19,-1.7487338452508946e-07,0.025000000000000001
65.5,-1.7487347343209337e-07,1.7433874233563164e-07,-3.4921221576772502e-07,2.541098841762901e-21,3.1538455319429182e-05,6.5179845244714332e-19,-1.748734340953894e-07,0.025000000000000001
65.75,-1.7487352311571502e-07,1.7434055063309047e-07,-3.4921407374880549e-07,2.7528570785764761e-21,3.1538455291655236e-05,6.5179845244714332e-19,-1.7487348380271871e-07,0.025000000000000001
66,-1.7487357293573396e-07,1.7434236404125764e-07,-3.492159369769916e-07,3.5497148887211711e-21,3.1538455263977953e-05,6.4954698301677763e-19,-1.7487353364651095e-07,0.025000000000000001
66.25,-1.7487362289158324e-07,1.7434418253444249e-07,-3.4921780542602573e-07,3.4471743468345851e-21,3.1538455236397598e-05,6.5179845244714332e-19,-1.7487358362619894e-07,0.025000000000000001
66.5,-1.7487367298269285e-07,1.7434600608682669e-07,-3.4921967906951954e-07,3.4471743468345851e-21,3.1538455208914618e-05,8.7280253278516016e-19,-1.7487363374121238e-07,0.025000000000000001
66.75,-1.7487372320849238e-07,1.7434783467246306e-07,-3.4922155788095544e-07,3.4924063099077129e-21,3.1538455181529413e-05,6.5850667499378479e-19,-1.7487368399098063e-07,0.025000000000000001
67,-1.7487377356841078e-07,1.7434966826527657e-07,-3.4922344183368735e-07,2.5499068364289609e-21,3.1538455154242199e-05,4.3303132201118505e-19,-1.7487373437493235e-07,0.025000000000000001
67.25,-1.7487382406187378e-07,1.7435150683906759e-07,-3.4922533090094136e-07,4.3190375267056852e-21,3.153845512705337e-05,6.5179845244714332e-19,-1.7487378489249299e-07,0.025000000000000001
67.5,-1.7487387468830697e-07,1.7435335036750827e-07,-3.4922722505581524e-07,3.4144989710325696e-21,3.1538455099963223e-05,6.5179845244714332e-19,-1.7487383554308787e-07,0.025000000000000001
67.75,-1.7487392544713173e-07,1.7435519882414774e-07,-3.4922912427127946e-07,4.2825453063666713e-21,3.1538455072972241e-05,6.5179845244714332e-19,-1.7487388632613812e-07,0.025000000000000001
68,-1.7487397633777048e-07,1.7435705218240874e-07,-3.4923102852017922e-07,3.5497148887211711e-21,3.1538455046080686e-05,6.5179845244714332e-19,-1.7487393724106586e-07,0.025000000000000001
68.25,-1.7487402735964386e-07,1.7435891041558988e-07,-3.4923293777523375e-07,4.4216417962403795e-21,3.1538455019288898e-05,8.7280253278516016e-19,-1.7487398828729149e-07,0.025000000000000001
68.5,-1.7487407851217107e-07,1.7436077349686628e-07,-3.4923485200903735e-07,2.5499068364289609e-21,3.1538454992597183e-05,8.660626440223701e-19,-1.7487403946423392e-07,0.025000000000000001
68.75,-1.7487412979476937e-07,1.7436264139929054e-07,-3.4923677119405992e-07,3.788046498485219e-21,3.1538454966005837e-05,6.5179845244714332e-19,-1.7487409077131015e-07,0.025000000000000001
69,-1.7487418120685297e-07,1.7436451409579386e-07,-3.4923869530264683e-07,4.4216417962403795e-21,3.1538454939515274e-05,6.5850667499378479e-19,-1.7487414220793406e-07,0.025000000000000001
69.25,-1.7487423274783716e-07,1.7436639155918434e-07,-3.492406243070215e-07,2.576150136743263e-21,3.1538454913125814e-05,6.4954698301677763e-19,-1.7487419377352075e-07,0.025000000000000001
69.5,-1.7487428441713544e-07,1.7436827376214961e-07,-3.4924255817928504e-07,4.4216417962403795e-21,3.1538454886837733e-05,6.4954698301677763e-19,-1.7487424546748338e-07,0.025000000000000001
69.75,-1.7487433621415786e-07,1.7437016067725805e-07,-3.4924449689141591e-07,2.9418394442372394e-21,3.1538454860651371e-05,6.4954698301677763e-19,-1.7487429728923176e-07,0.025000000000000001
70,-1.7487438813831573e-07,1.7437205227695709e-07,-3.4924644041527282e-07,3.4471743468345851e-21,3.1538454834566978e-05,6.5179845244714332e-19,-1.7487434923817688e-07,0.025000000000000001
70.25,-1.7487444018901444e-07,1.7437394853357757e-07,-3.4924838872259201e-07,3.4144989710325696e-21,3.1538454808585048e-05,6.5850667499378479e-19,-1.7487440131372391e-07,0.025000000000000001
70.5,-1.7487449236566356e-07,1.7437584941932883e-07,-3.4925034178499239e-07,4.2562878834485848e-21,3.1538454782705732e-05,6.4954698301677763e-19,-1.748744535152821e-07,0.025000000000000001
70.75,-1.7487454466766683e-07,1.7437775490630552e-07,-3.4925229957397235e-07,3.6185263368740441e-21,3.1538454756929435e-05,6.5179845244714332e-19,-1.748745058422549e-07,0.025000000000000001
71,-1.7487459709442922e-07,1.7437966496648318e-07,-3.492542620609124e-07,4.2825453063666713e-21,3.1538454731256442e-05,4.3640126639258008e-19,-1.7487455829404706e-07,0.025000000000000001
71.25,-1.7487464964535311e-07,1.743815795717224e-07,-3.4925622921707551e-07,2.9418394442372394e-21,3.1538454705687052e-05,6.5179845244714332e-19,-1.7487461087006059e-07,0.025000000000000001
71.5,-1.7487470231983939e-07,1.7438349869376738e-07,-3.4925820101360677e-07,3.3881317890172014e-21,3.1538454680221555e-05,6.4954698301677763e-19,-1.7487466356969618e-07,0.025000000000000001
71.75,-1.7487475511728817e-07,1.7438542230424831e-07,-3.4926017742153648e-07,3.4471743468345851e-21,3.1538454654860244e-05,6.5179845244714332e-19,-1.7487471639235361e-07,0.025000000000000001
72,-1.7487480803709745e-07,1.7438735037468099e-07,-3.4926215841177844e-07,4.4870765912138131e-21,3.1538454629603409e-05,6.5179845244714332e-19,-1.7487476933743063e-07,0.025000000000000001
72.25,-1.7487486107866478e-07,1.7438928287646682e-07,-3.492641439551316e-07,3.4924063099077129e-21,3.1538454604451334e-05,6.5179845244714332e-19,-1.7487482240432448e-07,0.025000000000000001
72.5,-1.7487491424138254e-07,1.7439121978089724e-07,-3.4926613402227978e-07,4.4216417962403795e-21,3.1538454579404455e-05,6.4954698301677763e-19,-1.7487487559242726e-07,0.025000000000000001
72.75,-1.7487496752464717e-07,1.7439316105914799e-07,-3.4926812858379516e-07,3.788046498485219e-21,3.1538454554462974e-05,6.4954698301677763e-19,-1.7487492890113515e-07,0.025000000000000001
73,-1.7487502092785149e-07,1.7439510668228439e-07,-3.4927012761013587e-07,4.4216417962403795e-21,3.1538454529627121e-05,6.4954698301677763e-19,-1.7487498232984064e-07,0.025000000000000001
73.25,-1.7487507445038675e-07,1.7439705662126186e-07,-3.4927213107164862e-07,3.4924063099077129e-21,3.1538454504897214e-05,6.5179845244714332e-19,-1.7487503587793472e-07,0.025000000000000001
73.5,-1.7487512809164142e-07,1.7439901084692639e-07,-3.4927413893856781e-07,3.6185263368740441e-21,3.1538454480273648e-05,6.5179845244714332e-19,-1.7487508954480557e-07,0.025000000000000001
73.75,-1.7487518185100424e-07,1.7440096933001324e-07,-3.4927615118101748e-07,3.4924063099077129e-21,3.1538454455756598e-05,6.4954698301677763e-19,-1.7487514332984164e-07,0.025000000000000001
74,-1.7487523572786294e-07,1.7440293204114915e-07,-3.4927816776901209e-07,3.5497148887211711e-21,3.1538454431346342e-05,6.5179845244714332e-19,-1.7487519723243038e-07,0.025000000000000001
74.25,-1.7487528972160354e-07,1.7440489895085323e-07,-3.4928018867245677e-07,2.5499068364289609e-21,3.153845440704315e-05,6.5850667499378479e-19,-1.7487525125195751e-07,0.025000000000000001
74.5,-1.7487534383160915e-07,1.7440687002953801e-07,-3.4928221386114716e-07,3.788046498485219e-21,3.1538454382847397e-05,6.5179845244714332e-19,-1.7487530538780583e-07,0.025000000000000001
74.75,-1.7487539805726318e-07,1.7440884524750901e-07,-3.492842433047722e-07,3.0540207233327644e-21,3.1538454358759284e-05,4.3640126639258008e-19,-1.7487535963935854e-07,0.025000000000000001
75,-1.7487545239794702e-07,1.7441082457496632e-07,-3.4928627697291334e-07,3.6981986171391893e-21,3.1538454334779097e-05,4.3303132201118505e-19,-1.7487541400599662e-07,0.025000000000000001
75.25,-1.7487550685304179e-07,1.7441280798200331e-07,-3.492883148350451e-07,4.4216417962403795e-21,3.1538454310907133e-05,6.4954698301677763e-19,-1.74875468487101e-07,0.025000000000000001
75.5,-1.748755614219252e-07,1.7441479543861152e-07,-3.4929035686053671e-07,3.4471743468345851e-21,3.1538454287143658e-05,6.5179845244714332e-19,-1.7487552308204906e-07,0.025000000000000001
75.75,-1.748756161039775e-07,1.7441678691467629e-07,-3.4929240301865379e-07,3.4471743468345851e-21,3.1538454263488793e-05,6.5179845244714332e-19,-1.7487557779022074e-07,0.025000000000000001
76,-1.7487567089857348e-07,1.7441878237998234e-07,-3.4929445327855582e-07,3.5497148887211711e-21,3.153845423994291e-05,6.4954698301677763e-19,-1.7487563261099057e-07,0.025000000000000001
76.25,-1.7487572580508779e-07,1.7442078180421093e-07,-3.4929650760929872e-07,4.4870765912138131e-21,3.1538454216506294e-05,6.5179845244714332e-19,-1.7487568754373288e-07,0.025000000000000001
76.5,-1.7487578082289394e-07,1.7442278515694331e-07,-3.4929856597983725e-07,3.4924063099077129e-21,3.1538454193179217e-05,6.4954698301677763e-19,-1.7487574258782088e-07,0.025000000000000001
76.75,-1.7487583595136466e-07,1.7442479240765807e-07,-3.4930062835902274e-07,3.3881317890172014e-21,3.1538454169961867e-05,6.5179845244714332e-19,-1.7487579774262702e-07,0.025000000000000001
77,-1.7487589118987134e-07,1.7442680352573456e-07,-3.493026947156059e-07,3.6185263368740441e-21,3.1538454146854497e-05,6.5850667499378479e-19,-1.748758530075224e-07,0.025000000000000001
77.25,-1.7487594653778379e-07,1.74428818480453e-07,-3.4930476501823679e-07,4.2562878834485848e-21,3.153845412385743e-05,6.5179845244714332e-19,-1.7487590838187651e-07,0.025000000000000001
77.5,-1.7487600199446966e-07,1.7443083724099562e-07,-3.4930683923546528e-07,3.4144989710325696e-21,3.1538454100970851e-05,6.5850667499378479e-19,-1.7487596386505673e-07,0.025000000000000001
77.75,-1.748760575592971e-07,1.7443285977644572e-07,-3.4930891733574283e-07,2.9418394442372394e-21,3.1538454078195029e-05,6.5850667499378479e-19,-1.748760194564309e-07,0.025000000000000001
78,-1.7487611323163246e-07,1.7443488605578972e-07,-3.4931099928742217e-07,3.5497148887211711e-21,3.1538454055530163e-05,6.5850667499378479e-19,-1.7487607515536505e-07,0.025000000000000001
78.25,-1.7487616901083857e-07,1.7443691604791928e-07,-3.4931308505875784e-07,3.0540207233327644e-21,3.1538454032976657e-05,6.4954698301677763e-19,-1.7487613096122176e-07,0.025000000000000001
78.5,-1.7487622489628106e-07,1.7443894972162796e-07,-3.4931517461790902e-07,3.4924063099077129e-21,3.1538454010534587e-05,6.4954698301677763e-19,-1.748761868733663e-07,0.025000000000000001
78.75,-1.7487628088732085e-07,1.7444098704561706e-07,-3.4931726793293791e-07,3.6981986171391893e-21,3.1538453988204304e-05,6.4954698301677763e-19,-1.7487624289115933e-07,0.025000000000000001
79,-1.7487633698332061e-07,1.744430279884909e-07,-3.4931936497181152e-07,4.4870765912138131e-21,3.1538453965985892e-05,6.5179845244714332e-19,-1.7487629901396322e-07,0.025000000000000001
79.25,-1.7487639318363979e-07,1.7444507251876273e-07,-3.4932146570240252e-07,2.6193047324307845e-21,3.1538453943879633e-05,6.4954698301677763e-19,-1.748763552411371e-07,0.025000000000000001
79.5,-1.7487644948763451e-07,1.7444712060485343e-07,-3.4932357009248794e-07,4.2825453063666713e-21,3.1538453921885894e-05,6.4954698301677763e-19,-1.7487641157203678e-07,0.025000000000000001
79.75,-1.7487650589466327e-07,1.7444917221509109e-07,-3.4932567810975436e-07,4.2562878834485848e-21,3.1538453900004844e-05,6.5179845244714332e-19,-1.7487646800602049e-07,0.025000000000000001
80,-1.7487656240408288e-07,1.7445122731771169e-07,-3.4932778972179457e-07,2.7528570785764761e-21,3.1538453878236666e-05,6.5850667499378479e-19,-1.7487652454244472e-07,0.025000000000000001
80.25,-1.7487661901524723e-07,1.7445328588086316e-07,-3.4932990489611039e-07,2.7528570785764761e-21,3.1538453856581652e-05,6.5179845244714332e-19,-1.7487658118066305e-07,0.025000000000000001
80.5,-1.7487667572751093e-07,1.7445534787260116e-07,-3.4933202360011209e-07,2.8410348738639142e-21,3.1538453835039965e-05,6.5179845244714332e-19,-1.7487663792002976e-07,0.025000000000000001
80.75,-1.7487673254022636e-07,1.7445741326089441e-07,-3.4933414580112076e-07,3.0540207233327644e-21,3.1538453813611847e-05,6.5179845244714332e-19,-1.7487669475989699e-07,0.025000000000000001
81,-1.7487678945274402e-07,1.7445948201362338e-07,-3.493362714663674e-07,3.5497148887211711e-21,3.1538453792297578e-05,6.4954698301677763e-19,-1.7487675169961489e-07,0.025000000000000001
81.25,-1.7487684646441491e-07,1.7446155409857983e-07,-3.4933840056299474e-07,4.2825453063666713e-21,3.1538453771097292e-05,6.4954698301677763e-19,-1.7487680873853414e-07,0.025000000000000001
81.5,-1.7487690357458817e-07,1.7446362948347034e-07,-3.493405330580585e-07,4.2825453063666713e-21,3.1538453750011213e-05,8.7280253278516016e-19,-1.7487686587600362e-07,0.025000000000000001
81.75,-1.7487696078261122e-07,1.7446570813591514e-07,-3.4934266891852636e-07,2.8410348738639142e-21,3.1538453729039572e-05,6.5179845244714332e-19,-1.748769231113704e-07,0.025000000000000001
82,-1.7487701808783035e-07,1.7446779002344977e-07,-3.4934480811128012e-07,4.2562878834485848e-21,3.1538453708182618e-05,6.5179845244714332e-19,-1.7487698044398046e-07,0.025000000000000001
82.25,-1.7487707548959115e-07,1.7446987511352462e-07,-3.4934695060311577e-07,4.4216417962403795e-21,3.1538453687440523e-05,6.5179845244714332e-19,-1.7487703787317912e-07,0.025000000000000001
82.5,-1.7487713298723846e-07,1.7447196337350693e-07,-3.4934909636074539e-07,4.3190375267056852e-21,3.1538453666813516e-05,6.5179845244714332e-19,-1.748770953983109e-07,0.025000000000000001
82.75,-1.7487719058011596e-07,1.7447405477068115e-07,-3.4935124535079711e-07,5.0998136728579218e-21,3.1538453646301739e-05,6.5179845244714332e-19,-1.7487715301871915e-07,0.025000000000000001
83,-1.7487724826756515e-07,1.7447614927224999e-07,-3.4935339753981513e-07,4.3655078873846413e-21,3.1538453625905457e-05,6.5179845244714332e-19,-1.7487721073374508e-07,0.025000000000000001
83.25,-1.748773060489268e-07,1.7447824684533428e-07,-3.4935555289426108e-07,4.4870765912138131e-21,3.1538453605624886e-05,6.5850667499378479e-19,-1.7487726854272911e-07,0.025000000000000001
83.5,-1.7487736392354173e-07,1.7448034745697475e-07,-3.4935771138051648e-07,4.2825453063666713e-21,3.1538453585460155e-05,6.4954698301677763e-19,-1.7487732644501182e-07,0.025000000000000001
83.75,-1.7487742189074784e-07,1.7448245107413223e-07,-3.4935987296488007e-07,5.238609464861569e-21,3.1538453565411502e-05,6.5850667499378479e-19,-1.748773844399307e-07,0.025000000000000001
84,-1.7487747994988273e-07,1.7448455766368938e-07,-3.4936203761357212e-07,4.3655078873846413e-21,3.1538453545479184e-05,6.5850667499378479e-19,-1.7487744252682313e-07,0.025000000000000001
84.25,-1.7487753810028206e-07,1.744866671924501e-07,-3.4936420529273216e-07,4.2351647362715017e-21,3.1538453525663369e-05,6.4954698301677763e-19,-1.748775007050244e-07,0.025000000000000001
84.5,-1.7487759634128279e-07,1.744887796271395e-07,-3.4936637596842229e-07,4.4216417962403795e-21,3.1538453505964209e-05,6.4954698301677763e-19,-1.7487755897387118e-07,0.025000000000000001
84.75,-1.7487765467221927e-07,1.7449089493440766e-07,-3.4936854960662693e-07,4.2404553875988432e-21,3.1538453486381885e-05,6.4954698301677763e-19,-1.7487761733269752e-07,0.025000000000000001
85,-1.7487771309242485e-07,1.7449301308082785e-07,-3.493707261732527e-07,4.2562878834485848e-21,3.1538453466916573e-05,6.5179845244714332e-19,-1.7487767578083642e-07,0.025000000000000001
85.25,-1.7487777160123082e-07,1.744951340329002e-07,-3.4937290563413102e-07,4.4216417962403795e-21,3.1538453447568551e-05,6.5850667499378479e-19,-1.7487773431761888e-07,0.025000000000000001
85.5,-1.7487783019796915e-07,1.7449725775704704e-07,-3.4937508795501619e-07,4.5614120180372746e-21,3.1538453428337935e-05,6.5850667499378479e-19,-1.7487779294237654e-07,0.025000000000000001
85.75,-1.7487788888197068e-07,1.7449938421961931e-07,-3.4937727310158999e-07,4.2562878834485848e-21,3.1538453409224867e-05,6.5179845244714332e-19,-1.7487785165443992e-07,0.025000000000000001
86,-1.7487794765256366e-07,1.745015133868955e-07,-3.4937946103945916e-07,4.5614120180372746e-21,3.1538453390229611e-05,6.5179845244714332e-19,-1.7487791045313695e-07,0.025000000000000001
86.25,-1.7487800650907594e-07,1.7450364522508169e-07,-3.4938165173415763e-07,4.2404553875988432e-21,3.1538453371352378e-05,6.4954698301677763e-19,-1.7487796933779521e-07,0.025000000000000001
86.5,-1.7487806545083478e-07,1.7450577970031173e-07,-3.4938384515114651e-07,4.3190375267056852e-21,3.1538453352593268e-05,6.5850667499378479e-19,-1.7487802830774158e-07,0.025000000000000001
86.75,-1.7487812447716544e-07,1.745079167786505e-07,-3.4938604125581593e-07,3.4924063099077129e-21,3.1538453333952526e-05,6.5179845244714332e-19,-1.7487808736230102e-07,0.025000000000000001
87,-1.7487818358739412e-07,1.7451005642609176e-07,-3.4938824001348588e-07,4.4216417962403795e-21,3.1538453315430287e-05,8.7280253278516016e-19,-1.7487814650079945e-07,0.025000000000000001
87.25,-1.7487824278084462e-07,1.7451219860856072e-07,-3.4939044138940534e-07,4.3190375267056852e-21,3.1538453297026693e-05,6.4954698301677763e-19,-1.7487820572256031e-07,0.025000000000000001
87.5,-1.7487830205683972e-07,1.7451434329191497e-07,-3.4939264534875469e-07,4.2404553875988432e-21,3.1538453278741949e-05,6.4954698301677763e-19,-1.7487826502690605e-07,0.025000000000000001
87.75,-1.7487836141470143e-07,1.7451649044194418e-07,-3.4939485185664561e-07,4.2404553875988432e-21,3.153845326057623e-05,6.5179845244714332e-19,-1.748783244131584e-07,0.025000000000000001
88,-1.7487842085375156e-07,1.7451864002437128e-07,-3.4939706087812284e-07,4.4216417962403795e-21,3.1538453242529637e-05,6.5179845244714332e-19,-1.7487838388063882e-07,0.025000000000000001
88.25,-1.7487848037330876e-07,1.7452079200485444e-07,-3.493992723781632e-07,4.2404553875988432e-21,3.1538453224602456e-05,6.5179845244714332e-19,-1.7487844342866564e-07,0.025000000000000001
88.5,-1.7487853997269313e-07,1.7452294634898588e-07,-3.4940148632167901e-07,4.4870765912138131e-21,3.153845320679476e-05,6.5179845244714332e-19,-1.7487850305655865e-07,0.025000000000000001
88.75,-1.7487859965122216e-07,1.7452510302229368e-07,-3.4940370267351584e-07,4.3655078873846413e-21,3.1538453189106768e-05,6.5179845244714332e-19,-1.7487856276363502e-07,0.025000000000000001
89,-1.7487865940821408e-07,1.745272619902419e-07,-3.4940592139845597e-07,4.2562878834485848e-21,3.1538453171538532e-05,6.5179845244714332e-19,-1.7487862254921266e-07,0.025000000000000001
89.25,-1.7487871924298413e-07,1.7452942321823318e-07,-3.4940814246121731e-07,4.3190375267056852e-21,3.1538453154090331e-05,6.5850667499378479e-19,-1.7487868241260648e-07,0.025000000000000001
89.5,-1.748787791548488e-07,1.7453158667160655e-07,-3.4941036582645534e-07,4.3655078873846413e-21,3.1538453136762219e-05,6.5850667499378479e-19,-1.7487874235313262e-07,0.025000000000000001
89.75,-1.7487883914312084e-07,1.7453375231564219e-07,-3.4941259145876303e-07,4.4870765912138131e-21,3.153845311955446e-05,6.4954698301677763e-19,-1.7487880237010354e-07,0.025000000000000001
90,-1.7487889920711551e-07,1.7453592011555705e-07,-3.4941481932267256e-07,4.2825453063666713e-21,3.1538453102467108e-05,6.5179845244714332e-19,-1.7487886246283414e-07,0.025000000000000001
90.25,-1.7487895934614361e-07,1.745380900365121e-07,-3.4941704938265571e-07,4.2825453063666713e-21,3.1538453085500395e-05,6.5850667499378479e-19,-1.7487892263063495e-07,0.025000000000000001
90.5,-1.7487901955951786e-07,1.7454026204360613e-07,-3.4941928160312399e-07,4.4870765912138131e-21,3.1538453068654414e-05,6.4954698301677763e-19,-1.7487898287281833e-07,0.025000000000000001
90.75,-1.7487907984654919e-07,1.7454243610188144e-07,-3.4942151594843063e-07,4.2404553875988432e-21,3.1538453051929314e-05,6.5179845244714332e-19,-1.7487904318869489e-07,0.025000000000000001
91,-1.7487914020654641e-07,1.7454461217632378e-07,-3.4942375238287019e-07,4.5614120180372746e-21,3.153845303532528e-05,6.5850667499378479e-19,-1.748791035775731e-07,0.025000000000000001
91.25,-1.7487920063881872e-07,1.7454679023186088e-07,-3.494259908706796e-07,4.4870765912138131e-21,3.1538453018842425e-05,6.4954698301677763e-19,-1.7487916403876184e-07,0.025000000000000001
91.5,-1.748792611426745e-07,1.7454897023336621e-07,-3.4942823137604072e-07,4.3190375267056852e-21,3.1538453002480934e-05,6.5179845244714332e-19,-1.7487922457156918e-07,0.025000000000000001
91.75,-1.748793217174208e-07,1.7455115214565701e-07,-3.4943047386307781e-07,4.3655078873846413e-21,3.1538452986240893e-05,6.5850667499378479e-19,-1.7487928517530182e-07,0.025000000000000001
92,-1.7487938236236416e-07,1.7455333593349808e-07,-3.4943271829586224e-07,4.2825453063666713e-21,3.1538452970122452e-05,6.5179845244714332e-19,-1.7487934584926599e-07,0.025000000000000001
92.25,-1.7487944307681052e-07,1.7455552156159947e-07,-3.4943496463840998e-07,4.2404553875988432e-21,3.153845295412572e-05,6.5179845244714332e-19,-1.7487940659276727e-07,0.025000000000000001
92.5,-1.7487950386006435e-07,1.7455770899461919e-07,-3.4943721285468354e-07,3.5497148887211711e-21,3.1538452938250852e-05,6.5179845244714332e-19,-1.7487946740510985e-07,0.025000000000000001
92.75,-1.7487956471142834e-07,1.7455989819716473e-07,-3.4943946290859307e-07,4.2825453063666713e-21,3.1538452922498072e-05,6.5179845244714332e-19,-1.7487952828559605e-07,0.025000000000000001
93,-1.7487962563020591e-07,1.7456208913379103e-07,-3.4944171476399694e-07,4.2404553875988432e-21,3.15384529068674e-05,6.5179845244714332e-19,-1.7487958923352898e-07,0.025000000000000001
93.25,-1.7487968661569993e-07,1.745642817690032e-07,-3.4944396838470313e-07,4.3190375267056852e-21,3.1538452891359013e-05,6.4954698301677763e-19,-1.7487965024821116e-07,0.025000000000000001
93.5,-1.7487974766721047e-07,1.7456647606725789e-07,-3.4944622373446836e-07,4.4216417962403795e-21,3.153845287597306e-05,6.5179845244714332e-19,-1.7487971132894239e-07,0.025000000000000001
93.75,-1.7487980878403917e-07,1.7456867199296167e-07,-3.4944848077700083e-07,4.2825453063666713e-21,3.1538452860709594e-05,6.4954698301677763e-19,-1.7487977247502387e-07,0.025000000000000001
94,-1.7487986996548499e-07,1.7457086951047519e-07,-3.4945073947596018e-07,4.3190375267056852e-21,3.1538452845568825e-05,6.5850667499378479e-19,-1.7487983368575432e-07,0.025000000000000001
94.25,-1.7487993121084786e-07,1.7457306858411e-07,-3.4945299979495786e-07,4.2404553875988432e-21,3.1538452830550816e-05,6.5179845244714332e-19,-1.7487989496043332e-07,0.025000000000000001
94.5,-1.7487999251942462e-07,1.7457526917813366e-07,-3.4945526169755828e-07,4.2562878834485848e-21,3.1538452815655735e-05,6.5179845244714332e-19,-1.7487995629835734e-07,0.025000000000000001
94.75,-1.7488005389051347e-07,1.7457747125676653e-07,-3.4945752514728e-07,4.3655078873846413e-21,3.1538452800883677e-05,6.4954698301677763e-19,-1.7488001769882428e-07,0.025000000000000001
95,-1.7488011532341048e-07,1.7457967478418541e-07,-3.4945979010759588e-07,4.2562878834485848e-21,3.1538452786234784e-05,6.5179845244714332e-19,-1.7488007916112987e-07,0.025000000000000001
95.25,-1.7488017681741294e-07,1.7458187972452176e-07,-3.494620565419347e-07,4.2562878834485848e-21,3.153845277170907e-05,6.5850667499378479e-19,-1.7488014068457109e-07,0.025000000000000001
95.5,-1.7488023837181438e-07,1.7458408604186674e-07,-3.4946432441368112e-07,4.4216417962403795e-21,3.1538452757306773e-05,6.5850667499378479e-19,-1.7488020226844108e-07,0.025000000000000001
95.75,-1.7488029998590944e-07,1.7458629370026676e-07,-3.494665936861762e-07,4.4216417962403795e-21,3.1538452743027945e-05,6.4954698301677763e-19,-1.7488026391203419e-07,0.025000000000000001
96,-1.7488036165899282e-07,1.7458850266372728e-07,-3.4946886432272011e-07,4.3190375267056852e-21,3.1538452728872656e-05,6.5179845244714332e-19,-1.748803256146448e-07,0.025000000000000001
96.25,-1.7488042339035523e-07,1.7459071289621493e-07,-3.4947113628657016e-07,4.2404553875988432e-21,3.1538452714841142e-05,6.5179845244714332e-19,-1.7488038737556323e-07,0.025000000000000001
96.5,-1.748804851792898e-07,1.7459292436165419e-07,-3.4947340954094398e-07,4.4216417962403795e-21,3.1538452700933471e-05,6.5850667499378479e-19,-1.748804491940823e-07,0.025000000000000001
96.75,-1.748805470250886e-07,1.7459513702393125e-07,-3.4947568404901985e-07,4.5614120180372746e-21,3.1538452687149697e-05,6.5179845244714332e-19,-1.7488051106949375e-07,0.025000000000000001
97,-1.7488060892704127e-07,1.745973508468941e-07,-3.4947795977393537e-07,4.2825453063666713e-21,3.1538452673489976e-05,6.5850667499378479e-19,-1.748805730010869e-07,0.025000000000000001
97.25,-1.7488067088443894e-07,1.745995657943525e-07,-3.4948023667879144e-07,4.4870765912138131e-21,3.1538452659954362e-05,6.5850667499378479e-19,-1.7488063498815251e-07,0.025000000000000001
97.5,-1.7488073289657045e-07,1.7460178183008037e-07,-3.4948251472665082e-07,4.3190375267056852e-21,3.1538452646542978e-05,6.5850667499378479e-19,-1.7488069702997909e-07,0.025000000000000001
97.75,-1.7488079496272371e-07,1.7460399891781564e-07,-3.4948479388053935e-07,4.5614120180372746e-21,3.1538452633255992e-05,6.5850667499378479e-19,-1.7488075912585424e-07,0.025000000000000001
98,-1.7488085708218729e-07,1.7460621702126028e-07,-3.4948707410344757e-07,4.4216417962403795e-21,3.1538452620093405e-05,4.4635846996324245e-19,-1.7488082127506617e-07,0.025000000000000001
98.25,-1.7488091925424743e-07,1.7460843610408343e-07,-3.4948935535833086e-07,4.2825453063666713e-21,3.1538452607055454e-05,6.4954698301677763e-19,-1.7488088347690079e-07,0.025000000000000001
98.5,-1.7488098147819293e-07,1.7461065612991865e-07,-3.4949163760811158e-07,4.2404553875988432e-21,3.1538452594142016e-05,6.4954698301677763e-19,-1.7488094573064652e-07,0.025000000000000001
98.75,-1.7488104375330919e-07,1.7461287706236784e-07,-3.4949392081567703e-07,4.3655078873846413e-21,3.1538452581353296e-05,6.4954698301677763e-19,-1.748810080355885e-07,0.025000000000000001
99,-1.748811060788809e-07,1.7461509886500099e-07,-3.4949620494388189e-07,4.4216417962403795e-21,3.1538452568689408e-05,6.5850667499378479e-19,-1.7488107039101103e-07,0.025000000000000001
99.25,-1.7488116845419298e-07,1.7461732150135645e-07,-3.4949848995554943e-07,4.5614120180372746e-21,3.1538452556150414e-05,6.5850667499378479e-19,-1.7488113279619871e-07,0.025000000000000001
99.5,-1.7488123087852865e-07,1.7461954493494311e-07,-3.4950077581347176e-07,4.2562878834485848e-21,3.1538452543736454e-05,6.4954698301677763e-19,-1.7488119525043438e-07,0.025000000000000001
99.75,-1.7488129335117231e-07,1.7462176912923936e-07,-3.4950306248041167e-07,4.2825453063666713e-21,3.1538452531447572e-05,6.5850667499378479e-19,-1.7488125775300215e-07,0.025000000000000001
100,-1.7488135587140754e-07,1.7462399404769343e-07,-3.4950534991910097e-07,4.3655078873846413e-21,3.1538452519283826e-05,6.5850667499378479e-19,-1.7488132030318526e-07,0.025000000000000001
100.25,-1.748814184385157e-07,1.7462621965372832e-07,-3.4950763809224402e-07,4.2562878834485848e-21,3.153845250724534e-05,6.4954698301677763e-19,-1.7488138290026468e-07,0.025000000000000001
100.5,-1.7488148105177781e-07,1.746284459107385e-07,-3.4950992696251631e-07,4.4870765912138131e-21,3.1538452495332201e-05,4.3303132201118505e-19,-1.7488144554352115e-07,0.025000000000000001
100.75,-1.7488154371047594e-07,1.746306727820913e-07,-3.4951221649256724e-07,4.3190375267056852e-21,3.1538452483544484e-05,4.4635846996324245e-19,-1.7488150823223635e-07,0.025000000000000001
101,-1.7488160641388972e-07,1.7463290023113005e-07,-3.4951450664501977e-07,4.2825453063666713e-21,3.1538452471882277e-05,6.5850667499378479e-19,-1.7488157096568958e-07,0.025000000000000001
101.25,-1.7488166916129983e-07,1.7463512822117122e-07,-3.4951679738247105e-07,4.2351647362715017e-21,3.1538452460345661e-05,6.4954698301677763e-19,-1.748816337431612e-07,0.025000000000000001
101.5,-1.7488173195198488e-07,1.7463735671550848e-07,-3.4951908866749335e-07,4.3190375267056852e-21,3.1538452448934704e-05,6.4954698301677763e-19,-1.7488169656392947e-07,0.025000000000000001
101.75,-1.7488179478522409e-07,1.7463958567741165e-07,-3.4952138046263574e-07,4.5614120180372746e-21,3.1538452437649481e-05,6.4954698301677763e-19,-1.7488175942727324e-07,0.025000000000000001
102,-1.7488185766029675e-07,1.7464181507012718e-07,-3.4952367273042393e-07,4.2351647362715017e-21,3.1538452426489991e-05,6.5850667499378479e-19,-1.748818223324715e-07,0.025000000000000001
102.25,-1.748819205764791e-07,1.7464404485688213e-07,-3.4952596543336123e-07,4.2825453063666713e-21,3.1538452415456391e-05,6.4954698301677763e-19,-1.7488188527880012e-07,0.025000000000000001
102.5,-1.7488198353304883e-07,1.7464627500088042e-07,-3.4952825853392924e-07,4.4216417962403795e-21,3.1538452404548728e-05,6.4954698301677763e-19,-1.7488194826553645e-07,0.025000000000000001
102.75,-1.7488204652928246e-07,1.7464850546530735e-07,-3.4953055199458981e-07,4.2404553875988432e-21,3.1538452393767123e-05,6.5850667499378479e-19,-1.7488201129195667e-07,0.025000000000000001
103,-1.7488210956445621e-07,1.746507362133277e-07,-3.4953284577778391e-07,4.2825453063666713e-21,3.1538452383111611e-05,6.5850667499378479e-19,-1.7488207435733667e-07,0.025000000000000001
103.25,-1.7488217263784522e-07,1.7465296720808874e-07,-3.4953513984593396e-07,4.2562878834485848e-21,3.153845237258224e-05,6.4954698301677763e-19,-1.7488213746095121e-07,0.025000000000000001
103.5,-1.7488223574872508e-07,1.7465519841271834e-07,-3.4953743416144342e-07,4.4216417962403795e-21,3.1538452362179083e-05,6.4954698301677763e-19,-1.7488220060207557e-07,0.025000000000000001
103.75,-1.7488229889637181e-07,1.7465742979032798e-07,-3.4953972868669979e-07,4.2562878834485848e-21,3.1538452351902161e-05,4.4635846996324245e-19,-1.7488226377998541e-07,0.025000000000000001
104,-1.7488236208005759e-07,1.7465966130401433e-07,-3.4954202338407192e-07,4.3190375267056852e-21,3.1538452341751602e-05,6.5850667499378479e-19,-1.7488232699395259e-07,0.025000000000000001
104.25,-1.7488242529905663e-07,1.746618929168574e-07,-3.4954431821591403e-07,4.5614120180372746e-21,3.1538452331727435e-05,6.4954698301677763e-19,-1.7488239024325092e-07,0.025000000000000001
104.5,-1.748824885526419e-07,1.7466412459192243e-07,-3.4954661314456433e-07,4.2562878834485848e-21,3.1538452321829753e-05,6.5850667499378479e-19,-1.7488245352715309e-07,0.025000000000000001
104.75,-1.7488255184008699e-07,1.7466635629226097e-07,-3.4954890813234796e-07,4.3190375267056852e-21,3.1538452312058557e-05,6.4954698301677763e-19,-1.7488251684493229e-07,0.025000000000000001
105,-1.7488261516066354e-07,1.7466858798091169e-07,-3.4955120314157523e-07,4.4216417962403795e-21,3.1538452302413949e-05,6.5850667499378479e-19,-1.7488258019585986e-07,0.025000000000000001
105.25,-1.7488267851364384e-07,1.7467081962090077e-07,-3.4955349813454461e-07,4.3190375267056852e-21,3.1538452292895948e-05,4.3303132201118505e-19,-1.7488264357920771e-07,0.025000000000000001
105.5,-1.7488274189829946e-07,1.7467305117524311e-07,-3.4955579307354258e-07,4.2562878834485848e-21,3.1538452283504589e-05,6.4954698301677763e-19,-1.7488270699424707e-07,0.025000000000000001
105.75,-1.7488280531390128e-07,1.7467528260694208e-07,-3.4955808792084336e-07,4.2351647362715017e-21,3.1538452274239973e-05,6.4954698301677763e-19,-1.748827704402485e-07,0.025000000000000001
106,-1.7488286875971932e-07,1.7467751387899304e-07,-3.4956038263871236e-07,4.2562878834485848e-21,3.1538452265102168e-05,6.4954698301677763e-19,-1.7488283391648165e-07,0.025000000000000001
106.25,-1.7488293223502473e-07,1.7467974495437987e-07,-3.495626771894046e-07,4.4216417962403795e-21,3.153845225609112e-05,6.5850667499378479e-19,-1.748828974222173e-07,0.025000000000000001
106.5,-1.748829957390862e-07,1.7468197579607991e-07,-3.495649715351661e-07,4.2562878834485848e-21,3.1538452247207004e-05,6.4954698301677763e-19,-1.7488296095672383e-07,0.025000000000000001
106.75,-1.7488305927117394e-07,1.7468420636706131e-07,-3.4956726563823525e-07,4.2562878834485848e-21,3.1538452238449788e-05,6.4954698301677763e-19,-1.7488302451927111e-07,0.025000000000000001
107,-1.7488312283055687e-07,1.7468643663028635e-07,-3.4956955946084322e-07,4.5614120180372746e-21,3.1538452229819532e-05,6.4954698301677763e-19,-1.7488308810912767e-07,0.025000000000000001
107.25,-1.7488318641650402e-07,1.7468866654871122e-07,-3.4957185296521524e-07,4.3190375267056852e-21,3.153845222131627e-05,6.5850667499378479e-19,-1.7488315172556224e-07,0.025000000000000001
107.5,-1.7488325002828375e-07,1.7469089608528661e-07,-3.4957414611357037e-07,4.4216417962403795e-21,3.1538452212940036e-05,6.4954698301677763e-19,-1.748832153678428e-07,0.025000000000000001
107.75,-1.748833136651635e-07,1.7469312520295891e-07,-3.4957643886812241e-07,4.2562878834485848e-21,3.1538452204690829e-05,6.4954698301677763e-19,-1.7488327903523644e-07,0.025000000000000001
108,-1.7488337732641083e-07,1.7469535386467175e-07,-3.4957873119108257e-07,4.3190375267056852e-21,3.1538452196568786e-05,6.5850667499378479e-19,-1.7488334272701038e-07,0.025000000000000001
108.25,-1.7488344101129262e-07,1.7469758203336448e-07,-3.495810230446571e-07,4.2562878834485848e-21,3.1538452188573927e-05,6.5850667499378479e-19,-1.7488340644243118e-07,0.025000000000000001
108.5,-1.7488350471907657e-07,1.746998096719745e-07,-3.4958331439105107e-07,4.2562878834485848e-21,3.1538452180706211e-05,6.4954698301677763e-19,-1.7488347018076615e-07,0.025000000000000001
108.75,-1.7488356844902944e-07,1.7470203674343766e-07,-3.495856051924671e-07,4.2351647362715017e-21,3.1538452172965671e-05,6.5850667499378479e-19,-1.7488353394128171e-07,0.025000000000000001
109,-1.7488363220041597e-07,1.747042632106914e-07,-3.4958789541110737e-07,4.2351647362715017e-21,3.1538452165352478e-05,6.4954698301677763e-19,-1.7488359772324227e-07,0.025000000000000001
109.25,-1.7488369597250439e-07,1.7470648903667002e-07,-3.495901850091744e-07,4.3190375267056852e-21,3.1538452157866469e-05,6.5850667499378479e-19,-1.748836615259157e-07,0.025000000000000001
109.5,-1.7488375976455872e-07,1.7470871418431117e-07,-3.4959247394886989e-07,4.2562878834485848e-21,3.1538452150507799e-05,6.5850667499378479e-19,-1.7488372534856565e-07,0.025000000000000001
109.75,-1.7488382357584507e-07,1.7471093861655361e-07,-3.4959476219239868e-07,4.2562878834485848e-21,3.1538452143276455e-05,6.5850667499378479e-19,-1.7488378919045792e-07,0.025000000000000001
110,-1.7488388740562773e-07,1.7471316229633965e-07,-3.4959704970196738e-07,4.5614120180372746e-21,3.1538452136172457e-05,6.5850667499378479e-19,-1.7488385305085643e-07,0.025000000000000001
110.25,-1.7488395125317243e-07,1.7471538518661288e-07,-3.4959933643978531e-07,4.2351647362715017e-21,3.153845212919586e-05,6.4954698301677763e-19,-1.7488391692902656e-07,0.025000000000000001
110.5,-1.7488401511774358e-07,1.7471760725032216e-07,-3.4960162236806574e-07,4.4216417962403795e-21,3.1538452122346664e-05,6.5850667499378479e-19,-1.7488398082423238e-07,0.025000000000000001
110.75,-1.7488407899860522e-07,1.7471982845042123e-07,-3.4960390744902645e-07,4.3190375267056852e-21,3.1538452115624908e-05,6.5850667499378479e-19,-1.7488404473573755e-07,0.025000000000000001
111,-1.748841428950219e-07,1.7472204874986973e-07,-3.4960619164489162e-07,4.2562878834485848e-21,3.153845210903054e-05,6.5850667499378479e-19,-1.7488410866280629e-07,0.025000000000000001
111.25,-1.7488420680625715e-07,1.747242681116329e-07,-3.4960847491789005e-07,4.2351647362715017e-21,3.1538452102563633e-05,6.5850667499378479e-19,-1.7488417260470181e-07,0.025000000000000001
111.5,-1.7488427073157483e-07,1.7472648649868357e-07,-3.496107572302584e-07,4.2562878834485848e-21,3.1538452096224154e-05,6.4954698301677763e-19,-1.7488423656068756e-07,0.025000000000000001
111.75,-1.7488433467023715e-07,1.7472870387400378e-07,-3.4961303854424093e-07,4.2562878834485848e-21,3.1538452090012252e-05,6.4954698301677763e-19,-1.7488430053002544e-07,0.025000000000000001
112,-1.7488439862150726e-07,1.7473092020058299e-07,-3.4961531882209025e-07,4.2351647362715017e-21,3.1538452083927892e-05,6.5850667499378479e-19,-1.7488436451197823e-07,0.025000000000000001
112.25,-1.7488446258465023e-07,1.7473313544141928e-07,-3.496175980260695e-07,4.3190375267056852e-21,3.1538452077971001e-05,6.4954698301677763e-19,-1.7488442850581066e-07,0.025000000000000001
112.5,-1.7488452655892646e-07,1.747353495595239e-07,-3.4961987611845036e-07,4.4216417962403795e-21,3.1538452072141727e-05,6.5850667499378479e-19,-1.7488449251078279e-07,0.025000000000000001
112.75,-1.7488459054360035e-07,1.7473756251791563e-07,-3.4962215306151598e-07,4.2562878834485848e-21,3.1538452066439955e-05,6.4954698301677763e-19,-1.7488455652615863e-07,0.025000000000000001
113,-1.7488465453793271e-07,1.7473977427962825e-07,-3.4962442881756096e-07,4.5614120180372746e-21,3.153845206086576e-05,6.4954698301677763e-19,-1.7488462055119866e-07,0.025000000000000001
113.25,-1.7488471854118714e-07,1.7474198480770562e-07,-3.4962670334889276e-07,4.2562878834485848e-21,3.1538452055419053e-05,6.4954698301677763e-19,-1.7488468458516616e-07,0.025000000000000001
113.5,-1.7488478255262491e-07,1.7474419406520693e-07,-3.4962897661783185e-07,4.5614120180372746e-21,3.1538452050099951e-05,6.4954698301677763e-19,-1.74884748627322e-07,0.025000000000000001
113.75,-1.7488484657150829e-07,1.7474640201520482e-07,-3.4963124858671311e-07,4.2351647362715017e-21,3.1538452044908398e-05,6.5850667499378479e-19,-1.7488481267692814e-07,0.025000000000000001
114,-1.7488491059709831e-07,1.7474860862078704e-07,-3.4963351921788535e-07,4.4216417962403795e-21,3.1538452039844449e-05,6.4954698301677763e-19,-1.7488487673324521e-07,0.025000000000000001
114.25,-1.7488497462865714e-07,1.7475081384505622e-07,-3.4963578847371336e-07,4.3190375267056852e-21,3.1538452034908042e-05,6.4954698301677763e-19,-1.7488494079553508e-07,0.025000000000000001
114.5,-1.7488503866544565e-07,1.7475301765113242e-07,-3.4963805631657808e-07,4.4216417962403795e-21,3.1538452030099246e-05,6.4954698301677763e-19,-1.7488500486305824e-07,0.025000000000000001
114.75,-1.748851027067258e-07,1.7475522000215269e-07,-3.4964032270887849e-07,4.5614120180372746e-21,3.1538452025418e-05,6.5850667499378479e-19,-1.7488506893507628e-07,0.025000000000000001
115,-1.7488516675175915e-07,1.747574208612708e-07,-3.4964258761302994e-07,4.3190375267056852e-21,3.1538452020864324e-05,6.4954698301677763e-19,-1.7488513301085047e-07,0.025000000000000001
115.25,-1.7488523079980616e-07,1.7475962019166128e-07,-3.4964485099146743e-07,4.5614120180372746e-21,3.1538452016438184e-05,6.5850667499378479e-19,-1.7488519708964083e-07,0.025000000000000001
115.5,-1.7488529485012819e-07,1.7476181795651692e-07,-3.4964711280664511e-07,4.2562878834485848e-21,3.1538452012139586e-05,6.5850667499378479e-19,-1.7488526117070847e-07,0.025000000000000001
115.75,-1.7488535890198593e-07,1.7476401411905137e-07,-3.4964937302103729e-07,4.2351647362715017e-21,3.1538452007968552e-05,6.5850667499378479e-19,-1.7488532525331363e-07,0.025000000000000001
116,-1.7488542295464032e-07,1.7476620864249885e-07,-3.4965163159713917e-07,4.4216417962403795e-21,3.1538452003925074e-05,6.4954698301677763e-19,-1.7488538933671696e-07,0.025000000000000001
116.25,-1.7488548700735237e-07,1.7476840149011573e-07,-3.4965388849746809e-07,4.2562878834485848e-21,3.1538452000009119e-05,6.4954698301677763e-19,-1.7488545342017908e-07,0.025000000000000001
116.5,-1.7488555105938337e-07,1.7477059262518046e-07,-3.4965614368456383e-07,4.4216417962403795e-21,3.1538451996220625e-05,6.5850667499378479e-19,-1.7488551750296095e-07,0.025000000000000001
116.75,-1.7488561510999279e-07,1.7477278201099542e-07,-3.4965839712098821e-07,4.3190375267056852e-21,3.1538451992559668e-05,6.4954698301677763e-19,-1.7488558158432169e-07,0.025000000000000001
117,-1.7488567915844185e-07,1.7477496961088688e-07,-3.4966064876932873e-07,4.2562878834485848e-21,3.1538451989026212e-05,6.5850667499378479e-19,-1.7488564566352218e-07,0.025000000000000001
117.25,-1.7488574320399048e-07,1.7477715538820619e-07,-3.4966289859219668e-07,4.5614120180372746e-21,3.1538451985620259e-05,6.5850667499378479e-19,-1.7488570973982197e-07,0.025000000000000001
117.5,-1.7488580724590079e-07,1.7477933930632901e-07,-3.496651465522298e-07,4.4216417962403795e-21,3.1538451982341713e-05,6.5850667499378479e-19,-1.7488577381248281e-07,0.025000000000000001
117.75,-1.7488587128343192e-07,1.7478152132865971e-07,-3.4966739261209163e-07,4.4216417962403795e-21,3.1538451979190628e-05,6.5850667499378479e-19,-1.7488583788076351e-07,0.025000000000000001
118,-1.7488593531584556e-07,1.7478370141862691e-07,-3.4966963673447247e-07,4.2562878834485848e-21,3.1538451976166924e-05,6.5850667499378479e-19,-1.748859019439254e-07,0.025000000000000001
118.25,-1.7488599934240133e-07,1.7478587953968974e-07,-3.4967187888209108e-07,4.3190375267056852e-21,3.153845197327064e-05,6.5850667499378479e-19,-1.7488596600122775e-07,0.025000000000000001
118.5,-1.7488606336236097e-07,1.7478805565533386e-07,-3.4967411901769483e-07,4.3190375267056852e-21,3.1538451970501669e-05,6.4954698301677763e-19,-1.7488603005193196e-07,0.025000000000000001
118.75,-1.7488612737498342e-07,1.7479022972907633e-07,-3.4967635710405976e-07,4.4216417962403795e-21,3.1538451967860092e-05,6.5850667499378479e-19,-1.7488609409529657e-07,0.025000000000000001
119,-1.7488619137953016e-07,1.7479240172446248e-07,-3.4967859310399264e-07,4.4216417962403795e-21,3.1538451965345834e-05,6.4954698301677763e-19,-1.7488615813058277e-07,0.025000000000000001
119.25,-1.7488625537526243e-07,1.7479457160506944e-07,-3.4968082698033187e-07,4.3190375267056852e-21,3.1538451962958861e-05,6.4954698301677763e-19,-1.748862221570514e-07,0.025000000000000001
119.5,-1.7488631936144041e-07,1.7479673933450576e-07,-3.4968305869594617e-07,4.2351647362715017e-21,3.1538451960699133e-05,6.4954698301677763e-19,-1.748862861739623e-07,0.025000000000000001
119.75,-1.74886383337325e-07,1.7479890487641223e-07,-3.4968528821373723e-07,4.2562878834485848e-21,3.1538451958566582e-05,6.5850667499378479e-19,-1.7488635018057604e-07,0.025000000000000001
120,-1.7488644730217625e-07,1.7480106819446366e-07,-3.4968751549663992e-07,4.4216417962403795e-21,3.1538451956561269e-05,6.5850667499378479e-19,-1.7488641417615227e-07,0.025000000000000001
120.25,-1.7488651125525496e-07,1.7480322925236798e-07,-3.4968974050762294e-07,4.3190375267056852e-21,3.1538451954683173e-05,6.5850667499378479e-19,-1.7488647815995149e-07,0.025000000000000001
120.5,-1.7488657519582308e-07,1.7480538801386732e-07,-3.4969196320969039e-07,4.4216417962403795e-21,3.1538451952932146e-05,6.5850667499378479e-19,-1.7488654213123526e-07,0.025000000000000001
120.75,-1.7488663912314105e-07,1.7480754444274036e-07,-3.4969418356588141e-07,4.5614120180372746e-21,3.1538451951308242e-05,6.5850667499378479e-19,-1.7488660608926369e-07,0.025000000000000001
121,-1.7488670303646946e-07,1.7480969850280093e-07,-3.4969640153927039e-07,4.3190375267056852e-21,3.1538451949811406e-05,6.4954698301677763e-19,-1.7488667003329699e-07,0.025000000000000001
121.25,-1.7488676693507008e-07,1.7481185015789991e-07,-3.4969861709296999e-07,4.2351647362715017e-21,3.1538451948441591e-05,6.5850667499378479e-19,-1.7488673396259662e-07,0.025000000000000001
121.5,-1.748868308182048e-07,1.7481399937192594e-07,-3.4970083019013074e-07,4.2562878834485848e-21,3.1538451947198716e-05,6.5850667499378479e-19,-1.7488679787642407e-07,0.025000000000000001
121.75,-1.7488689468513439e-07,1.7481614610880588e-07,-3.4970304079394026e-07,4.2562878834485848e-21,3.1538451946082794e-05,6.4954698301677763e-19,-1.748868617740398e-07,0.025000000000000001
122,-1.7488695853512103e-07,1.7481829033250598e-07,-3.4970524886762701e-07,4.3190375267056852e-21,3.153845194509373e-05,6.5850667499378479e-19,-1.7488692565470561e-07,0.025000000000000001
122.25,-1.7488702236742508e-07,1.7482043200703236e-07,-3.4970745437445744e-07,4.2562878834485848e-21,3.1538451944231573e-05,6.4954698301677763e-19,-1.7488698951768148e-07,0.025000000000000001
122.5,-1.7488708618130962e-07,1.7482257109643111e-07,-3.4970965727774073e-07,4.2562878834485848e-21,3.1538451943496213e-05,6.4954698301677763e-19,-1.748870533622302e-07,0.025000000000000001
122.75,-1.7488714997603668e-07,1.7482470756478992e-07,-3.4971185754082661e-07,4.2562878834485848e-21,3.1538451942887569e-05,6.4954698301677763e-19,-1.7488711718761343e-07,0.025000000000000001
123,-1.7488721375086752e-07,1.7482684137623905e-07,-3.4971405512710658e-07,4.3190375267056852e-21,3.1538451942405675e-05,6.5850667499378479e-19,-1.7488718099309204e-07,0.025000000000000001
123.25,-1.7488727750506565e-07,1.7482897249495054e-07,-3.4971625000001619e-07,4.2351647362715017e-21,3.1538451942050402e-05,6.4954698301677763e-19,-1.7488724477792923e-07,0.025000000000000001
123.5,-1.7488734123789208e-07,1.7483110088514141e-07,-3.4971844212303349e-07,4.4216417962403795e-21,3.1538451941821784e-05,6.4954698301677763e-19,-1.7488730854138564e-07,0.025000000000000001
123.75,-1.7488740494861068e-07,1.7483322651107108e-07,-3.4972063145968176e-07,4.2351647362715017e-21,3.1538451941719673e-05,6.4954698301677763e-19,-1.7488737228272477e-07,0.025000000000000001
124,-1.7488746863648472e-07,1.7483534933704517e-07,-3.4972281797352989e-07,4.2351647362715017e-21,3.1538451941744061e-05,6.5850667499378479e-19,-1.7488743600120958e-07,0.025000000000000001
124.25,-1.7488753230077599e-07,1.7483746932741527e-07,-3.4972500162819126e-07,4.3190375267056852e-21,3.1538451941894921e-05,6.5850667499378479e-19,-1.7488749969610148e-07,0.025000000000000001
124.5,-1.7488759594074831e-07,1.7483958644657872e-07,-3.4972718238732703e-07,4.4216417962403795e-21,3.1538451942172144e-05,6.5850667499378479e-19,-1.7488756336666394e-07,0.025000000000000001
124.75,-1.7488765955566564e-07,1.7484170065898009e-07,-3.4972936021464572e-07,4.5614120180372746e-21,3.1538451942575711e-05,6.4954698301677763e-19,-1.7488762701216056e-07,0.025000000000000001
125,-1.7488772314479178e-07,1.7484381192911169e-07,-3.4973153507390347e-07,4.4216417962403795e-21,3.1538451943105514e-05,6.5850667499378479e-19,-1.7488769063185483e-07,0.025000000000000001
125.25,-1.7488778670738997e-07,1.7484592022151564e-07,-3.4973370692890561e-07,4.2562878834485848e-21,3.1538451943761564e-05,6.4954698301677763e-19,-1.7488775422500957e-07,0.025000000000000001
125.5,-1.7488785024272521e-07,1.7484802550078175e-07,-3.4973587574350696e-07,4.2351647362715017e-21,3.1538451944543742e-05,6.5850667499378479e-19,-1.7488781779088948e-07,0.025000000000000001
125.75,-1.748879137500612e-07,1.748501277315514e-07,-3.4973804148161261e-07,4.4216417962403795e-21,3.1538451945452032e-05,6.5850667499378479e-19,-1.7488788132875788e-07,0.025000000000000001
126,-1.7488797722866313e-07,1.7485222687851614e-07,-3.4974020410717927e-07,4.2562878834485848e-21,3.1538451946486334e-05,6.4954698301677763e-19,-1.7488794483787965e-07,0.025000000000000001
126.25,-1.7488804067779662e-07,1.7485432290641831e-07,-3.4974236358421493e-07,4.2562878834485848e-21,3.1538451947646566e-05,6.5850667499378479e-19,-1.7488800831752001e-07,0.025000000000000001
126.5,-1.7488810409672648e-07,1.7485641578005404e-07,-3.4974451987678052e-07,4.3190375267056852e-21,3.1538451948932687e-05,6.5850667499378479e-19,-1.7488807176694343e-07,0.025000000000000001
126.75,-1.7488816748471854e-07,1.7485850546427109e-07,-3.4974667294898963e-07,4.4216417962403795e-21,3.1538451950344616e-05,6.4954698301677763e-19,-1.7488813518541542e-07,0.025000000000000001
127,-1.7488823084103864e-07,1.748605919239718e-07,-3.4974882276501044e-07,4.4216417962403795e-21,3.1538451951882286e-05,6.4954698301677763e-19,-1.7488819857220144e-07,0.025000000000000001
127.25,-1.7488829416495311e-07,1.7486267512411217e-07,-3.4975096928906528e-07,4.3190375267056852e-21,3.1538451953545628e-05,6.4954698301677763e-19,-1.7488826192656745e-07,0.025000000000000001
127.5,-1.7488835745572839e-07,1.7486475502970405e-07,-3.4975311248543244e-07,4.5614120180372746e-21,3.1538451955334562e-05,6.4954698301677763e-19,-1.748883252477796e-07,0.025000000000000001
127.75,-1.7488842071263035e-07,1.7486683160581551e-07,-3.4975525231844586e-07,4.5614120180372746e-21,3.1538451957249107e-05,6.4954698301677763e-19,-1.7488838853510335e-07,0.025000000000000001
128,-1.7488848393492728e-07,1.7486890481756999e-07,-3.4975738875249727e-07,4.3190375267056852e-21,3.1538451959289074e-05,6.5850667499378479e-19,-1.7488845178780668e-07,0.025000000000000001
128.25,-1.748885471218874e-07,1.7487097463014819e-07,-3.4975952175203559e-07,4.3190375267056852e-21,3.1538451961454368e-05,6.5850667499378479e-19,-1.7488851500515744e-07,0.025000000000000001
128.5,-1.7488861027277758e-07,1.7487304100878992e-07,-3.497616512815675e-07,4.2351647362715017e-21,3.1538451963744962e-05,6.5850667499378479e-19,-1.7488857818642213e-07,0.025000000000000001
128.75,-1.7488867338686669e-07,1.7487510391879269e-07,-3.4976377730565938e-07,4.3190375267056852e-21,3.1538451966160768e-05,6.5850667499378479e-19,-1.748886413308693e-07,0.025000000000000001
129,-1.7488873646342297e-07,1.748771633255142e-07,-3.4976589978893717e-07,4.3190375267056852e-21,3.1538451968701731e-05,6.5850667499378479e-19,-1.7488870443776683e-07,0.025000000000000001
129.25,-1.7488879950171539e-07,1.7487921919437184e-07,-3.4976801869608723e-07,4.4216417962403795e-21,3.1538451971367744e-05,6.5850667499378479e-19,-1.7488876750638335e-07,0.025000000000000001
129.5,-1.7488886250101324e-07,1.7488127149084423e-07,-3.4977013399185747e-07,4.3190375267056852e-21,3.1538451974158744e-05,6.4954698301677763e-19,-1.748888305359878e-07,0.025000000000000001
129.75,-1.7488892546058702e-07,1.7488332018047073e-07,-3.4977224564105775e-07,4.2562878834485848e-21,3.1538451977074625e-05,6.5850667499378479e-19,-1.7488889352585032e-07,0.025000000000000001
130,-1.7488898837970624e-07,1.7488536522885342e-07,-3.4977435360855966e-07,4.5614120180372746e-21,3.153845198011527e-05,6.4954698301677763e-19,-1.7488895647524006e-07,0.025000000000000001
130.25,-1.748890512576418e-07,1.7488740660165736e-07,-3.4977645785929916e-07,4.2351647362715017e-21,3.1538451983280645e-05,6.4954698301677763e-19,-1.7488901938342758e-07,0.025000000000000001
130.5,-1.7488911409366518e-07,1.7488944426461055e-07,-3.4977855835827573e-07,4.2351647362715017e-21,3.1538451986570589e-05,6.5850667499378479e-19,-1.7488908224968404e-07,0.025000000000000001
130.75,-1.7488917688704721e-07,1.7489147818350682e-07,-3.4978065507055403e-07,4.2351647362715017e-21,3.1538451989985081e-05,6.4954698301677763e-19,-1.7488914507327989e-07,0.025000000000000001
131,-1.7488923963706014e-07,1.7489350832420373e-07,-3.4978274796126387e-07,4.5614120180372746e-21,3.1538451993523998e-05,6.4954698301677763e-19,-1.74889207853487e-07,0.025000000000000001
131.25,-1.7488930234297612e-07,1.7489553465262484e-07,-3.4978483699560096e-07,4.2351647362715017e-21,3.1538451997187246e-05,6.5850667499378479e-19,-1.7488927058957726e-07,0.025000000000000001
131.5,-1.7488936500406774e-07,1.748975571347605e-07,-3.4978692213882824e-07,4.5614120180372746e-21,3.1538452000974771e-05,6.4954698301677763e-19,-1.7488933328082283e-07,0.025000000000000001
131.75,-1.748894276196088e-07,1.7489957573666781e-07,-3.4978900335627661e-07,4.2351647362715017e-21,3.1538452004886423e-05,6.5850667499378479e-19,-1.7488939592649719e-07,0.025000000000000001
132,-1.7488949018887273e-07,1.7490159042447167e-07,-3.497910806133444e-07,4.3190375267056852e-21,3.1538452008922122e-05,6.4954698301677763e-19,-1.7488945852587344e-07,0.025000000000000001
132.25,-1.7488955271113365e-07,1.7490360116436576e-07,-3.4979315387549941e-07,4.4216417962403795e-21,3.1538452013081799e-05,6.5850667499378479e-19,-1.748895210782253e-07,0.025000000000000001
132.5,-1.7488961518566637e-07,1.7490560792261287e-07,-3.4979522310827924e-07,4.5614120180372746e-21,3.1538452017365333e-05,6.4954698301677763e-19,-1.748895835828273e-07,0.025000000000000001
132.75,-1.7488967761174635e-07,1.7490761066554532e-07,-3.4979728827729167e-07,4.4216417962403795e-21,3.1538452021772608e-05,6.5850667499378479e-19,-1.7488964603895453e-07,0.025000000000000001
133,-1.7488973998864818e-07,1.7490960935956674e-07,-3.4979934934821492e-07,4.2351647362715017e-21,3.153845202630359e-05,6.4954698301677763e-19,-1.7488970844588119e-07,0.025000000000000001
133.25,-1.7488980231564966e-07,1.7491160397115098e-07,-3.4980140628680063e-07,4.4216417962403795e-21,3.1538452030958043e-05,6.5850667499378479e-19,-1.7488977080288478e-07,0.025000000000000001
133.5,-1.7488986459202681e-07,1.7491359446684465e-07,-3.4980345905887146e-07,4.2562878834485848e-21,3.1538452035735973e-05,6.5850667499378479e-19,-1.7488983310924097e-07,0.025000000000000001
133.75,-1.7488992681705719e-07,1.7491558081326665e-07,-3.4980550763032384e-07,4.3190375267056852e-21,3.153845204063721e-05,6.4954698301677763e-19,-1.7488989536422696e-07,0.025000000000000001
134,-1.7488998899001876e-07,1.7491756297710889e-07,-3.4980755196712765e-07,4.3190375267056852e-21,3.1538452045661674e-05,6.4954698301677763e-19,-1.7488995756712038e-07,0.025000000000000001
134.25,-1.7489005111018969e-07,1.7491954092513797e-07,-3.4980959203532766e-07,4.2562878834485848e-21,3.1538452050809229e-05,6.4954698301677763e-19,-1.7489001971719904e-07,0.025000000000000001
134.5,-1.7489011317684892e-07,1.7492151462419469e-07,-3.4981162780104362e-07,4.3190375267056852e-21,3.1538452056079793e-05,6.5850667499378479e-19,-1.7489008181374151e-07,0.025000000000000001
134.75,-1.7489017518927541e-07,1.7492348404119565e-07,-3.4981365923047107e-07,4.3190375267056852e-21,3.1538452061473252e-05,6.5850667499378479e-19,-1.7489014385602644e-07,0.025000000000000001
135,-1.7489023714675003e-07,1.7492544914313218e-07,-3.4981568628988222e-07,4.2351647362715017e-21,3.1538452066989517e-05,6.5850667499378479e-19,-1.7489020584333435e-07,0.025000000000000001
135.25,-1.7489029904855299e-07,1.7492740989707379e-07,-3.4981770894562678e-07,4.3190375267056852e-21,3.1538452072628398e-05,6.5850667499378479e-19,-1.7489026777494509e-07,0.025000000000000001
135.5,-1.7489036089396478e-07,1.7492936627016682e-07,-3.4981972716413159e-07,4.2351647362715017e-21,3.1538452078389869e-05,6.5850667499378479e-19,-1.7489032965013884e-07,0.025000000000000001
135.75,-1.7489042268226809e-07,1.7493131822963509e-07,-3.4982174091190318e-07,4.2351647362715017e-21,3.1538452084273807e-05,6.5850667499378479e-19,-1.748903914681979e-07,0.025000000000000001
136,-1.7489048441274659e-07,1.7493326574278119e-07,-3.4982375015552779e-07,4.2562878834485848e-21,3.1538452090279955e-05,6.5850667499378479e-19,-1.7489045322840561e-07,0.025000000000000001
136.25,-1.7489054608468188e-07,1.7493520877698797e-07,-3.4982575486166984e-07,4.3190375267056852e-21,3.1538452096408306e-05,6.5850667499378479e-19,-1.7489051493004325e-07,0.025000000000000001
136.5,-1.7489060769735762e-07,1.7493714729971737e-07,-3.49827754997075e-07,4.2562878834485848e-21,3.1538452102658779e-05,6.5850667499378479e-19,-1.7489057657239413e-07,0.025000000000000001
136.75,-1.7489066925005854e-07,1.7493908127851278e-07,-3.4982975052857132e-07,3.3881317890172014e-21,3.1538452109031184e-05,6.4954698301677763e-19,-1.7489063815474261e-07,0.025000000000000001
137,-1.7489073074206968e-07,1.7494101068099767e-07,-3.4983174142306735e-07,3.3881317890172014e-21,3.1538452115525413e-05,6.5850667499378479e-19,-1.7489069967637338e-07,0.025000000000000001
137.25,-1.7489079217267649e-07,1.7494293547487895e-07,-3.4983372764755544e-07,4.2562878834485848e-21,3.1538452122141343e-05,6.5850667499378479e-19,-1.748907611365716e-07,0.025000000000000001
137.5,-1.7489085354116601e-07,1.7494485562794508e-07,-3.4983570916911109e-07,3.3881317890172014e-21,3.1538452128878812e-05,6.5850667499378479e-19,-1.7489082253462392e-07,0.025000000000000001
137.75,-1.7489091484682493e-07,1.7494677110806801e-07,-3.4983768595489294e-07,4.3190375267056852e-21,3.1538452135737726e-05,6.4954698301677763e-19,-1.748908838698167e-07,0.025000000000000001
138,-1.7489097608893975e-07,1.7494868188320493e-07,-3.4983965797214468e-07,3.4144989710325696e-21,3.1538452142717976e-05,6.4954698301677763e-19,-1.7489094514143612e-07,0.025000000000000001
138.25,-1.7489103726679998e-07,1.7495058792139564e-07,-3.4984162518819561e-07,2.576150136743263e-21,3.1538452149819398e-05,6.4954698301677763e-19,-1.7489100634877132e-07,0.025000000000000001
138.5,-1.7489109837969397e-07,1.7495248919076679e-07,-3.4984358757046076e-07,3.4924063099077129e-21,3.1538452157041879e-05,6.5850667499378479e-19,-1.7489106749111032e-07,0.025000000000000001
138.75,-1.7489115942691201e-07,1.749543856595302e-07,-3.4984554508644221e-07,2.576150136743263e-21,3.1538452164385261e-05,6.4954698301677763e-19,-1.7489112856774309e-07,0.025000000000000001
139,-1.7489122040774438e-07,1.7495627729598435e-07,-3.4984749770372874e-07,2.541098841762901e-21,3.1538452171849451e-05,6.5850667499378479e-19,-1.7489118957795954e-07,0.025000000000000001
139.25,-1.7489128132148224e-07,1.7495816406851473e-07,-3.4984944538999697e-07,3.3881317890172014e-21,3.1538452179434245e-05,6.5850667499378479e-19,-1.7489125052105047e-07,0.025000000000000001
139.5,-1.7489134216741733e-07,1.7496004594559521e-07,-3.4985138811301254e-07,4.2562878834485848e-21,3.1538452187139534e-05,6.5850667499378479e-19,-1.7489131139630733e-07,0.025000000000000001
139.75,-1.7489140294484284e-07,1.7496192289578725e-07,-3.4985332584063008e-07,3.3881317890172014e-21,3.153845219496517e-05,6.5850667499378479e-19,-1.7489137220302295e-07,0.025000000000000001
140,-1.7489146365305159e-07,1.7496379488774283e-07,-3.4985525854079442e-07,3.4924063099077129e-21,3.1538452202911037e-05,6.4954698301677763e-19,-1.7489143294048978e-07,0.025000000000000001
140.25,-1.748915242913379e-07,1.7496566189020248e-07,-3.4985718618154038e-07,4.2351647362715017e-21,3.1538452210977013e-05,6.5850667499378479e-19,-1.7489149360800185e-07,0.025000000000000001
140.5,-1.7489158485899663e-07,1.7496752387199776e-07,-3.4985910873099439e-07,4.2562878834485848e-21,3.1538452219162957e-05,6.4954698301677763e-19,-1.7489155420485365e-07,0.025000000000000001
140.75,-1.7489164535532218e-07,1.7496938080205141e-07,-3.4986102615737359e-07,3.4144989710325696e-21,3.1538452227468806e-05,6.5850667499378479e-19,-1.7489161473033926e-07,0.025000000000000001
141,-1.7489170577961261e-07,1.7497123264937676e-07,-3.4986293842898937e-07,2.576150136743263e-21,3.1538452235894236e-05,6.4954698301677763e-19,-1.748916751837564e-07,0.025000000000000001
141.25,-1.7489176613116549e-07,1.7497307938308022e-07,-3.498648455142457e-07,3.4924063099077129e-21,3.1538452244439145e-05,6.5850667499378479e-19,-1.7489173556440229e-07,0.025000000000000001
141.5,-1.7489182640927778e-07,1.749749209723615e-07,-3.4986674738163927e-07,2.6785533665288553e-21,3.1538452253103438e-05,6.5850667499378479e-19,-1.7489179587157356e-07,0.025000000000000001
141.75,-1.7489188661324842e-07,1.7497675738651329e-07,-3.4986864399976172e-07,3.4924063099077129e-21,3.1538452261886946e-05,6.5850667499378479e-19,-1.7489185610456882e-07,0.025000000000000001
142,-1.7489194674237762e-07,1.7497858859492241e-07,-3.4987053533730004e-07,3.4924063099077129e-21,3.1538452270789527e-05,6.5850667499378479e-19,-1.7489191626268791e-07,0.025000000000000001
142.25,-1.7489200679596538e-07,1.7498041456707055e-07,-3.4987242136303593e-07,2.576150136743263e-21,3.1538452279811024e-05,6.5850667499378479e-19,-1.7489197634523053e-07,0.025000000000000001
142.5,-1.7489206677331311e-07,1.7498223527253561e-07,-3.4987430204584871e-07,3.4924063099077129e-21,3.1538452288951228e-05,6.5850667499378479e-19,-1.7489203635149774e-07,0.025000000000000001
142.75,-1.7489212667372271e-07,1.749840506809905e-07,-3.4987617735471321e-07,3.4144989710325696e-21,3.1538452298210118e-05,6.4954698301677763e-19,-1.7489209628079111e-07,0.025000000000000001
143,-1.748921864964969e-07,1.7498586076220551e-07,-3.4987804725870241e-07,3.3881317890172014e-21,3.1538452307587484e-05,6.5850667499378479e-19,-1.7489215613241302e-07,0.025000000000000001
143.25,-1.7489224624094058e-07,1.7498766548604715e-07,-3.4987991172698773e-07,3.3881317890172014e-21,3.1538452317083089e-05,6.5850667499378479e-19,-1.7489221590566805e-07,0.025000000000000001
143.5,-1.7489230590635791e-07,1.7498946482248108e-07,-3.49881770728839e-07,3.4144989710325696e-21,3.1538452326696838e-05,6.5850667499378479e-19,-1.7489227559985999e-07,0.025000000000000001
143.75,-1.7489236549205415e-07,1.7499125874157085e-07,-3.49883624233625e-07,4.2562878834485848e-21,3.1538452336428563e-05,6.5850667499378479e-19,-1.748923352142938e-07,0.025000000000000001
144,-1.7489242499733598e-07,1.7499304721347914e-07,-3.4988547221081512e-07,2.576150136743263e-21,3.1538452346278099e-05,6.5850667499378479e-19,-1.7489239474827582e-07,0.025000000000000001
144.25,-1.7489248442151111e-07,1.7499483020846818e-07,-3.4988731462997929e-07,3.4144989710325696e-21,3.1538452356245291e-05,6.4954698301677763e-19,-1.7489245420111342e-07,0.025000000000000001
144.5,-1.7489254376388731e-07,1.7499660769690106e-07,-3.4988915146078837e-07,3.3881317890172014e-21,3.1538452366329964e-05,6.4954698301677763e-19,-1.7489251357211404e-07,0.025000000000000001
144.75,-1.748926030237725e-07,1.7499837964924169e-07,-3.4989098267301419e-07,3.4144989710325696e-21,3.1538452376532029e-05,6.5850667499378479e-19,-1.7489257286058525e-07,0.025000000000000001
145,-1.7489266220047922e-07,1.7500014603605456e-07,-3.4989280823653378e-07,3.4144989710325696e-21,3.1538452386851228e-05,6.4954698301677763e-19,-1.7489263206583931e-07,0.025000000000000001
145.25,-1.7489272129331718e-07,1.7500190682800739e-07,-3.4989462812132458e-07,4.2351647362715017e-21,3.1538452397287392e-05,6.5850667499378479e-19,-1.7489269118718554e-07,0.025000000000000001
145.5,-1.7489278030159802e-07,1.7500366199587046e-07,-3.4989644229746848e-07,3.4924063099077129e-21,3.1538452407840413e-05,6.5850667499378479e-19,-1.7489275022393526e-07,0.025000000000000001
145.75,-1.7489283922463475e-07,1.7500541151051682e-07,-3.4989825073515158e-07,3.4144989710325696e-21,3.153845241851008e-05,6.4954698301677763e-19,-1.7489280917540117e-07,0.025000000000000001
146,-1.7489289806174087e-07,1.7500715534292426e-07,-3.4990005340466513e-07,4.2351647362715017e-21,3.1538452429296293e-05,6.5850667499378479e-19,-1.7489286804089645e-07,0.025000000000000001
146.25,-1.7489295681223197e-07,1.7500889346417375e-07,-3.4990185027640571e-07,2.541098841762901e-21,3.1538452440198779e-05,6.5850667499378479e-19,-1.748929268197363e-07,0.025000000000000001
146.5,-1.748930154754235e-07,1.7501062584545217e-07,-3.4990364132087567e-07,3.4924063099077129e-21,3.153845245121739e-05,6.4954698301677763e-19,-1.7489298551123592e-07,0.025000000000000001
146.75,-1.7489307405063169e-07,1.7501235245805317e-07,-3.4990542650868486e-07,2.576150136743263e-21,3.1538452462351991e-05,6.4954698301677763e-19,-1.7489304411471116e-07,0.025000000000000001
147,-1.7489313253717417e-07,1.7501407327337449e-07,-3.4990720581054866e-07,3.3881317890172014e-21,3.1538452473602404e-05,6.4954698301677763e-19,-1.7489310262947931e-07,0.025000000000000001
147.25,-1.7489319093436999e-07,1.7501578826292213e-07,-3.4990897919729212e-07,3.4144989710325696e-21,3.1538452484968434e-05,6.5850667499378479e-19,-1.7489316105485915e-07,0.025000000000000001
147.5,-1.7489324924153847e-07,1.7501749739830873e-07,-3.499107466398472e-07,2.541098841762901e-21,3.1538452496449905e-05,6.4954698301677763e-19,-1.7489321939016964e-07,0.025000000000000001
147.75,-1.7489330745800046e-07,1.7501920065125581e-07,-3.4991250810925627e-07,3.4144989710325696e-21,3.1538452508046626e-05,6.5850667499378479e-19,-1.7489327763473129e-07,0.025000000000000001
148,-1.7489336558307747e-07,1.7502089799359277e-07,-3.4991426357667024e-07,4.2562878834485848e-21,3.1538452519758463e-05,6.5850667499378479e-19,-1.7489333578786529e-07,0.025000000000000001
148.25,-1.7489342361609135e-07,1.7502258939725889e-07,-3.4991601301335023e-07,3.4144989710325696e-21,3.1538452531585232e-05,6.5850667499378479e-19,-1.7489339384889316e-07,0.025000000000000001
148.5,-1.7489348155636724e-07,1.7502427483430194e-07,-3.4991775639066918e-07,3.4144989710325696e-21,3.1538452543526688e-05,6.4954698301677763e-19,-1.7489345181713975e-07,0.025000000000000001
148.75,-1.7489353940322905e-07,1.7502595427688092e-07,-3.4991949368010998e-07,3.3881317890172014e-21,3.1538452555582705e-05,6.5850667499378479e-19,-1.7489350969192861e-07,0.025000000000000001
149,-1.7489359715600285e-07,1.7502762769726547e-07,-3.4992122485326832e-07,2.6785533665288553e-21,3.1538452567753017e-05,6.5850667499378479e-19,-1.7489356747258546e-07,0.025000000000000001
149.25,-1.7489365481401546e-07,1.7502929506783647e-07,-3.4992294988185193e-07,3.3881317890172014e-21,3.1538452580037488e-05,6.5850667499378479e-19,-1.7489362515843687e-07,0.025000000000000001
149.5,-1.7489371237659473e-07,1.7503095636108705e-07,-3.4992466873768178e-07,2.576150136743263e-21,3.1538452592435929e-05,6.4954698301677763e-19,-1.7489368274881031e-07,0.025000000000000001
149.75,-1.7489376984307006e-07,1.7503261154962247e-07,-3.4992638139269253e-07,4.3190375267056852e-21,3.1538452604948137e-05,6.4954698301677763e-19,-1.7489374024303486e-07,0.025000000000000001
150,-1.7489382721277051e-07,1.7503426060616181e-07,-3.4992808781893232e-07,3.4924063099077129e-21,3.1538452617573956e-05,6.5850667499378479e-19,-1.7489379764043926e-07,0.025000000000000001
150.25,-1.7489388448502717e-07,1.7503590350353734e-07,-3.4992978798856451e-07,2.6785533665288553e-21,3.1538452630313217e-05,6.5850667499378479e-19,-1.748938549403543e-07,0.025000000000000001
150.5,-1.7489394165917316e-07,1.7503754021469525e-07,-3.4993148187386842e-07,3.3881317890172014e-21,3.1538452643165634e-05,6.5850667499378479e-19,-1.7489391214211278e-07,0.025000000000000001
150.75,-1.7489399873454051e-07,1.7503917071269719e-07,-3.499331694472377e-07,2.6785533665288553e-21,3.1538452656131133e-05,6.4954698301677763e-19,-1.7489396924504636e-07,0.025000000000000001
151,-1.7489405571046531e-07,1.7504079497071914e-07,-3.4993485068118445e-07,3.4144989710325696e-21,3.1538452669209363e-05,6.4954698301677763e-19,-1.7489402624849087e-07,0.025000000000000001
151.25,-1.7489411258628218e-07,1.7504241296205377e-07,-3.4993652554833595e-07,3.4144989710325696e-21,3.1538452682400254e-05,6.4954698301677763e-19,-1.7489408315178056e-07,0.025000000000000001
151.5,-1.748941693613273e-07,1.7504402466010998e-07,-3.4993819402143727e-07,3.3881317890172014e-21,3.1538452695703611e-05,6.4954698301677763e-19,-1.7489413995425131e-07,0.025000000000000001
151.75,-1.7489422603493866e-07,1.7504563003841363e-07,-3.4993985607335229e-07,2.576150136743263e-21,3.1538452709119224e-05,6.4954698301677763e-19,-1.7489419665524081e-07,0.025000000000000001
152,-1.7489428260645589e-07,1.7504722907060745e-07,-3.4994151167706334e-07,4.2351647362715017e-21,3.1538452722646815e-05,6.5850667499378479e-19,-1.7489425325408836e-07,0.025000000000000001
152.25,-1.7489433907521906e-07,1.7504882173045279e-07,-3.4994316080567185e-07,3.4144989710325696e-21,3.1538452736286227e-05,6.5850667499378479e-19,-1.7489430975013369e-07,0.025000000000000001
152.5,-1.7489439544056908e-07,1.7505040799182904e-07,-3.4994480343239812e-07,2.541098841762901e-21,3.1538452750037258e-05,6.5850667499378479e-19,-1.7489436614271738e-07,0.025000000000000001
152.75,-1.7489445170184806e-07,1.7505198782873569e-07,-3.4994643953058375e-07,2.576150136743263e-21,3.1538452763899725e-05,6.5850667499378479e-19,-1.7489442243118127e-07,0.025000000000000001
153,-1.7489450785840052e-07,1.7505356121529073e-07,-3.4994806907369125e-07,4.3190375267056852e-21,3.1538452777873322e-05,6.4954698301677763e-19,-1.7489447861486957e-07,0.025000000000000001
153.25,-1.7489456390956993e-07,1.7505512812573306e-07,-3.4994969203530298e-07,3.3881317890172014e-21,3.1538452791957989e-05,6.5850667499378479e-19,-1.7489453469312538e-07,0.025000000000000001
153.5,-1.7489461985470238e-07,1.7505668853442155e-07,-3.4995130838912393e-07,4.2562878834485848e-21,3.1538452806153462e-05,6.4954698301677763e-19,-1.7489459066529451e-07,0.025000000000000001
153.75,-1.7489467569314608e-07,1.7505824241583665e-07,-3.4995291810898273e-07,3.4144989710325696e-21,3.1538452820459516e-05,6.5850667499378479e-19,-1.7489464653072484e-07,0.025000000000000001
154,-1.7489473142424906e-07,1.7505978974458019e-07,-3.4995452116882925e-07,2.576150136743263e-21,3.1538452834875922e-05,6.4954698301677763e-19,-1.748947022887641e-07,0.025000000000000001
154.25,-1.7489478704736029e-07,1.7506133049537643e-07,-3.4995611754273672e-07,4.2351647362715017e-21,3.153845284940253e-05,6.5850667499378479e-19,-1.7489475793876092e-07,0.025000000000000001
154.5,-1.7489484256183035e-07,1.7506286464307342e-07,-3.4995770720490377e-07,4.2562878834485848e-21,3.1538452864039138e-05,6.4954698301677763e-19,-1.748948134800656e-07,0.025000000000000001
154.75,-1.7489489796701212e-07,1.750643921626401e-07,-3.4995929012965222e-07,4.3190375267056852e-21,3.1538452878785439e-05,6.5850667499378479e-19,-1.7489486891203071e-07,0.025000000000000001
155,-1.7489495326225831e-07,1.7506591302917138e-07,-3.4996086629142969e-07,4.3190375267056852e-21,3.1538452893641286e-05,6.5850667499378479e-19,-1.748949242340086e-07,0.025000000000000001
155.25,-1.7489500844692461e-07,1.7506742721788433e-07,-3.4996243566480893e-07,4.2351647362715017e-21,3.1538452908606406e-05,6.4954698301677763e-19,-1.7489497944535469e-07,0.025000000000000001
155.5,-1.7489506352036473e-07,1.7506893470412381e-07,-3.4996399822448855e-07,4.2562878834485848e-21,3.1538452923680679e-05,6.4954698301677763e-19,-1.7489503454542235e-07,0.025000000000000001
155.75,-1.748951184819365e-07,1.7507043546335668e-07,-3.4996555394529318e-07,3.4924063099077129e-21,3.153845293886386e-05,6.4954698301677763e-19,-1.7489508953356915e-07,0.025000000000000001
156,-1.7489517333099864e-07,1.7507192947117727e-07,-3.4996710280217591e-07,2.576150136743263e-21,3.1538452954155637e-05,6.5850667499378479e-19,-1.7489514440915344e-07,0.025000000000000001
156.25,-1.748952280669108e-07,1.750734167033058e-07,-3.499686447702166e-07,3.4144989710325696e-21,3.1538452969555855e-05,6.4954698301677763e-19,-1.7489519917153459e-07,0.025000000000000001
156.5,-1.7489528268903223e-07,1.750748971355903e-07,-3.4997017982462254e-07,4.2562878834485848e-21,3.1538452985064371e-05,6.5850667499378479e-19,-1.7489525382007154e-07,0.025000000000000001
156.75,-1.7489533719672593e-07,1.7507637074400443e-07,-3.4997170794073036e-07,4.2562878834485848e-21,3.1538453000680894e-05,6.4954698301677763e-19,-1.7489530835412699e-07,0.025000000000000001
157,-1.7489539158935649e-07,1.7507783750464989e-07,-3.4997322909400638e-07,3.3881317890172014e-21,3.1538453016405105e-05,6.4954698301677763e-19,-1.7489536277306521e-07,0.025000000000000001
157.25,-1.7489544586628755e-07,1.7507929739375702e-07,-3.4997474326004457e-07,2.541098841762901e-21,3.1538453032236903e-05,6.5850667499378479e-19,-1.7489541707624952e-07,0.025000000000000001
157.5,-1.7489550002688545e-07,1.7508075038768494e-07,-3.4997625041457039e-07,2.576150136743263e-21,3.1538453048175969e-05,6.5850667499378479e-19,-1.74895471263046e-07,0.025000000000000001
157.75,-1.7489555407051719e-07,1.7508219646292214e-07,-3.4997775053343933e-07,4.2562878834485848e-21,3.1538453064222168e-05,6.4954698301677763e-19,-1.748955253328213e-07,0.025000000000000001
158,-1.7489560799655119e-07,1.7508363559608682e-07,-3.49979243592638e-07,3.4144989710325696e-21,3.1538453080375242e-05,6.5850667499378479e-19,-1.7489557928494354e-07,0.025000000000000001
158.25,-1.7489566180435871e-07,1.7508506776392609e-07,-3.4998072956828479e-07,3.4144989710325696e-21,3.1538453096634927e-05,6.4954698301677763e-19,-1.7489563311878369e-07,0.025000000000000001
158.5,-1.7489571549331046e-07,1.7508649294331875e-07,-3.4998220843662921e-07,3.4144989710325696e-21,3.1538453113001e-05,6.4954698301677763e-19,-1.7489568683371214e-07,0.025000000000000001
158.75,-1.7489576906277829e-07,1.750879111112751e-07,-3.4998368017405338e-07,2.6785533665288553e-21,3.1538453129473283e-05,6.4954698301677763e-19,-1.7489574042910048e-07,0.025000000000000001
159,-1.7489582251213766e-07,1.7508932224493545e-07,-3.4998514475707311e-07,4.2351647362715017e-21,3.1538453146051432e-05,6.4954698301677763e-19,-1.7489579390432382e-07,0.025000000000000001
159.25,-1.7489587584076303e-07,1.7509072632157384e-07,-3.4998660216233686e-07,4.2562878834485848e-21,3.1538453162735346e-05,6.5850667499378479e-19,-1.7489584725875632e-07,0.025000000000000001
159.5,-1.7489592904803115e-07,1.7509212331859663e-07,-3.4998805236662778e-07,3.4924063099077129e-21,3.1538453179524758e-05,6.4954698301677763e-19,-1.7489590049177445e-07,0.025000000000000001
159.75,-1.7489598213332102e-07,1.7509351321354124e-07,-3.4998949534686226e-07,3.4924063099077129e-21,3.1538453196419352e-05,6.5850667499378479e-19,-1.748959536027569e-07,0.025000000000000001
160,-1.7489603509601198e-07,1.7509489598408045e-07,-3.4999093108009243e-07,4.3190375267056852e-21,3.1538453213418924e-05,6.5850667499378479e-19,-1.748960065910827e-07,0.025000000000000001
160.25,-1.7489608793548442e-07,1.7509627160802047e-07,-3.4999235954350489e-07,4.3190375267056852e-21,3.1538453230523297e-05,6.4954698301677763e-19,-1.7489605945613199e-07,0.025000000000000001
160.5,-1.7489614065112112e-07,1.7509764006330143e-07,-3.4999378071442255e-07,3.4924063099077129e-21,3.1538453247732195e-05,6.5850667499378479e-19,-1.7489611219728717e-07,0.025000000000000001
160.75,-1.7489619324230594e-07,1.7509900132799861e-07,-3.4999519457030455e-07,2.576150136743263e-21,3.1538453265045365e-05,6.5850667499378479e-19,-1.7489616481393187e-07,0.025000000000000001
161,-1.7489624570842444e-07,1.7510035538032183e-07,-3.4999660108874628e-07,2.541098841762901e-21,3.1538453282462524e-05,6.4954698301677763e-19,-1.7489621730545133e-07,0.025000000000000001
161.25,-1.7489629804886277e-07,1.7510170219861759e-07,-3.4999800024748035e-07,3.4144989710325696e-21,3.1538453299983496e-05,6.4954698301677763e-19,-1.7489626967123139e-07,0.025000000000000001
161.5,-1.7489635026300853e-07,1.7510304176136824e-07,-3.4999939202437676e-07,3.3881317890172014e-21,3.1538453317608069e-05,6.4954698301677763e-19,-1.7489632191065937e-07,0.025000000000000001
161.75,-1.7489640235025287e-07,1.7510437404719129e-07,-3.5000077639744416e-07,3.4924063099077129e-21,3.1538453335335906e-05,6.5850667499378479e-19,-1.7489637402312613e-07,0.025000000000000001
162,-1.7489645430998577e-07,1.7510569903484273e-07,-3.500021533448285e-07,4.3190375267056852e-21,3.153845335316677e-05,6.4954698301677763e-19,-1.7489642600802134e-07,0.025000000000000001
162.25,-1.7489650614159957e-07,1.7510701670321616e-07,-3.5000352284481573e-07,3.4144989710325696e-21,3.1538453371100429e-05,6.5850667499378479e-19,-1.7489647786473704e-07,0.025000000000000001
162.5,-1.7489655784448771e-07,1.7510832703134205e-07,-3.5000488487582976e-07,4.2562878834485848e-21,3.1538453389136688e-05,6.5850667499378479e-19,-1.7489652959266638e-07,0.025000000000000001
162.75,-1.7489660941804654e-07,1.7510962999838928e-07,-3.5000623941643582e-07,2.6785533665288553e-21,3.1538453407275248e-05,6.4954698301677763e-19,-1.7489658119120546e-07,0.025000000000000001
163,-1.7489666086167279e-07,1.7511092558366598e-07,-3.5000758644533877e-07,3.4144989710325696e-21,3.1538453425515818e-05,6.5850667499378479e-19,-1.7489663265975065e-07,0.025000000000000001
163.25,-1.7489671217476454e-07,1.7511221376661868e-07,-3.5000892594138322e-07,2.576150136743263e-21,3.1538453443858208e-05,6.4954698301677763e-19,-1.748966839976998e-07,0.025000000000000001
163.5,-1.748967633567221e-07,1.7511349452683404e-07,-3.5001025788355614e-07,3.4144989710325696e-21,3.153845346230212e-05,6.5850667499378479e-19,-1.7489673520445289e-07,0.025000000000000001
163.75,-1.7489681440694567e-07,1.7511476784403852e-07,-3.5001158225098419e-07,2.576150136743263e-21,3.1538453480847364e-05,6.4954698301677763e-19,-1.7489678627940983e-07,0.025000000000000001
164,-1.7489686532483872e-07,1.7511603369809912e-07,-3.5001289902293784e-07,3.4924063099077129e-21,3.1538453499493636e-05,6.5850667499378479e-19,-1.7489683722197382e-07,0.025000000000000001
164.25,-1.748969161098054e-07,1.7511729206902296e-07,-3.5001420817882836e-07,2.576150136743263e-21,3.1538453518240759e-05,6.4954698301677763e-19,-1.7489688803154872e-07,0.025000000000000001
164.5,-1.7489696676125227e-07,1.7511854293695849e-07,-3.5001550969821076e-07,3.3881317890172014e-21,3.153845353708836e-05,6.5850667499378479e-19,-1.748969387075408e-07,0.025000000000000001
164.75,-1.7489701727858672e-07,1.7511978628219584e-07,-3.5001680356078256e-07,3.4144989710325696e-21,3.1538453556036175e-05,6.5850667499378479e-19,-1.7489698924935715e-07,0.025000000000000001
165,-1.7489706766121746e-07,1.7512102208516818e-07,-3.5001808974638564e-07,3.3881317890172014e-21,3.1538453575083968e-05,6.4954698301677763e-19,-1.7489703965640621e-07,0.025000000000000001
165.25,-1.7489711790855447e-07,1.7512225032644973e-07,-3.500193682350042e-07,4.2562878834485848e-21,3.1538453594231567e-05,6.5850667499378479e-19,-1.7489708992809767e-07,0.025000000000000001
165.5,-1.7489716802000976e-07,1.7512347098675824e-07,-3.50020639006768e-07,3.3881317890172014e-21,3.1538453613478629e-05,6.5850667499378479e-19,-1.7489714006384327e-07,0.025000000000000001
165.75,-1.7489721799499761e-07,1.7512468404695368e-07,-3.5002190204195129e-07,3.4924063099077129e-21,3.1538453632824977e-05,6.5850667499378479e-19,-1.7489719006305698e-07,0.025000000000000001
166,-1.7489726783293342e-07,1.7512588948804079e-07,-3.5002315732097421e-07,2.576150136743263e-21,3.1538453652270136e-05,6.5850667499378479e-19,-1.748972399251539e-07,0.025000000000000001
166.25,-1.7489731753323296e-07,1.7512708729116774e-07,-3.500244048244007e-07,3.4144989710325696e-21,3.1538453671814127e-05,6.5850667499378479e-19,-1.7489728964954957e-07,0.025000000000000001
166.5,-1.7489736709531587e-07,1.7512827743762635e-07,-3.5002564453294222e-07,4.2351647362715017e-21,3.1538453691456394e-05,6.5850667499378479e-19,-1.748973392356633e-07,0.025000000000000001
166.75,-1.7489741651860106e-07,1.751294599088546e-07,-3.5002687642745567e-07,4.2351647362715017e-21,3.153845371119689e-05,6.4954698301677763e-19,-1.7489738868291376e-07,0.025000000000000001
167,-1.7489746580251028e-07,1.7513063468643468e-07,-3.5002810048894496e-07,3.3881317890172014e-21,3.1538453731035283e-05,6.4954698301677763e-19,-1.7489743799072238e-07,0.025000000000000001
167.25,-1.7489751494646619e-07,1.7513180175209456e-07,-3.5002931669856075e-07,4.2351647362715017e-21,3.1538453750971267e-05,6.4954698301677763e-19,-1.7489748715851158e-07,0.025000000000000001
167.5,-1.7489756394989405e-07,1.7513296108770772e-07,-3.5003052503760177e-07,2.576150136743263e-21,3.1538453771004599e-05,6.4954698301677763e-19,-1.748975361857063e-07,0.025000000000000001
167.75,-1.7489761281221963e-07,1.7513411267529423e-07,-3.5003172548751386e-07,4.2351647362715017e-21,3.1538453791135096e-05,6.4954698301677763e-19,-1.7489758507173208e-07,0.025000000000000001
168,-1.7489766153287205e-07,1.7513525649702034e-07,-3.5003291802989239e-07,4.2562878834485848e-21,3.1538453811362317e-05,6.5850667499378479e-19,-1.7489763381601773e-07,0.025000000000000001
168.25,-1.7489771011128056e-07,1.7513639253519904e-07,-3.500341026464796e-07,3.3881317890172014e-21,3.1538453831686006e-05,6.5850667499378479e-19,-1.7489768241799222e-07,0.025000000000000001
168.5,-1.7489775854687642e-07,1.7513752077229142e-07,-3.5003527931916784e-07,2.541098841762901e-21,3.1538453852105896e-05,6.5850667499378479e-19,-1.7489773087708656e-07,0.025000000000000001
168.75,-1.7489780683909164e-07,1.7513864119090647e-07,-3.500364480299981e-07,3.3881317890172014e-21,3.1538453872621814e-05,6.4954698301677763e-19,-1.7489777919273245e-07,0.025000000000000001
169,-1.748978549873612e-07,1.7513975377380017e-07,-3.5003760876116136e-07,2.576150136743263e-21,3.1538453893233378e-05,6.4954698301677763e-19,-1.7489782736436463e-07,0.025000000000000001
169.25,-1.7489790299112196e-07,1.7514085850387683e-07,-3.5003876149499878e-07,4.2562878834485848e-21,3.1538453913940379e-05,6.5850667499378479e-19,-1.7489787539141967e-07,0.025000000000000001
169.5,-1.7489795084981065e-07,1.7514195536419128e-07,-3.5003990621400193e-07,2.541098841762901e-21,3.1538453934742566e-05,6.4954698301677763e-19,-1.7489792327333401e-07,0.025000000000000001
169.75,-1.7489799856286724e-07,1.7514304433794579e-07,-3.5004104290081303e-07,3.4144989710325696e-21,3.1538453955639594e-05,6.5850667499378479e-19,-1.7489797100954739e-07,0.025000000000000001
170,-1.7489804612973365e-07,1.7514412540849138e-07,-3.5004217153822503e-07,3.3881317890172014e-21,3.1538453976631225e-05,6.5850667499378479e-19,-1.7489801859950143e-07,0.025000000000000001
170.25,-1.7489809354985144e-07,1.7514519855933138e-07,-3.5004329210918282e-07,2.541098841762901e-21,3.153845399771723e-05,6.5850667499378479e-19,-1.7489806604263743e-07,0.025000000000000001
170.5,-1.7489814082266605e-07,1.7514626377411702e-07,-3.5004440459678306e-07,2.576150136743263e-21,3.1538454018897262e-05,6.5850667499378479e-19,-1.7489811333840054e-07,0.025000000000000001
170.75,-1.7489818794762425e-07,1.7514732103665006e-07,-3.5004550898427431e-07,3.4144989710325696e-21,3.1538454040171002e-05,6.5850667499378479e-19,-1.7489816048623728e-07,0.025000000000000001
171,-1.7489823492417347e-07,1.7514837033088457e-07,-3.5004660525505804e-07,4.2351647362715017e-21,3.1538454061538059e-05,6.4954698301677763e-19,-1.748982074855948e-07,0.025000000000000001
171.25,-1.7489828175176238e-07,1.7514941164092488e-07,-3.5004769339268726e-07,3.3881317890172014e-21,3.1538454082998397e-05,6.5850667499378479e-19,-1.7489825433592154e-07,0.025000000000000001
171.5,-1.7489832842984316e-07,1.7515044495102694e-07,-3.500487733808701e-07,4.2562878834485848e-21,3.1538454104551686e-05,6.4954698301677763e-19,-1.7489830103666937e-07,0.025000000000000001
171.75,-1.7489837495787011e-07,1.7515147024559653e-07,-3.5004984520346664e-07,3.3881317890172014e-21,3.1538454126197369e-05,6.5850667499378479e-19,-1.7489834758729233e-07,0.025000000000000001
172,-1.7489842133529725e-07,1.7515248750919412e-07,-3.5005090884449137e-07,3.4144989710325696e-21,3.153845414793544e-05,6.4954698301677763e-19,-1.7489839398724422e-07,0.025000000000000001
172.25,-1.7489846756158015e-07,1.7515349672653209e-07,-3.5005196428811224e-07,3.4144989710325696e-21,3.1538454169765539e-05,6.5850667499378479e-19,-1.7489844023598027e-07,0.025000000000000001
172.5,-1.7489851363617883e-07,1.751544978824739e-07,-3.5005301151865273e-07,3.3881317890172014e-21,3.1538454191687327e-05,6.5850667499378479e-19,-1.7489848633296031e-07,0.025000000000000001
172.75,-1.7489855955855218e-07,1.7515549096203777e-07,-3.5005405052058996e-07,4.2351647362715017e-21,3.1538454213700528e-05,6.4954698301677763e-19,-1.7489853227764293e-07,0.025000000000000001
173,-1.7489860532816307e-07,1.7515647595039403e-07,-3.500550812785571e-07,2.576150136743263e-21,3.1538454235804883e-05,6.4954698301677763e-19,-1.7489857806949073e-07,0.025000000000000001
173.25,-1.7489865094447497e-07,1.7515745283286734e-07,-3.500561037773423e-07,2.576150136743263e-21,3.1538454257999999e-05,6.4954698301677763e-19,-1.7489862370796696e-07,0.025000000000000001
173.5,-1.7489869640695226e-07,1.7515842159493639e-07,-3.5005711800188865e-07,3.3881317890172014e-21,3.1538454280285727e-05,6.5850667499378479e-19,-1.748986691925357e-07,0.025000000000000001
173.75,-1.7489874171506272e-07,1.7515938222223378e-07,-3.500581239372965e-07,2.541098841762901e-21,3.1538454302661715e-05,6.4954698301677763e-19,-1.7489871452266449e-07,0.025000000000000001
174,-1.74898786868275e-07,1.7516033470054647e-07,-3.5005912156882147e-07,3.3881317890172014e-21,3.1538454325127631e-05,6.4954698301677763e-19,-1.7489875969782172e-07,0.025000000000000001
174.25,-1.7489883186606187e-07,1.7516127901581497e-07,-3.5006011088187684e-07,3.3881317890172014e-21,3.1538454347683142e-05,6.4954698301677763e-19,-1.7489880471747991e-07,0.025000000000000001
174.5,-1.7489887670789374e-07,1.7516221515413745e-07,-3.5006109186203119e-07,3.4144989710325696e-21,3.1538454370328026e-05,6.4954698301677763e-19,-1.7489884958110919e-07,0.025000000000000001
174.75,-1.7489892139324546e-07,1.751631431017658e-07,-3.5006206449501126e-07,2.576150136743263e-21,3.1538454393061984e-05,6.4954698301677763e-19,-1.7489889428818416e-07,0.025000000000000001
175,-1.7489896592159388e-07,1.7516406284510834e-07,-3.5006302876670222e-07,3.3881317890172014e-21,3.1538454415884643e-05,6.4954698301677763e-19,-1.7489893883818145e-07,0.025000000000000001
175.25,-1.7489901029241533e-07,1.7516497437072962e-07,-3.5006398466314495e-07,3.4144989710325696e-21,3.1538454438795807e-05,6.4954698301677763e-19,-1.7489898323057711e-07,0.025000000000000001
175.5,-1.7489905450519077e-07,1.7516587766534872e-07,-3.5006493217053949e-07,4.2562878834485848e-21,3.1538454461795123e-05,6.4954698301677763e-19,-1.7489902746485184e-07,0.025000000000000001
175.75,-1.7489909855940258e-07,1.7516677271584185e-07,-3.5006587127524443e-07,2.541098841762901e-21,3.1538454484882232e-05,6.4954698301677763e-19,-1.7489907154048776e-07,0.025000000000000001
176,-1.7489914245453288e-07,1.7516765950924286e-07,-3.5006680196377574e-07,4.2562878834485848e-21,3.1538454508056884e-05,6.4954698301677763e-19,-1.7489911545696679e-07,0.025000000000000001
176.25,-1.7489918619006786e-07,1.7516853803274178e-07,-3.5006772422280965e-07,4.2351647362715017e-21,3.1538454531318788e-05,6.5850667499378479e-19,-1.7489915921377481e-07,0.025000000000000001
176.5,-1.7489922976549443e-07,1.7516940827368619e-07,-3.5006863803918061e-07,4.2562878834485848e-21,3.1538454554667624e-05,6.4954698301677763e-19,-1.7489920281039851e-07,0.025000000000000001
176.75,-1.7489927318030149e-07,1.7517027021958133e-07,-3.5006954339988282e-07,2.576150136743263e-21,3.1538454578103053e-05,6.5850667499378479e-19,-1.7489924624632655e-07,0.025000000000000001
177,-1.7489931643397968e-07,1.7517112385809001e-07,-3.5007044029206968e-07,3.3881317890172014e-21,3.153845460162484e-05,6.4954698301677763e-19,-1.748992895210493e-07,0.025000000000000001
177.25,-1.7489935952602352e-07,1.7517196917703189e-07,-3.5007132870305541e-07,4.2351647362715017e-21,3.1538454625232529e-05,6.4954698301677763e-19,-1.7489933263406104e-07,0.025000000000000001
177.5,-1.7489940245592505e-07,1.7517280616438796e-07,-3.5007220862031301e-07,3.4144989710325696e-21,3.1538454648926026e-05,6.4954698301677763e-19,-1.7489937558485359e-07,0.025000000000000001
177.75,-1.7489944522318173e-07,1.7517363480829546e-07,-3.5007308003147719e-07,2.541098841762901e-21,3.1538454672704877e-05,6.4954698301677763e-19,-1.7489941837292411e-07,0.025000000000000001
178,-1.748994878272933e-07,1.7517445509704985e-07,-3.5007394292434314e-07,3.4144989710325696e-21,3.1538454696568709e-05,6.4954698301677763e-19,-1.7489946099777216e-07,0.025000000000000001
178.25,-1.7489953026775937e-07,1.7517526701910686e-07,-3.5007479728686623e-07,2.541098841762901e-21,3.1538454720517325e-05,6.4954698301677763e-19,-1.7489950345889707e-07,0.025000000000000001
178.5,-1.7489957254408128e-07,1.7517607056308214e-07,-3.5007564310716343e-07,3.4144989710325696e-21,3.1538454744550408e-05,6.4954698301677763e-19,-1.7489954575579993e-07,0.025000000000000001
178.75,-1.7489961465576339e-07,1.751768657177493e-07,-3.5007648037351269e-07,3.4144989710325696e-21,3.1538454768667652e-05,6.4954698301677763e-19,-1.7489958788798487e-07,0.025000000000000001
179,-1.7489965660231299e-07,1.7517765247204211e-07,-3.5007730907435509e-07,3.3881317890172014e-21,3.1538454792868609e-05,6.4954698301677763e-19,-1.7489962985495894e-07,0.025000000000000001
179.25,-1.7489969838323606e-07,1.7517843081505532e-07,-3.5007812919829138e-07,4.2562878834485848e-21,3.1538454817153132e-05,6.4954698301677763e-19,-1.7489967165622791e-07,0.025000000000000001
179.5,-1.7489973999804412e-07,1.7517920073604185e-07,-3.5007894073408596e-07,2.576150136743263e-21,3.1538454841520772e-05,6.4954698301677763e-19,-1.74899713291303e-07,0.025000000000000001
179.75,-1.7489978144624685e-07,1.751799622244172e-07,-3.5007974367066405e-07,3.3881317890172014e-21,3.1538454865971408e-05,6.4954698301677763e-19,-1.748997547596937e-07,0.025000000000000001
180,-1.7489982272735966e-07,1.7518071526975557e-07,-3.5008053799711523e-07,3.3881317890172014e-21,3.1538454890504518e-05,6.4954698301677763e-19,-1.7489979606091518e-07,0.025000000000000001
180.25,-1.7489986384089814e-07,1.7518145986179298e-07,-3.5008132370269113e-07,3.4144989710325696e-21,3.1538454915119831e-05,6.4954698301677763e-19,-1.7489983719448276e-07,0.025000000000000001
180.5,-1.7489990478637923e-07,1.7518219599042676e-07,-3.5008210077680599e-07,2.541098841762901e-21,3.1538454939817069e-05,6.4954698301677763e-19,-1.7489987815991319e-07,0.025000000000000001
180.75,-1.7489994556332405e-07,1.7518292364571346e-07,-3.5008286920903751e-07,4.2351647362715017e-21,3.1538454964595832e-05,6.4954698301677763e-19,-1.7489991895672732e-07,0.025000000000000001
181,-1.7489998617125319e-07,1.7518364281787383e-07,-3.5008362898912701e-07,3.3881317890172014e-21,3.1538454989455836e-05,6.4954698301677763e-19,-1.7489995958444553e-07,0.025000000000000001
181.25,-1.7490002660968878e-07,1.7518435349728944e-07,-3.5008438010697823e-07,4.2351647362715017e-21,3.153845501439685e-05,6.4954698301677763e-19,-1.749000000425897e-07,0.025000000000000001
181.5,-1.7490006687815729e-07,1.7518505567450272e-07,-3.5008512255266001e-07,3.3881317890172014e-21,3.1538455039418453e-05,6.4954698301677763e-19,-1.7490004033068608e-07,0.025000000000000001
181.75,-1.7490010697618654e-07,1.7518574934021915e-07,-3.500858563164057e-07,3.3881317890172014e-21,3.1538455064520329e-05,6.4954698301677763e-19,-1.7490008044826226e-07,0.025000000000000001
182,-1.7490014690330689e-07,1.7518643448530465e-07,-3.5008658138861154e-07,4.2351647362715017e-21,3.1538455089702097e-05,6.4954698301677763e-19,-1.7490012039484838e-07,0.025000000000000001
182.25,-1.7490018665904769e-07,1.751871111007899e-07,-3.500872977598376e-07,4.2351647362715017e-21,3.1538455114963526e-05,6.4954698301677763e-19,-1.7490016016997353e-07,0.025000000000000001
182.5,-1.7490022624294351e-07,1.7518777917786701e-07,-3.5008800542081052e-07,4.2351647362715017e-21,3.1538455140304265e-05,6.4954698301677763e-19,-1.7490019977317209e-07,0.025000000000000001
182.75,-1.7490026565452861e-07,1.7518843870789185e-07,-3.5008870436242045e-07,2.541098841762901e-21,3.1538455165724009e-05,6.4954698301677763e-19,-1.7490023920397806e-07,0.025000000000000001
183,-1.7490030489334183e-07,1.7518908968238118e-07,-3.5008939457572301e-07,2.541098841762901e-21,3.153845519122237e-05,6.5850667499378479e-19,-1.7490027846193009e-07,0.025000000000000001
183.25,-1.7490034395892252e-07,1.7518973209301621e-07,-3.5009007605193873e-07,3.3881317890172014e-21,3.1538455216798998e-05,6.4954698301677763e-19,-1.7490031754656728e-07,0.025000000000000001
183.5,-1.749003828508106e-07,1.7519036593164254e-07,-3.5009074878245314e-07,4.2351647362715017e-21,3.153845524245366e-05,6.4954698301677763e-19,-1.7490035645742932e-07,0.025000000000000001
183.75,-1.7490042156855107e-07,1.7519099119026649e-07,-3.5009141275881756e-07,3.3881317890172014e-21,3.1538455268185939e-05,6.4954698301677763e-19,-1.7490039519406101e-07,0.025000000000000001
184,-1.7490046011168766e-07,1.7519160786106146e-07,-3.5009206797274911e-07,3.3881317890172014e-21,3.1538455293995588e-05,6.4954698301677763e-19,-1.7490043375600586e-07,0.025000000000000001
184.25,-1.7490049847976951e-07,1.7519221593636118e-07,-3.500927144161307e-07,3.3881317890172014e-21,3.1538455319882209e-05,6.4954698301677763e-19,-1.7490047214281275e-07,0.025000000000000001
184.5,-1.7490053667234566e-07,1.7519281540866522e-07,-3.5009335208101088e-07,4.2351647362715017e-21,3.1538455345845484e-05,6.4954698301677763e-19,-1.7490051035403053e-07,0.025000000000000001
184.75,-1.749005746889671e-07,1.751934062706376e-07,-3.500939809596047e-07,4.2351647362715017e-21,3.1538455371885113e-05,6.4954698301677763e-19,-1.7490054838920999e-07,0.025000000000000001
185,-1.7490061252918869e-07,1.7519398851510494e-07,-3.5009460104429362e-07,3.3881317890172014e-21,3.153845539800069e-05,6.4954698301677763e-19,-1.7490058624790573e-07,0.025000000000000001
185.25,-1.7490065019256501e-07,1.7519456213506017e-07,-3.5009521232762518e-07,4.2562878834485848e-21,3.1538455424191918e-05,6.4954698301677763e-19,-1.7490062392967218e-07,0.025000000000000001
185.5,-1.7490068767865435e-07,1.7519512712365938e-07,-3.5009581480231374e-07,3.3881317890172014e-21,3.153845545045845e-05,6.5850667499378479e-19,-1.7490066143406733e-07,0.025000000000000001
185.75,-1.7490072498701593e-07,1.751956834742242e-07,-3.5009640846124013e-07,4.2351647362715017e-21,3.1538455476799989e-05,6.4954698301677763e-19,-1.7490069876065023e-07,0.025000000000000001
186,-1.7490076211721392e-07,1.7519623118023905e-07,-3.5009699329745297e-07,3.3881317890172014e-21,3.153845550321606e-05,6.4954698301677763e-19,-1.7490073590898483e-07,0.025000000000000001
186.25,-1.749007990688093e-07,1.7519677023535723e-07,-3.5009756930416653e-07,3.3881317890172014e-21,3.153845552970648e-05,6.4954698301677763e-19,-1.7490077287863189e-07,0.025000000000000001
186.5,-1.7490083584136952e-07,1.7519730063339356e-07,-3.5009813647476308e-07,3.3881317890172014e-21,3.1538455556270829e-05,6.4954698301677763e-19,-1.7490080966915866e-07,0.025000000000000001
186.75,-1.7490087243446292e-07,1.7519782236832947e-07,-3.5009869480279238e-07,4.2351647362715017e-21,3.1538455582908796e-05,6.4954698301677763e-19,-1.7490084628013326e-07,0.025000000000000001
187,-1.7490090884765932e-07,1.7519833543431191e-07,-3.5009924428197124e-07,2.541098841762901e-21,3.1538455609620014e-05,6.5850667499378479e-19,-1.7490088271112533e-07,0.025000000000000001
187.25,-1.7490094508053023e-07,1.7519883982565331e-07,-3.5009978490618354e-07,3.3881317890172014e-21,3.1538455636404198e-05,6.4954698301677763e-19,-1.7490091896170613e-07,0.025000000000000001
187.5,-1.7490098113265105e-07,1.7519933553683101e-07,-3.5010031666948206e-07,2.541098841762901e-21,3.153845566326095e-05,6.4954698301677763e-19,-1.7490095503145087e-07,0.025000000000000001
187.75,-1.7490101700359835e-07,1.7519982256248829e-07,-3.5010083956608664e-07,3.3881317890172014e-21,3.1538455690189937e-05,6.4954698301677763e-19,-1.7490099091993591e-07,0.025000000000000001
188,-1.7490105269295166e-07,1.7520030089743399e-07,-3.5010135359038565e-07,3.3881317890172014e-21,3.1538455717190745e-05,6.4954698301677763e-19,-1.7490102662674059e-07,0.025000000000000001
188.25,-1.7490108820028961e-07,1.7520077053664457e-07,-3.5010185873693418e-07,3.3881317890172014e-21,3.1538455744263165e-05,6.4954698301677763e-19,-1.749010621514433e-07,0.025000000000000001
188.5,-1.749011235251972e-07,1.7520123147525941e-07,-3.5010235500045661e-07,3.3881317890172014e-21,3.1538455771406729e-05,6.4954698301677763e-19,-1.7490109749362885e-07,0.025000000000000001
188.75,-1.7490115866725762e-07,1.7520168370858729e-07,-3.5010284237584491e-07,3.3881317890172014e-21,3.1538455798621199e-05,6.4954698301677763e-19,-1.7490113265288025e-07,0.025000000000000001
189,-1.7490119362605883e-07,1.7520212723210134e-07,-3.5010332085816017e-07,3.3881317890172014e-21,3.1538455825906163e-05,6.4954698301677763e-19,-1.7490116762878526e-07,0.025000000000000001
189.25,-1.7490122840119011e-07,1.7520256204144107e-07,-3.5010379044263118e-07,4.2351647362715017e-21,3.1538455853261302e-05,6.4954698301677763e-19,-1.7490120242093289e-07,0.025000000000000001
189.5,-1.7490126299224244e-07,1.7520298813241282e-07,-3.5010425112465525e-07,3.3881317890172014e-21,3.1538455880686251e-05,6.4954698301677763e-19,-1.7490123702891402e-07,0.025000000000000001
189.75,-1.7490129739880998e-07,1.7520340550098936e-07,-3.5010470289979934e-07,4.2351647362715017e-21,3.1538455908180655e-05,6.4954698301677763e-19,-1.7490127145232254e-07,0.025000000000000001
190,-1.7490133162048855e-07,1.7520381414330945e-07,-3.50105145763798e-07,4.2351647362715017e-21,3.1538455935744138e-05,6.4954698301677763e-19,-1.749013056907541e-07,0.025000000000000001
190.25,-1.7490136565687615e-07,1.7520421405567883e-07,-3.5010557971255499e-07,3.3881317890172014e-21,3.1538455963376378e-05,6.4954698301677763e-19,-1.7490133974380652e-07,0.025000000000000001
190.5,-1.7490139950757264e-07,1.7520460523457054e-07,-3.5010600474214318e-07,4.2351647362715017e-21,3.1538455991076998e-05,6.4954698301677763e-19,-1.7490137361107941e-07,0.025000000000000001
190.75,-1.7490143317217969e-07,1.7520498767662434e-07,-3.5010642084880403e-07,2.541098841762901e-21,3.1538456018845673e-05,6.4954698301677763e-19,-1.7490140729217431e-07,0.025000000000000001
191,-1.7490146665030177e-07,1.7520536137864604e-07,-3.5010682802894781e-07,3.3881317890172014e-21,3.1538456046682076e-05,6.4954698301677763e-19,-1.7490144078669545e-07,0.025000000000000001
191.25,-1.7490149994154679e-07,1.7520572633760854e-07,-3.5010722627915532e-07,2.541098841762901e-21,3.153845607458578e-05,6.4954698301677763e-19,-1.7490147409425056e-07,0.025000000000000001
191.5,-1.7490153304552234e-07,1.7520608255065225e-07,-3.5010761559617459e-07,3.3881317890172014e-21,3.1538456102556475e-05,6.4954698301677763e-19,-1.7490150721444704e-07,0.025000000000000001
191.75,-1.7490156596184035e-07,1.7520643001508408e-07,-3.5010799597692443e-07,2.541098841762901e-21,3.1538456130593754e-05,6.5850667499378479e-19,-1.7490154014689662e-07,0.025000000000000001
192,-1.7490159869011105e-07,1.7520676872838041e-07,-3.5010836741849146e-07,2.541098841762901e-21,3.1538456158697439e-05,6.4954698301677763e-19,-1.7490157289120939e-07,0.025000000000000001
192.25,-1.749016312299529e-07,1.7520709868818031e-07,-3.5010872991813321e-07,3.3881317890172014e-21,3.1538456186866984e-05,6.4954698301677763e-19,-1.7490160544700354e-07,0.025000000000000001
192.5,-1.7490166358098165e-07,1.7520741989229394e-07,-3.5010908347327559e-07,3.3881317890172014e-21,3.1538456215102122e-05,6.5850667499378479e-19,-1.7490163781389471e-07,0.025000000000000001
192.75,-1.749016957428179e-07,1.75207732338697e-07,-3.501094280815149e-07,4.2351647362715017e-21,3.1538456243402462e-05,6.4954698301677763e-19,-1.7490166999150326e-07,0.025000000000000001
193,-1.7490172771508457e-07,1.7520803602553176e-07,-3.5010976374061632e-07,3.3881317890172014e-21,3.1538456271767596e-05,6.5850667499378479e-19,-1.7490170197945195e-07,0.025000000000000001
193.25,-1.7490175949740428e-07,1.7520833095111026e-07,-3.5011009044851455e-07,2.541098841762901e-21,3.1538456300197227e-05,6.5850667499378479e-19,-1.7490173377736321e-07,0.025000000000000001
193.5,-1.7490179108940385e-07,1.7520861711391032e-07,-3.5011040820331417e-07,4.2351647362715017e-21,3.1538456328690982e-05,6.4954698301677763e-19,-1.7490176538486367e-07,0.025000000000000001
193.75,-1.7490182249071192e-07,1.7520889451257675e-07,-3.5011071700328867e-07,2.541098841762901e-21,3.1538456357248542e-05,6.4954698301677763e-19,-1.7490179680158181e-07,0.025000000000000001
194,-1.7490185370096083e-07,1.7520916314592181e-07,-3.5011101684688263e-07,4.2351647362715017e-21,3.1538456385869399e-05,6.4954698301677763e-19,-1.7490182802714976e-07,0.025000000000000001
194.25,-1.749018847197813e-07,1.7520942301292775e-07,-3.5011130773270905e-07,3.3881317890172014e-21,3.1538456414553336e-05,6.4954698301677763e-19,-1.7490185906119808e-07,0.025000000000000001
194.5,-1.7490191554680977e-07,1.7520967411274128e-07,-3.5011158965955104e-07,2.541098841762901e-21,3.1538456443299954e-05,6.4954698301677763e-19,-1.7490188990336303e-07,0.025000000000000001
194.75,-1.7490194618168402e-07,1.7520991644467756e-07,-3.5011186262636158e-07,3.3881317890172014e-21,3.1538456472108852e-05,6.4954698301677763e-19,-1.7490192055328223e-07,0.025000000000000001
195,-1.7490197662404213e-07,1.7521015000822099e-07,-3.5011212663226312e-07,4.2351647362715017e-21,3.1538456500979781e-05,6.4954698301677763e-19,-1.7490195101059354e-07,0.025000000000000001
195.25,-1.7490200687352812e-07,1.7521037480302051e-07,-3.5011238167654863e-07,3.3881317890172014e-21,3.1538456529912244e-05,6.4954698301677763e-19,-1.7490198127494083e-07,0.025000000000000001
195.5,-1.7490203692978633e-07,1.752105908288942e-07,-3.5011262775868053e-07,3.3881317890172014e-21,3.1538456558905897e-05,6.4954698301677763e-19,-1.7490201134596825e-07,0.025000000000000001
195.75,-1.7490206679246273e-07,1.7521079808582771e-07,-3.5011286487829044e-07,3.3881317890172014e-21,3.1538456587960395e-05,6.4954698301677763e-19,-1.7490204122332162e-07,0.025000000000000001
196,-1.7490209646120623e-07,1.7521099657397423e-07,-3.5011309303518045e-07,2.541098841762901e-21,3.1538456617075377e-05,6.4954698301677763e-19,-1.7490207090664967e-07,0.025000000000000001
196.25,-1.7490212593566742e-07,1.7521118629365516e-07,-3.5011331222932258e-07,3.3881317890172014e-21,3.1538456646250539e-05,6.5850667499378479e-19,-1.749021003956028e-07,0.025000000000000001
196.5,-1.7490215521549923e-07,1.7521136724535845e-07,-3.5011352246085768e-07,2.541098841762901e-21,3.1538456675485468e-05,6.4954698301677763e-19,-1.749021296898338e-07,0.025000000000000001
196.75,-1.7490218430035896e-07,1.7521153942973871e-07,-3.5011372373009768e-07,2.541098841762901e-21,3.1538456704779716e-05,6.4954698301677763e-19,-1.7490215878899979e-07,0.025000000000000001
197,-1.7490221318990367e-07,1.7521170284762002e-07,-3.5011391603752369e-07,3.3881317890172014e-21,3.1538456734132999e-05,6.4954698301677763e-19,-1.7490218769275765e-07,0.025000000000000001
197.25,-1.7490224188379406e-07,1.7521185749999265e-07,-3.5011409938378671e-07,3.3881317890172014e-21,3.1538456763544917e-05,6.4954698301677763e-19,-1.7490221640076792e-07,0.025000000000000001
197.5,-1.7490227038169164e-07,1.7521200338801561e-07,-3.5011427376970725e-07,4.2351647362715017e-21,3.1538456793015131e-05,6.4954698301677763e-19,-1.7490224491269195e-07,0.025000000000000001
197.75,-1.7490229868326162e-07,1.7521214051301445e-07,-3.5011443919627607e-07,2.541098841762901e-21,3.1538456822543262e-05,6.4954698301677763e-19,-1.7490227322819478e-07,0.025000000000000001
198,-1.7490232678817202e-07,1.7521226887648133e-07,-3.5011459566465336e-07,4.2351647362715017e-21,3.153845685212891e-05,6.4954698301677763e-19,-1.7490230134694427e-07,0.025000000000000001
198.25,-1.7490235469609136e-07,1.7521238848007726e-07,-3.5011474317616862e-07,4.2351647362715017e-21,3.1538456881771709e-05,6.4954698301677763e-19,-1.7490232926860877e-07,0.025000000000000001
198.5,-1.7490238240669177e-07,1.7521249932563065e-07,-3.5011488173232243e-07,2.541098841762901e-21,3.1538456911471273e-05,6.4954698301677763e-19,-1.7490235699286026e-07,0.025000000000000001
198.75,-1.749024099196474e-07,1.7521260141513625e-07,-3.5011501133478365e-07,4.2351647362715017e-21,3.1538456941227242e-05,6.5850667499378479e-19,-1.7490238451937273e-07,0.025000000000000001
199,-1.7490243723463425e-07,1.752126947507569e-07,-3.5011513198539115e-07,4.2351647362715017e-21,3.1538456971039278e-05,6.5850667499378479e-19,-1.7490241184782201e-07,0.025000000000000001
199.25,-1.7490246435133037e-07,1.7521277933482314e-07,-3.5011524368615351e-07,3.3881317890172014e-21,3.1538457000906988e-05,6.4954698301677763e-19,-1.7490243897788597e-07,0.025000000000000001
199.5,-1.7490249126941762e-07,1.7521285516983108e-07,-3.501153464392487e-07,3.3881317890172014e-21,3.1538457030830006e-05,6.5850667499378479e-19,-1.7490246590924639e-07,0.025000000000000001
199.75,-1.7490251798857857e-07,1.7521292225844598e-07,-3.5011544024702455e-07,3.3881317890172014e-21,3.1538457060807925e-05,6.5850667499378479e-19,-1.7490249264158558e-07,0.025000000000000001
200,-1.7490254450849932e-07,1.7521298060349838e-07,-3.5011552511199769e-07,3.3881317890172014e-21,3.1538457090840427e-05,6.4954698301677763e-19,-1.7490251917458957e-07,0.025000000000000001
200.25,-1.7490257082886742e-07,1.7521303020798756e-07,-3.5011560103685498e-07,2.9646153153900512e-21,3.1538457120927084e-05,6.4954698301677763e-19,-1.7490254550794573e-07,0.025000000000000001
200.5,-1.7490259694937462e-07,1.7521307107507744e-07,-3.5011566802445206e-07,2.9646153153900512e-21,3.1538457151067512e-05,6.4954698301677763e-19,-1.7490257164134565e-07,0.025000000000000001
200.75,-1.749026228697123e-07,1.7521310320810157e-07,-3.5011572607781387e-07,3.3881317890172014e-21,3.153845718126135e-05,6.4954698301677763e-19,-1.7490259757448057e-07,0.025000000000000001
201,-1.7490264858957557e-07,1.7521312661055898e-07,-3.5011577520013455e-07,2.9646153153900512e-21,3.1538457211508232e-05,6.4954698301677763e-19,-1.7490262330704542e-07,0.025000000000000001
201.25,-1.7490267410866056e-07,1.7521314128611691e-07,-3.5011581539477747e-07,3.8116482626443515e-21,3.1538457241807847e-05,6.4954698301677763e-19,-1.7490264883873621e-07,0.025000000000000001
201.5,-1.7490269942666919e-07,1.7521314723860651e-07,-3.501158466652757e-07,2.541098841762901e-21,3.1538457272159667e-05,6.5850667499378479e-19,-1.7490267416925473e-07,0.025000000000000001
201.75,-1.7490272454330273e-07,1.752131444720272e-07,-3.5011586901532993e-07,2.9646153153900512e-21,3.153845730256342e-05,6.5850667499378479e-19,-1.7490269929830204e-07,0.025000000000000001
202,-1.7490274945826561e-07,1.7521313299054539e-07,-3.50115882448811e-07,4.2351647362715017e-21,3.1538457333018652e-05,6.4954698301677763e-19,-1.749027242255825e-07,0.025000000000000001
202.25,-1.7490277417126293e-07,1.7521311279849511e-07,-3.5011588696975804e-07,3.8116482626443515e-21,3.1538457363525133e-05,6.5850667499378479e-19,-1.74902748950801e-07,0.025000000000000001
202.5,-1.7490279868200589e-07,1.7521308390037321e-07,-3.501158825823791e-07,3.8116482626443515e-21,3.1538457394082335e-05,6.4954698301677763e-19,-1.7490277347366864e-07,0.025000000000000001
202.75,-1.7490282299020508e-07,1.7521304630084594e-07,-3.5011586929105101e-07,3.3881317890172014e-21,3.1538457424689918e-05,6.5850667499378479e-19,-1.7490279779389584e-07,0.025000000000000001
203,-1.7490284709557461e-07,1.7521300000474452e-07,-3.5011584710031913e-07,4.2351647362715017e-21,3.1538457455347523e-05,6.4954698301677763e-19,-1.7490282191119659e-07,0.025000000000000001
203.25,-1.7490287099783106e-07,1.7521294501706648e-07,-3.5011581601489754e-07,2.9646153153900512e-21,3.1538457486054731e-05,6.4954698301677763e-19,-1.7490284582528734e-07,0.025000000000000001
203.5,-1.7490289469669241e-07,1.7521288134297583e-07,-3.5011577603966824e-07,3.3881317890172014e-21,3.1538457516811188e-05,6.4954698301677763e-19,-1.7490286953588589e-07,0.025000000000000001
203.75,-1.7490291819187957e-07,1.7521280898780182e-07,-3.5011572717968139e-07,2.9646153153900512e-21,3.153845754761653e-05,6.4954698301677763e-19,-1.7490289304271304e-07,0.025000000000000001
204,-1.7490294148311661e-07,1.7521272795703969e-07,-3.501156694401563e-07,3.8116482626443515e-21,3.1538457578470328e-05,6.4954698301677763e-19,-1.7490291634549272e-07,0.025000000000000001
204.25,-1.7490296457012873e-07,1.7521263825635085e-07,-3.5011560282647958e-07,3.3881317890172014e-21,3.1538457609372225e-05,6.4954698301677763e-19,-1.7490293944395001e-07,0.025000000000000001
204.5,-1.749029874526454e-07,1.7521253989156093e-07,-3.5011552734420633e-07,2.9646153153900512e-21,3.1538457640321752e-05,6.4954698301677763e-19,-1.7490296233781422e-07,0.025000000000000001
204.75,-1.7490301013039564e-07,1.7521243286866315e-07,-3.5011544299905879e-07,3.3881317890172014e-21,3.1538457671318638e-05,6.4954698301677763e-19,-1.7490298502681422e-07,0.025000000000000001
205,-1.7490303260311334e-07,1.7521231719381425e-07,-3.5011534979692759e-07,3.3881317890172014e-21,3.1538457702362463e-05,6.5850667499378479e-19,-1.7490300751068383e-07,0.025000000000000001
205.25,-1.7490305487053358e-07,1.7521219287333751e-07,-3.5011524774387109e-07,2.9646153153900512e-21,3.1538457733452834e-05,6.5850667499378479e-19,-1.7490302978915795e-07,0.025000000000000001
205.5,-1.7490307693239415e-07,1.7521205991372046e-07,-3.501151368461146e-07,4.2351647362715017e-21,3.1538457764589359e-05,6.4954698301677763e-19,-1.7490305186197425e-07,0.025000000000000001
205.75,-1.7490309878843497e-07,1.7521191832161615e-07,-3.5011501711005112e-07,3.3881317890172014e-21,3.1538457795771644e-05,6.4954698301677763e-19,-1.7490307372887253e-07,0.025000000000000001
206,-1.7490312043839868e-07,1.7521176810384206e-07,-3.5011488854224074e-07,3.8116482626443515e-21,3.1538457826999363e-05,6.4954698301677763e-19,-1.7490309538959531e-07,0.025000000000000001
206.25,-1.7490314188203052e-07,1.7521160926738078e-07,-3.501147511494113e-07,3.8116482626443515e-21,3.1538457858272077e-05,6.4954698301677763e-19,-1.7490311684388766e-07,0.025000000000000001
206.5,-1.7490316311907716e-07,1.7521144181937942e-07,-3.5011460493845658e-07,3.8116482626443515e-21,3.1538457889589453e-05,6.4954698301677763e-19,-1.7490313809149617e-07,0.025000000000000001
206.75,-1.7490318414928931e-07,1.7521126576714835e-07,-3.5011444991643766e-07,2.9646153153900512e-21,3.1538457920951031e-05,6.4954698301677763e-19,-1.7490315913217143e-07,0.025000000000000001
207,-1.7490320497241885e-07,1.7521108111816384e-07,-3.501142860905827e-07,3.3881317890172014e-21,3.1538457952356479e-05,6.4954698301677763e-19,-1.7490317996566518e-07,0.025000000000000001
207.25,-1.7490322558822114e-07,1.7521088788006536e-07,-3.501141134682865e-07,3.3881317890172014e-21,3.1538457983805348e-05,6.4954698301677763e-19,-1.7490320059173264e-07,0.025000000000000001
207.5,-1.7490324599645245e-07,1.7521068606065687e-07,-3.5011393205710932e-07,3.3881317890172014e-21,3.1538458015297308e-05,6.5850667499378479e-19,-1.7490322101013001e-07,0.025000000000000001
207.75,-1.749032661968729e-07,1.7521047566790551e-07,-3.5011374186477841e-07,2.9947137044597151e-21,3.1538458046831952e-05,6.5850667499378479e-19,-1.7490324122061724e-07,0.025000000000000001
208,-1.7490328618924383e-07,1.7521025670994278e-07,-3.5011354289918661e-07,2.9947137044597151e-21,3.1538458078408899e-05,6.4954698301677763e-19,-1.7490326122295557e-07,0.025000000000000001
208.25,-1.7490330597333041e-07,1.752100291950631e-07,-3.5011333516839352e-07,3.8351047810396631e-21,3.1538458110027745e-05,6.5850667499378479e-19,-1.7490328101691006e-07,0.025000000000000001
208.5,-1.7490332554889959e-07,1.7520979313172409e-07,-3.5011311868062367e-07,3.8351047810396631e-21,3.1538458141688075e-05,6.4954698301677763e-19,-1.7490330060224754e-07,0.025000000000000001
208.75,-1.7490334491572117e-07,1.7520954852854688e-07,-3.5011289344426806e-07,3.3881317890172014e-21,3.1538458173389462e-05,6.5850667499378479e-19,-1.7490331997873768e-07,0.025000000000000001
209,-1.7490336407356562e-07,1.752092953943165e-07,-3.5011265946788211e-07,3.8116482626443515e-21,3.1538458205131615e-05,6.4954698301677763e-19,-1.7490333914615088e-07,0.025000000000000001
209.25,-1.7490338302220743e-07,1.7520903373797926e-07,-3.5011241676018669e-07,3.4144989710325696e-21,3.1538458236914161e-05,6.4954698301677763e-19,-1.7490335810426146e-07,0.025000000000000001
209.5,-1.7490340176142384e-07,1.7520876356864443e-07,-3.5011216533006827e-07,2.9947137044597151e-21,3.1538458268736606e-05,6.4954698301677763e-19,-1.7490337685284661e-07,0.025000000000000001
209.75,-1.7490342029099349e-07,1.7520848489558445e-07,-3.5011190518657794e-07,4.2562878834485848e-21,3.1538458300598611e-05,6.4954698301677763e-19,-1.7490339539168481e-07,0.025000000000000001
210,-1.7490343861069854e-07,1.7520819772823328e-07,-3.5011163633893182e-07,2.9646153153900512e-21,3.1538458332499769e-05,6.4954698301677763e-19,-1.7490341372055812e-07,0.025000000000000001
210.25,-1.7490345672032235e-07,1.752079020761871e-07,-3.5011135879650945e-07,4.2562878834485848e-21,3.1538458364439688e-05,6.4954698301677763e-19,-1.7490343183924984e-07,0.025000000000000001
210.5,-1.7490347461965168e-07,1.7520759794920435e-07,-3.5011107256885603e-07,3.8116482626443515e-21,3.1538458396418001e-05,6.4954698301677763e-19,-1.7490344974754655e-07,0.025000000000000001
210.75,-1.7490349230847561e-07,1.7520728535720458e-07,-3.5011077766568019e-07,4.2351647362715017e-21,3.1538458428434301e-05,6.4954698301677763e-19,-1.7490346744523727e-07,0.025000000000000001
211,-1.7490350978658583e-07,1.7520696431026898e-07,-3.501104740968548e-07,2.541098841762901e-21,3.1538458460488155e-05,6.4954698301677763e-19,-1.7490348493211359e-07,0.025000000000000001
211.25,-1.7490352705377515e-07,1.7520663481864078e-07,-3.5011016187241594e-07,2.9646153153900512e-21,3.1538458492579266e-05,6.4954698301677763e-19,-1.7490350220796822e-07,0.025000000000000001
211.5,-1.7490354410984085e-07,1.7520629689272307e-07,-3.5010984100256392e-07,2.541098841762901e-21,3.1538458524707185e-05,6.4954698301677763e-19,-1.749035192725983e-07,0.025000000000000001
211.75,-1.7490356095458184e-07,1.7520595054308043e-07,-3.5010951149766227e-07,3.4144989710325696e-21,3.1538458556871506e-05,6.4954698301677763e-19,-1.7490353612580268e-07,0.025000000000000001
212,-1.7490357758780014e-07,1.7520559578043734e-07,-3.5010917336823748e-07,3.8351047810396631e-21,3.1538458589071775e-05,6.4954698301677763e-19,-1.7490355276738324e-07,0.025000000000000001
212.25,-1.7490359400929759e-07,1.7520523261568073e-07,-3.5010882662497832e-07,2.9947137044597151e-21,3.1538458621307742e-05,6.4954698301677763e-19,-1.7490356919714177e-07,0.025000000000000001
212.5,-1.7490361021888269e-07,1.7520486105985491e-07,-3.5010847127873759e-07,3.8351047810396631e-21,3.153845865357885e-05,6.4954698301677763e-19,-1.7490358541488666e-07,0.025000000000000001
212.75,-1.7490362621636258e-07,1.7520448112416675e-07,-3.5010810734052934e-07,3.8116482626443515e-21,3.1538458685884829e-05,6.4954698301677763e-19,-1.7490360142042493e-07,0.025000000000000001
213,-1.7490364200154918e-07,1.7520409281998112e-07,-3.5010773482153031e-07,2.9947137044597151e-21,3.1538458718225252e-05,6.4954698301677763e-19,-1.749036172135684e-07,0.025000000000000001
213.25,-1.7490365757425569e-07,1.7520369615882362e-07,-3.5010735373307931e-07,2.9646153153900512e-21,3.1538458750599738e-05,6.4954698301677763e-19,-1.7490363279413021e-07,0.025000000000000001
213.5,-1.7490367293429901e-07,1.7520329115237814e-07,-3.5010696408667715e-07,3.8116482626443515e-21,3.1538458783007863e-05,6.4954698301677763e-19,-1.7490364816192717e-07,0.025000000000000001
213.75,-1.7490368808149785e-07,1.7520287781248813e-07,-3.5010656589398598e-07,3.4144989710325696e-21,3.1538458815449198e-05,6.4954698301677763e-19,-1.7490366331677789e-07,0.025000000000000001
214,-1.7490370301567331e-07,1.752024561511558e-07,-3.5010615916682911e-07,3.4144989710325696e-21,3.153845884792339e-05,6.4954698301677763e-19,-1.7490367825850335e-07,0.025000000000000001
214.25,-1.7490371773664904e-07,1.7520202618054224e-07,-3.5010574391719128e-07,2.576150136743263e-21,3.1538458880430055e-05,6.4954698301677763e-19,-1.7490369298692717e-07,0.025000000000000001
214.5,-1.7490373224425118e-07,1.7520158791296641e-07,-3.5010532015721759e-07,3.8351047810396631e-21,3.1538458912968785e-05,6.4954698301677763e-19,-1.7490370750187534e-07,0.025000000000000001
214.75,-1.7490374653830833e-07,1.752011413609058e-07,-3.5010488789921413e-07,4.2562878834485848e-21,3.1538458945539187e-05,6.4954698301677763e-19,-1.7490372180317642e-07,0.025000000000000001
215,-1.7490376061865197e-07,1.7520068653699544e-07,-3.5010444715564742e-07,2.576150136743263e-21,3.1538458978140862e-05,6.4954698301677763e-19,-1.749037358906618e-07,0.025000000000000001
215.25,-1.7490377448511704e-07,1.752002234540276e-07,-3.5010399793914464e-07,4.2562878834485848e-21,3.1538459010773315e-05,6.4954698301677763e-19,-1.7490374976416632e-07,0.025000000000000001
215.5,-1.7490378813753792e-07,1.7519975212495264e-07,-3.5010354026249056e-07,4.2351647362715017e-21,3.1538459043436274e-05,6.4954698301677763e-19,-1.7490376342352426e-07,0.025000000000000001
215.75,-1.7490380157575406e-07,1.7519927256287757e-07,-3.5010307413863163e-07,2.9646153153900512e-21,3.1538459076129327e-05,6.4954698301677763e-19,-1.7490377686857503e-07,0.025000000000000001
216,-1.7490381479960773e-07,1.7519878478106585e-07,-3.5010259958067359e-07,4.2562878834485848e-21,3.1538459108851971e-05,6.4954698301677763e-19,-1.7490379009916082e-07,0.025000000000000001
216.25,-1.7490382780894121e-07,1.7519828879293874e-07,-3.5010211660187995e-07,4.2351647362715017e-21,3.1538459141603923e-05,6.4954698301677763e-19,-1.7490380311512378e-07,0.025000000000000001
216.5,-1.7490384060360043e-07,1.7519778461207301e-07,-3.5010162521567344e-07,2.541098841762901e-21,3.1538459174384803e-05,6.4954698301677763e-19,-1.7490381591630982e-07,0.025000000000000001
216.75,-1.749038531834355e-07,1.7519727225220074e-07,-3.5010112543563624e-07,2.541098841762901e-21,3.1538459207194129e-05,6.4954698301677763e-19,-1.7490382850256895e-07,0.025000000000000001
217,-1.7490386554829772e-07,1.751967517272104e-07,-3.5010061727550811e-07,3.8116482626443515e-21,3.1538459240031523e-05,6.4954698301677763e-19,-1.7490384087375238e-07,0.025000000000000001
217.25,-1.7490387769803992e-07,1.751962230511462e-07,-3.5010010074918612e-07,2.9646153153900512e-21,3.1538459272896605e-05,6.4954698301677763e-19,-1.7490385302971292e-07,0.025000000000000001
217.5,-1.74903889632519e-07,1.7519568623820724e-07,-3.5009957587072624e-07,3.8351047810396631e-21,3.1538459305788995e-05,6.4954698301677763e-19,-1.7490386497030732e-07,0.025000000000000001
217.75,-1.7490390135159361e-07,1.7519514130274719e-07,-3.500990426543408e-07,3.8116482626443515e-21,3.1538459338708253e-05,6.4954698301677763e-19,-1.7490387669539421e-07,0.025000000000000001
218,-1.7490391285512647e-07,1.7519458825927418e-07,-3.5009850111440065e-07,2.9947137044597151e-21,3.1538459371653938e-05,6.4954698301677763e-19,-1.7490388820483624e-07,0.025000000000000001
218.25,-1.7490392414297999e-07,1.7519402712245168e-07,-3.5009795126543167e-07,3.8116482626443515e-21,3.1538459404625746e-05,6.4954698301677763e-19,-1.7490389949849572e-07,0.025000000000000001
218.5,-1.7490393521502134e-07,1.7519345790709594e-07,-3.5009739312211728e-07,3.8116482626443515e-21,3.1538459437623222e-05,6.4954698301677763e-19,-1.749039105762398e-07,0.025000000000000001
218.75,-1.7490394607111959e-07,1.7519288062817781e-07,-3.500968266992974e-07,3.8116482626443515e-21,3.1538459470645967e-05,6.4954698301677763e-19,-1.7490392143793742e-07,0.025000000000000001
219,-1.7490395671114617e-07,1.7519229530082088e-07,-3.5009625201196704e-07,4.2562878834485848e-21,3.1538459503693574e-05,6.4954698301677763e-19,-1.7490393208345999e-07,0.025000000000000001
219.25,-1.7490396713497468e-07,1.7519170194030268e-07,-3.5009566907527736e-07,4.2351647362715017e-21,3.1538459536765677e-05,6.4954698301677763e-19,-1.7490394251268105e-07,0.025000000000000001
219.5,-1.749039773424819e-07,1.7519110056205275e-07,-3.5009507790453465e-07,4.2351647362715017e-21,3.1538459569861884e-05,6.4954698301677763e-19,-1.7490395272547729e-07,0.025000000000000001
219.75,-1.7490398733354749e-07,1.7519049118165318e-07,-3.5009447851520067e-07,2.576150136743263e-21,3.1538459602981739e-05,6.4954698301677763e-19,-1.7490396272172833e-07,0.025000000000000001
220,-1.7490399710805298e-07,1.7518987381483822e-07,-3.500938709228912e-07,2.576150136743263e-21,3.1538459636124865e-05,6.4954698301677763e-19,-1.7490397250131562e-07,0.025000000000000001
220.25,-1.7490400666588189e-07,1.7518924847749457e-07,-3.5009325514337646e-07,2.9646153153900512e-21,3.1538459669290894e-05,6.4954698301677763e-19,-1.7490398206412265e-07,0.025000000000000001
220.5,-1.7490401600692144e-07,1.7518861518565986e-07,-3.500926311925813e-07,4.2351647362715017e-21,3.1538459702479379e-05,6.4954698301677763e-19,-1.7490399141003654e-07,0.025000000000000001
220.75,-1.7490402513106061e-07,1.7518797395552371e-07,-3.5009199908658432e-07,2.541098841762901e-21,3.1538459735689969e-05,6.4954698301677763e-19,-1.7490400053894625e-07,0.025000000000000001
221,-1.7490403403819153e-07,1.7518732480342526e-07,-3.5009135884161679e-07,2.9947137044597151e-21,3.1538459768922236e-05,6.4954698301677763e-19,-1.7490400945074384e-07,0.025000000000000001
221.25,-1.7490404272820916e-07,1.7518666774585508e-07,-3.5009071047406424e-07,2.541098841762901e-21,3.1538459802175726e-05,6.4954698301677763e-19,-1.7490401814532423e-07,0.025000000000000001
221.5,-1.7490405120100922e-07,1.7518600279945428e-07,-3.500900540004635e-07,4.2562878834485848e-21,3.1538459835450128e-05,6.4954698301677763e-19,-1.7490402662258304e-07,0.025000000000000001
221.75,-1.7490405945649143e-07,1.7518532998101304e-07,-3.5008938943750447e-07,3.8116482626443515e-21,3.1538459868745022e-05,6.4954698301677763e-19,-1.7490403488242001e-07,0.025000000000000001
222,-1.7490406749455797e-07,1.7518464930747194e-07,-3.5008871680202991e-07,3.3881317890172014e-21,3.1538459902059973e-05,6.4954698301677763e-19,-1.7490404292473719e-07,0.025000000000000001
222.25,-1.7490407531511354e-07,1.7518396079591988e-07,-3.5008803611103342e-07,3.4144989710325696e-21,3.1538459935394588e-05,6.4954698301677763e-19,-1.7490405074943931e-07,0.025000000000000001
222.5,-1.7490408291806568e-07,1.7518326446359529e-07,-3.5008734738166097e-07,2.9947137044597151e-21,3.1538459968748442e-05,6.4954698301677763e-19,-1.7490405835643381e-07,0.025000000000000001
222.75,-1.7490409030332332e-07,1.7518256032788495e-07,-3.5008665063120827e-07,3.4144989710325696e-21,3.153846000212116e-05,6.4954698301677763e-19,-1.7490406574562956e-07,0.025000000000000001
223,-1.7490409747079851e-07,1.7518184840632384e-07,-3.5008594587712235e-07,2.576150136743263e-21,3.1538460035512344e-05,6.4954698301677763e-19,-1.7490407291693864e-07,0.025000000000000001
223.25,-1.7490410442040646e-07,1.7518112871659466e-07,-3.5008523313700112e-07,3.3881317890172014e-21,3.1538460068921614e-05,6.4954698301677763e-19,-1.7490407987027612e-07,0.025000000000000001
223.5,-1.7490411115206292e-07,1.7518040127652837e-07,-3.5008451242859129e-07,4.2351647362715017e-21,3.1538460102348631e-05,6.4954698301677763e-19,-1.7490408660555779e-07,0.025000000000000001
223.75,-1.749041176656902e-07,1.7517966610410148e-07,-3.5008378376979168e-07,2.9646153153900512e-21,3.1538460135792853e-05,6.4954698301677763e-19,-1.7490409312270586e-07,0.025000000000000001
224,-1.7490412396120898e-07,1.7517892321743849e-07,-3.5008304717864746e-07,2.541098841762901e-21,3.1538460169253975e-05,6.4954698301677763e-19,-1.7490409942164101e-07,0.025000000000000001
224.25,-1.7490413003854514e-07,1.7517817263480942e-07,-3.5008230267335457e-07,3.4144989710325696e-21,3.1538460202731495e-05,6.4954698301677763e-19,-1.7490410550228905e-07,0.025000000000000001
224.5,-1.7490413589762588e-07,1.7517741437463108e-07,-3.5008155027225696e-07,2.9947137044597151e-21,3.1538460236225082e-05,6.4954698301677763e-19,-1.7490411136457716e-07,0.025000000000000001
224.75,-1.7490414153838118e-07,1.7517664845546584e-07,-3.5008078999384702e-07,3.8351047810396631e-21,3.1538460269734349e-05,6.4954698301677763e-19,-1.7490411700843525e-07,0.025000000000000001
225,-1.7490414696074354e-07,1.7517587489602134e-07,-3.5008002185676487e-07,2.6785533665288553e-21,3.153846030325887e-05,6.4954698301677763e-19,-1.7490412243379584e-07,0.025000000000000001
225.25,-1.749041521646476e-07,1.7517509371514989e-07,-3.5007924587979749e-07,3.3881317890172014e-21,3.1538460336798291e-05,6.4954698301677763e-19,-1.7490412764059349e-07,0.025000000000000001
225.5,-1.7490415715003288e-07,1.7517430493184778e-07,-3.5007846208188066e-07,3.8116482626443515e-21,3.1538460370352078e-05,6.4954698301677763e-19,-1.7490413262876769e-07,0.025000000000000001
225.75,-1.7490416191683888e-07,1.7517350856525631e-07,-3.5007767048209519e-07,3.8351047810396631e-21,3.1538460403919886e-05,6.4954698301677763e-19,-1.7490413739825793e-07,0.025000000000000001
226,-1.7490416646500752e-07,1.7517270463466084e-07,-3.5007687109966836e-07,3.4144989710325696e-21,3.1538460437501381e-05,6.4954698301677763e-19,-1.749041419490061e-07,0.025000000000000001
226.25,-1.7490417079448498e-07,1.7517189315948909e-07,-3.5007606395397407e-07,3.4144989710325696e-21,3.1538460471096117e-05,6.4954698301677763e-19,-1.7490414628095833e-07,0.025000000000000001
226.5,-1.7490417490521965e-07,1.7517107415931187e-07,-3.5007524906453152e-07,2.541098841762901e-21,3.1538460504703687e-05,6.4954698301677763e-19,-1.74904150394063e-07,0.025000000000000001
226.75,-1.7490417879715989e-07,1.7517024765384463e-07,-3.5007442645100452e-07,3.0832464679262277e-21,3.1538460538323794e-05,6.4954698301677763e-19,-1.7490415428826841e-07,0.025000000000000001
227,-1.749041824702618e-07,1.7516941366294141e-07,-3.5007359613320322e-07,3.9046289570014215e-21,3.153846057195584e-05,6.4954698301677763e-19,-1.7490415796353066e-07,0.025000000000000001
227.25,-1.7490418592447937e-07,1.7516857220660111e-07,-3.5007275813108048e-07,3.0832464679262277e-21,3.1538460605599508e-05,6.4954698301677763e-19,-1.7490416141980373e-07,0.025000000000000001
227.5,-1.7490418915977142e-07,1.7516772330496259e-07,-3.5007191246473401e-07,3.9046289570014215e-21,3.153846063925441e-05,6.4954698301677763e-19,-1.7490416465704637e-07,0.025000000000000001
227.75,-1.7490419217609754e-07,1.751668669783066e-07,-3.5007105915440414e-07,4.3190375267056852e-21,3.1538460672920202e-05,6.4954698301677763e-19,-1.749041676752182e-07,0.025000000000000001
228,-1.7490419497342205e-07,1.7516600324705336e-07,-3.5007019822047541e-07,3.9046289570014215e-21,3.1538460706596416e-05,6.4954698301677763e-19,-1.749041704742835e-07,0.025000000000000001
228.25,-1.7490419755171175e-07,1.7516513213176381e-07,-3.5006932968347556e-07,3.8116482626443515e-21,3.1538460740282605e-05,6.4954698301677763e-19,-1.7490417305420903e-07,0.025000000000000001
228.5,-1.7490419991093269e-07,1.7516425365313955e-07,-3.5006845356407223e-07,3.8116482626443515e-21,3.1538460773978511e-05,6.4954698301677763e-19,-1.7490417541496085e-07,0.025000000000000001
228.75,-1.7490420205105749e-07,1.7516336783202035e-07,-3.5006756988307783e-07,3.9046289570014215e-21,3.1538460807683605e-05,6.4954698301677763e-19,-1.7490417755651152e-07,0.025000000000000001
229,-1.7490420397205947e-07,1.7516247468938515e-07,-3.5006667866144462e-07,3.9046289570014215e-21,3.1538460841397549e-05,6.4954698301677763e-19,-1.749041794788344e-07,0.025000000000000001
229.25,-1.7490420567391423e-07,1.7516157424635223e-07,-3.5006577992026646e-07,3.4924063099077129e-21,3.1538460875119943e-05,6.4954698301677763e-19,-1.7490418118190505e-07,0.025000000000000001
229.5,-1.7490420715660191e-07,1.7516066652417609e-07,-3.50064873680778e-07,3.9046289570014215e-21,3.1538460908850293e-05,6.4954698301677763e-19,-1.7490418266570359e-07,0.025000000000000001
229.75,-1.749042084201015e-07,1.7515975154425182e-07,-3.5006395996435332e-07,3.3881317890172014e-21,3.1538460942588361e-05,6.4954698301677763e-19,-1.7490418393020898e-07,0.025000000000000001
230,-1.7490420946439911e-07,1.7515882932810864e-07,-3.5006303879250775e-07,2.9646153153900512e-21,3.1538460976333598e-05,6.4954698301677763e-19,-1.7490418497540735e-07,0.025000000000000001
230.25,-1.7490421028947979e-07,1.7515789989741499e-07,-3.5006211018689478e-07,2.541098841762901e-21,3.1538461010085692e-05,6.4954698301677763e-19,-1.7490418580128374e-07,0.025000000000000001
230.5,-1.749042108953335e-07,1.751569632739739e-07,-3.500611741693074e-07,2.9646153153900512e-21,3.153846104384419e-05,6.4954698301677763e-19,-1.749041864078281e-07,0.025000000000000001
230.75,-1.7490421128195068e-07,1.75156019479726e-07,-3.5006023076167668e-07,3.0832464679262277e-21,3.1538461077608753e-05,6.4954698301677763e-19,-1.7490418679503084e-07,0.025000000000000001
231,-1.7490421144932675e-07,1.75155068536746e-07,-3.5005927998607275e-07,2.541098841762901e-21,3.1538461111378879e-05,6.4954698301677763e-19,-1.7490418696288739e-07,0.025000000000000001
231.25,-1.7490421139745704e-07,1.751541104672449e-07,-3.5005832186470195e-07,3.0832464679262277e-21,3.1538461145154257e-05,6.4954698301677763e-19,-1.7490418691139308e-07,0.025000000000000001
231.5,-1.7490421112634075e-07,1.751531452935681e-07,-3.5005735641990884e-07,3.3881317890172014e-21,3.1538461178934487e-05,6.4954698301677763e-19,-1.7490418664054707e-07,0.025000000000000001
231.75,-1.7490421063598027e-07,1.7515217303819422e-07,-3.5005638367417449e-07,3.0832464679262277e-21,3.1538461212719134e-05,6.4954698301677763e-19,-1.7490418615035182e-07,0.025000000000000001
232,-1.7490420992637993e-07,1.7515119372373649e-07,-3.5005540365011642e-07,4.3190375267056852e-21,3.1538461246507834e-05,6.4954698301677763e-19,-1.7490418544081159e-07,0.025000000000000001
232.25,-1.7490420899754647e-07,1.75150207372941e-07,-3.5005441637048747e-07,2.9646153153900512e-21,3.1538461280300126e-05,6.4954698301677763e-19,-1.7490418451193313e-07,0.025000000000000001
232.5,-1.7490420784948929e-07,1.7514921400868723e-07,-3.5005342185817652e-07,3.9046289570014215e-21,3.1538461314095642e-05,6.4954698301677763e-19,-1.7490418336372586e-07,0.025000000000000001
232.75,-1.7490420648221974e-07,1.7514821365398684e-07,-3.5005242013620658e-07,3.3881317890172014e-21,3.1538461347894066e-05,6.4954698301677763e-19,-1.7490418199620115e-07,0.025000000000000001
233,-1.7490420489575382e-07,1.7514720633198261e-07,-3.5005141122773643e-07,3.9046289570014215e-21,3.1538461381694862e-05,6.4954698301677763e-19,-1.7490418040937497e-07,0.025000000000000001
233.25,-1.7490420309010764e-07,1.7514619206595018e-07,-3.5005039515605782e-07,4.3190375267056852e-21,3.1538461415497738e-05,6.4954698301677763e-19,-1.7490417860326346e-07,0.025000000000000001
233.5,-1.7490420106530143e-07,1.7514517087929461e-07,-3.5004937194459604e-07,4.2351647362715017e-21,3.1538461449302213e-05,6.4954698301677763e-19,-1.7490417657788682e-07,0.025000000000000001
233.75,-1.7490419882135723e-07,1.751441427955527e-07,-3.5004834161690993e-07,4.2351647362715017e-21,3.1538461483107928e-05,6.4954698301677763e-19,-1.7490417433326714e-07,0.025000000000000001
234,-1.7490419635829974e-07,1.7514310783839127e-07,-3.5004730419669101e-07,4.3190375267056852e-21,3.153846151691451e-05,6.4954698301677763e-19,-1.7490417186942908e-07,0.025000000000000001
234.25,-1.7490419367615673e-07,1.7514206603160581e-07,-3.5004625970776254e-07,3.8116482626443515e-21,3.1538461550721533e-05,6.4954698301677763e-19,-1.7490416918640047e-07,0.025000000000000001
234.5,-1.7490419077495856e-07,1.7514101739912161e-07,-3.5004520817408017e-07,4.6586812098986519e-21,3.1538461584528543e-05,6.4954698301677763e-19,-1.7490416628421164e-07,0.025000000000000001
234.75,-1.7490418765473705e-07,1.7513996196499254e-07,-3.5004414961972958e-07,3.9046289570014215e-21,3.1538461618335213e-05,6.4954698301677763e-19,-1.7490416316289447e-07,0.025000000000000001
235,-1.7490418431552742e-07,1.7513889975340036e-07,-3.5004308406892778e-07,3.9046289570014215e-21,3.1538461652141138e-05,6.4954698301677763e-19,-1.7490415982248414e-07,0.025000000000000001
235.25,-1.7490418075736713e-07,1.7513783078865484e-07,-3.5004201154602197e-07,3.9046289570014215e-21,3.1538461685945891e-05,6.4954698301677763e-19,-1.7490415626301816e-07,0.025000000000000001
235.5,-1.7490417698029639e-07,1.7513675509519284e-07,-3.5004093207548924e-07,3.8116482626443515e-21,3.1538461719749106e-05,6.4954698301677763e-19,-1.7490415248453674e-07,0.025000000000000001
235.75,-1.7490417298435812e-07,1.75135672697578e-07,-3.5003984568193611e-07,4.3190375267056852e-21,3.1538461753550376e-05,6.4954698301677763e-19,-1.7490414848708283e-07,0.025000000000000001
236,-1.7490416876959676e-07,1.7513458362050008e-07,-3.5003875239009684e-07,3.9046289570014215e-21,3.1538461787349315e-05,6.4954698301677763e-19,-1.7490414427070086e-07,0.025000000000000001
236.25,-1.7490416433606159e-07,1.7513348788877397e-07,-3.5003765222483556e-07,4.7350581231065237e-21,3.1538461821145502e-05,6.4954698301677763e-19,-1.7490413983544018e-07,0.025000000000000001
236.5,-1.749041596838019e-07,1.7513238552734085e-07,-3.5003654521114275e-07,4.2351647362715017e-21,3.1538461854938593e-05,6.4954698301677763e-19,-1.7490413518135005e-07,0.025000000000000001
236.75,-1.7490415481287123e-07,1.7513127656126622e-07,-3.5003543137413744e-07,4.3190375267056852e-21,3.153846188872812e-05,6.4954698301677763e-19,-1.7490413030848404e-07,0.025000000000000001
237,-1.7490414972332466e-07,1.7513016101573936e-07,-3.5003431073906402e-07,4.7350581231065237e-21,3.1538461922513737e-05,6.4954698301677763e-19,-1.7490412521689728e-07,0.025000000000000001
237.25,-1.7490414441521987e-07,1.7512903891607422e-07,-3.5003318333129409e-07,3.9046289570014215e-21,3.1538461956295078e-05,6.4954698301677763e-19,-1.7490411990664747e-07,0.025000000000000001
237.5,-1.749041388886182e-07,1.7512791028770678e-07,-3.5003204917632498e-07,4.2351647362715017e-21,3.1538461990071668e-05,6.4954698301677763e-19,-1.7490411437779594e-07,0.025000000000000001
237.75,-1.7490413314358325e-07,1.7512677515619635e-07,-3.500309082997796e-07,3.9046289570014215e-21,3.1538462023843123e-05,6.4954698301677763e-19,-1.7490410863040637e-07,0.025000000000000001
238,-1.7490412718017918e-07,1.7512563354722523e-07,-3.5002976072740441e-07,4.6586812098986519e-21,3.1538462057609136e-05,6.4954698301677763e-19,-1.7490410266454292e-07,0.025000000000000001
238.25,-1.7490412099847527e-07,1.7512448548659577e-07,-3.5002860648507104e-07,4.3190375267056852e-21,3.1538462091369247e-05,6.4954698301677763e-19,-1.7490409648027487e-07,0.025000000000000001
238.5,-1.749041145985425e-07,1.75123331000233e-07,-3.5002744559877549e-07,3.8116482626443515e-21,3.1538462125123049e-05,6.4954698301677763e-19,-1.7490409007767329e-07,0.025000000000000001
238.75,-1.7490410798045306e-07,1.7512217011418187e-07,-3.5002627809463493e-07,3.8116482626443515e-21,3.1538462158870197e-05,6.4954698301677763e-19,-1.7490408345681035e-07,0.025000000000000001
239,-1.7490410114428382e-07,1.7512100285460783e-07,-3.5002510399889165e-07,3.8116482626443515e-21,3.153846219261025e-05,6.4954698301677763e-19,-1.7490407661776299e-07,0.025000000000000001
239.25,-1.7490409409011294e-07,1.7511982924779577e-07,-3.500239233379087e-07,3.9046289570014215e-21,3.1538462226342849e-05,6.4954698301677763e-19,-1.7490406956060939e-07,0.025000000000000001
239.5,-1.7490408681802123e-07,1.7511864932014957e-07,-3.500227361381708e-07,4.6586812098986519e-21,3.1538462260067594e-05,6.4954698301677763e-19,-1.7490406228543039e-07,0.025000000000000001
239.75,-1.7490407932809224e-07,1.751174630981918e-07,-3.5002154242628404e-07,4.3190375267056852e-21,3.1538462293784087e-05,6.4954698301677763e-19,-1.7490405479230959e-07,0.025000000000000001
240,-1.7490407162041305e-07,1.7511627060856317e-07,-3.5002034222897622e-07,4.2351647362715017e-21,3.1538462327491885e-05,6.4954698301677763e-19,-1.7490404708133409e-07,0.025000000000000001
240.25,-1.7490406369507069e-07,1.7511507187802237e-07,-3.5001913557309306e-07,3.9046289570014215e-21,3.1538462361190657e-05,6.4954698301677763e-19,-1.7490403915259097e-07,0.025000000000000001
240.5,-1.7490405555215712e-07,1.7511386693344442e-07,-3.5001792248560154e-07,3.9046289570014215e-21,3.1538462394879983e-05,6.4954698301677763e-19,-1.7490403100617222e-07,0.025000000000000001
240.75,-1.7490404719176532e-07,1.7511265580182101e-07,-3.5001670299358633e-07,3.8116482626443515e-21,3.1538462428559544e-05,6.4954698301677763e-19,-1.749040226421709e-07,0.025000000000000001
241,-1.7490403861399218e-07,1.7511143851025983e-07,-3.5001547712425202e-07,4.7350581231065237e-21,3.1538462462228867e-05,6.4954698301677763e-19,-1.7490401406068389e-07,0.025000000000000001
241.25,-1.7490402981893672e-07,1.7511021508598356e-07,-3.5001424490492028e-07,4.2351647362715017e-21,3.1538462495887564e-05,6.4954698301677763e-19,-1.7490400526181027e-07,0.025000000000000001
241.5,-1.749040208066996e-07,1.7510898555633056e-07,-3.5001300636303016e-07,4.6586812098986519e-21,3.1538462529535236e-05,6.4954698301677763e-19,-1.7490399624565078e-07,0.025000000000000001
241.75,-1.7490401157738443e-07,1.7510774994875324e-07,-3.5001176152613767e-07,4.7350581231065237e-21,3.1538462563171572e-05,6.4954698301677763e-19,-1.7490398701230902e-07,0.025000000000000001
242,-1.7490400213109799e-07,1.7510650829081764e-07,-3.5001051042191563e-07,4.2351647362715017e-21,3.1538462596796103e-05,6.4954698301677763e-19,-1.7490397756189186e-07,0.025000000000000001
242.25,-1.7490399246794826e-07,1.7510526061020327e-07,-3.5000925307815153e-07,4.3190375267056852e-21,3.1538462630408512e-05,6.4954698301677763e-19,-1.7490396789450732e-07,0.025000000000000001
242.5,-1.749039825880472e-07,1.7510400693470157e-07,-3.5000798952274877e-07,4.2351647362715017e-21,3.1538462664008364e-05,6.4954698301677763e-19,-1.7490395801026738e-07,0.025000000000000001
242.75,-1.7490397249150841e-07,1.7510274729221719e-07,-3.500067197837256e-07,4.2351647362715017e-21,3.1538462697595281e-05,6.4954698301677763e-19,-1.7490394790928575e-07,0.025000000000000001
243,-1.7490396217844844e-07,1.7510148171076557e-07,-3.5000544388921401e-07,4.6586812098986519e-21,3.1538462731168902e-05,6.4954698301677763e-19,-1.7490393759167898e-07,0.025000000000000001
243.25,-1.7490395164898666e-07,1.7510021021847327e-07,-3.5000416186745993e-07,4.2351647362715017e-21,3.1538462764728767e-05,6.4954698301677763e-19,-1.7490392705756652e-07,0.025000000000000001
243.5,-1.7490394090324447e-07,1.7509893284357747e-07,-3.5000287374682194e-07,4.2351647362715017e-21,3.1538462798274511e-05,6.4954698301677763e-19,-1.7490391630706983e-07,0.025000000000000001
243.75,-1.7490392994134564e-07,1.7509764961442539e-07,-3.5000157955577103e-07,4.6586812098986519e-21,3.1538462831805781e-05,6.4954698301677763e-19,-1.7490390534031271e-07,0.025000000000000001
244,-1.7490391876341715e-07,1.7509636055947329e-07,-3.5000027932289043e-07,3.9046289570014215e-21,3.1538462865322122e-05,6.4954698301677763e-19,-1.7490389415742221e-07,0.025000000000000001
244.25,-1.7490390736958705e-07,1.7509506570728682e-07,-3.4999897307687387e-07,4.2351647362715017e-21,3.1538462898823224e-05,6.4954698301677763e-19,-1.7490388275852643e-07,0.025000000000000001
244.5,-1.7490389575998706e-07,1.7509376508653949e-07,-3.4999766084652655e-07,3.8116482626443515e-21,3.1538462932308707e-05,6.4954698301677763e-19,-1.7490387114375719e-07,0.025000000000000001
244.75,-1.7490388393475082e-07,1.7509245872601217e-07,-3.4999634266076299e-07,4.7350581231065237e-21,3.153846296577817e-05,6.4954698301677763e-19,-1.7490385931324814e-07,0.025000000000000001
245,-1.749038718940163e-07,1.7509114665459293e-07,-3.4999501854860923e-07,3.9046289570014215e-21,3.1538462999231126e-05,6.4954698301677763e-19,-1.7490384726713732e-07,0.025000000000000001
245.25,-1.7490385963792066e-07,1.7508982890127712e-07,-3.4999368853919779e-07,4.2351647362715017e-21,3.1538463032667366e-05,6.4954698301677763e-19,-1.7490383500556199e-07,0.025000000000000001
245.5,-1.7490384716660631e-07,1.7508850549516505e-07,-3.4999235266177136e-07,3.8116482626443515e-21,3.1538463066086407e-05,6.4954698301677763e-19,-1.7490382252866461e-07,0.025000000000000001
245.75,-1.7490383448021757e-07,1.7508717646546304e-07,-3.4999101094568061e-07,3.9046289570014215e-21,3.153846309948787e-05,6.4954698301677763e-19,-1.7490380983658952e-07,0.025000000000000001
246,-1.7490382157890096e-07,1.7508584184148135e-07,-3.4998966342038231e-07,4.6586812098986519e-21,3.1538463132871357e-05,6.4954698301677763e-19,-1.7490379692948336e-07,0.025000000000000001
246.25,-1.749038084628051e-07,1.7508450165263573e-07,-3.4998831011544083e-07,3.9046289570014215e-21,3.1538463166236533e-05,6.4954698301677763e-19,-1.749037838074948e-07,0.025000000000000001
246.5,-1.7490379513208162e-07,1.7508315592844426e-07,-3.4998695106052588e-07,4.2351647362715017e-21,3.1538463199582987e-05,6.4954698301677763e-19,-1.7490377047077554e-07,0.025000000000000001
246.75,-1.7490378158688498e-07,1.7508180469852908e-07,-3.4998558628541405e-07,4.2351647362715017e-21,3.1538463232910318e-05,6.4954698301677763e-19,-1.7490375691948013e-07,0.025000000000000001
247,-1.7490376782737164e-07,1.7508044799261428e-07,-3.4998421581998592e-07,4.6586812098986519e-21,3.1538463266218181e-05,6.4954698301677763e-19,-1.7490374315376505e-07,0.025000000000000001
247.25,-1.7490375385369957e-07,1.7507908584052646e-07,-3.4998283969422602e-07,3.9046289570014215e-21,3.153846329950619e-05,6.4954698301677763e-19,-1.7490372917378841e-07,0.025000000000000001
247.5,-1.7490373966603111e-07,1.7507771827219267e-07,-3.4998145793822378e-07,3.9046289570014215e-21,3.1538463332773971e-05,6.4954698301677763e-19,-1.7490371497971257e-07,0.025000000000000001
247.75,-1.7490372526453074e-07,1.7507634531764078e-07,-3.4998007058217152e-07,3.8116482626443515e-21,3.1538463366021099e-05,6.4954698301677763e-19,-1.7490370057170212e-07,0.025000000000000001
248,-1.7490371064936433e-07,1.7507496700699899e-07,-3.4997867765636332e-07,3.9046289570014215e-21,3.1538463399247206e-05,6.4954698301677763e-19,-1.7490368594992298e-07,0.025000000000000001
248.25,-1.749036958207011e-07,1.7507358337049504e-07,-3.4997727919119613e-07,3.9046289570014215e-21,3.1538463432451928e-05,6.4954698301677763e-19,-1.7490367111454446e-07,0.025000000000000001
248.5,-1.7490368077871251e-07,1.7507219443845534e-07,-3.4997587521716785e-07,4.6586812098986519e-21,3.1538463465634836e-05,6.4954698301677763e-19,-1.7490365606573811e-07,0.025000000000000001
248.75,-1.7490366552357128e-07,1.750708002413062e-07,-3.4997446576487748e-07,4.2351647362715017e-21,3.1538463498795715e-05,6.4954698301677763e-19,-1.749036408036767e-07,0.025000000000000001
249,-1.7490365005545386e-07,1.7506940080957017e-07,-3.4997305086502404e-07,4.3190375267056852e-21,3.1538463531934111e-05,6.4954698301677763e-19,-1.749036253285368e-07,0.025000000000000001
249.25,-1.7490363437454109e-07,1.7506799617386566e-07,-3.4997163054840676e-07,4.2351647362715017e-21,3.1538463565049528e-05,6.4954698301677763e-19,-1.7490360964049929e-07,0.025000000000000001
249.5,-1.7490361848101281e-07,1.7506658636491005e-07,-3.4997020484592286e-07,4.3190375267056852e-21,3.1538463598141703e-05,6.4954698301677763e-19,-1.7490359373974415e-07,0.025000000000000001
249.75,-1.7490360237505351e-07,1.7506517141351516e-07,-3.4996877378856867e-07,4.2351647362715017e-21,3.1538463631210208e-05,6.4954698301677763e-19,-1.749035776264559e-07,0.025000000000000001
250,-1.7490358605684914e-07,1.750637513505884e-07,-3.4996733740743754e-07,4.3190375267056852e-21,3.1538463664254671e-05,6.4954698301677763e-19,-1.7490356130082059e-07,0.025000000000000001
250.25,-1.7490356952658862e-07,1.7506232620713211e-07,-3.4996589573372073e-07,4.3190375267056852e-21,3.1538463697274719e-05,6.4954698301677763e-19,-1.7490354476302724e-07,0.025000000000000001
250.5,-1.7490355278446292e-07,1.7506089601424323e-07,-3.4996444879870615e-07,4.3190375267056852e-21,3.1538463730270013e-05,6.4954698301677763e-19,-1.7490352801326692e-07,0.025000000000000001
250.75,-1.7490353583066496e-07,1.7505946080311183e-07,-3.4996299663377679e-07,4.3190375267056852e-21,3.1538463763240201e-05,6.4954698301677763e-19,-1.7490351105173258e-07,0.025000000000000001
251,-1.7490351866539225e-07,1.750580206050198e-07,-3.4996153927041205e-07,4.2351647362715017e-21,3.1538463796184843e-05,6.4954698301677763e-19,-1.7490349387862191e-07,0.025000000000000001
251.25,-1.749035012888424e-07,1.7505657545134291e-07,-3.499600767401853e-07,4.3190375267056852e-21,3.1538463829103545e-05,6.4954698301677763e-19,-1.7490347649413255e-07,0.025000000000000001
251.5,-1.7490348370121619e-07,1.7505512537354773e-07,-3.4995860907476392e-07,4.2351647362715017e-21,3.153846386199605e-05,6.4954698301677763e-19,-1.7490345889846538e-07,0.025000000000000001
251.75,-1.7490346590271844e-07,1.7505367040319104e-07,-3.4995713630590947e-07,4.2351647362715017e-21,3.1538463894861877e-05,6.4954698301677763e-19,-1.7490344109182531e-07,0.025000000000000001
252,-1.7490344789355355e-07,1.7505221057192188e-07,-3.4995565846547543e-07,4.2351647362715017e-21,3.1538463927700701e-05,6.4954698301677763e-19,-1.7490342307441689e-07,0.025000000000000001
252.25,-1.7490342967393108e-07,1.7505074591147736e-07,-3.4995417558540844e-07,4.2351647362715017e-21,3.1538463960512081e-05,7.5780481351957391e-19,-1.7490340484644968e-07,0.025000000000000001
252.5,-1.7490341124405999e-07,1.7504927645368571e-07,-3.4995268769774571e-07,4.2351647362715017e-21,3.153846399329582e-05,6.4954698301677763e-19,-1.7490338640813283e-07,0.025000000000000001
252.75,-1.7490339260415433e-07,1.7504780223046172e-07,-3.4995119483461605e-07,4.2351647362715017e-21,3.1538464026051438e-05,5.4128915251398134e-19,-1.7490336775968045e-07,0.025000000000000001
253,-1.7490337375443088e-07,1.750463232738083e-07,-3.4994969702823917e-07,4.3190375267056852e-21,3.1538464058778508e-05,5.4128915251398134e-19,-1.7490334890130942e-07,0.025000000000000001
253.25,-1.7490335469510716e-07,1.7504483961581645e-07,-3.4994819431092361e-07,4.2351647362715017e-21,3.1538464091476703e-05,6.4954698301677763e-19,-1.7490332983323736e-07,0.025000000000000001
253.5,-1.7490333542640373e-07,1.7504335128866368e-07,-3.4994668671506741e-07,4.2351647362715017e-21,3.1538464124145646e-05,6.4954698301677763e-19,-1.7490331055568493e-07,0.025000000000000001
253.75,-1.7490331594854261e-07,1.7504185832461376e-07,-3.4994517427315637e-07,4.2351647362715017e-21,3.1538464156785024e-05,6.4954698301677763e-19,-1.7490329106887425e-07,0.025000000000000001
254,-1.7490329626174999e-07,1.7504036075601483e-07,-3.4994365701776482e-07,4.3190375267056852e-21,3.1538464189394451e-05,6.4954698301677763e-19,-1.7490327137303163e-07,0.025000000000000001
254.25,-1.7490327636625261e-07,1.7503885861530106e-07,-3.4994213498155367e-07,4.2351647362715017e-21,3.153846422197356e-05,6.4954698301677763e-19,-1.7490325146838391e-07,0.025000000000000001
254.5,-1.7490325626228215e-07,1.7503735193498934e-07,-3.4994060819727149e-07,4.2351647362715017e-21,3.1538464254521947e-05,6.4954698301677763e-19,-1.7490323135516291e-07,0.025000000000000001
254.75,-1.7490323595007079e-07,1.750358407476807e-07,-3.499390766977515e-07,4.3190375267056852e-21,3.153846428703923e-05,5.4128915251398134e-19,-1.7490321103360083e-07,0.025000000000000001
255,-1.7490321542985268e-07,1.7503432508606026e-07,-3.4993754051591294e-07,4.2351647362715017e-21,3.1538464319525112e-05,7.5780481351957391e-19,-1.7490319050393202e-07,0.025000000000000001
255.25,-1.7490319470186638e-07,1.7503280498289275e-07,-3.4993599968475913e-07,4.3190375267056852e-21,3.1538464351979206e-05,6.4954698301677763e-19,-1.7490316976639511e-07,0.025000000000000001
255.5,-1.7490317376635087e-07,1.7503128047102722e-07,-3.4993445423737809e-07,4.3190375267056852e-21,3.153846438440114e-05,6.4954698301677763e-19,-1.7490314882122917e-07,0.025000000000000001
255.75,-1.749031526235476e-07,1.7502975158339203e-07,-3.4993290420693964e-07,4.2351647362715017e-21,3.1538464416790637e-05,6.4954698301677763e-19,-1.7490312766867581e-07,0.025000000000000001
256,-1.7490313127370341e-07,1.7502821835299534e-07,-3.4993134962669875e-07,4.2351647362715017e-21,3.1538464449147146e-05,6.4954698301677763e-19,-1.7490310630898198e-07,0.025000000000000001
256.25,-1.7490310971706359e-07,1.7502668081292661e-07,-3.499297905299902e-07,4.3190375267056852e-21,3.1538464481470452e-05,6.4954698301677763e-19,-1.7490308474239304e-07,0.025000000000000001
256.5,-1.7490308795387823e-07,1.750251389963528e-07,-3.4992822695023103e-07,4.2351647362715017e-21,3.1538464513760175e-05,6.4954698301677763e-19,-1.7490306296915924e-07,0.025000000000000001
256.75,-1.7490306598439902e-07,1.7502359293651983e-07,-3.4992665892091885e-07,4.3190375267056852e-21,3.1538464546015908e-05,6.4954698301677763e-19,-1.7490304098953237e-07,0.025000000000000001
257,-1.7490304380887974e-07,1.7502204266675158e-07,-3.4992508647563131e-07,4.3190375267056852e-21,3.1538464578237332e-05,7.5780481351957391e-19,-1.7490301880376632e-07,0.025000000000000001
257.25,-1.7490302142757856e-07,1.750204882204474e-07,-3.4992350964802597e-07,4.3190375267056852e-21,3.1538464610424008e-05,5.4128915251398134e-19,-1.7490299641211941e-07,0.025000000000000001
257.5,-1.7490299884075234e-07,1.7501892963108578e-07,-3.4992192847183812e-07,4.3190375267056852e-21,3.1538464642575726e-05,6.4954698301677763e-19,-1.749029738148486e-07,0.025000000000000001
257.75,-1.7490297604866268e-07,1.7501736693221912e-07,-3.499203429808818e-07,4.3190375267056852e-21,3.1538464674692057e-05,6.4954698301677763e-19,-1.7490295101221561e-07,0.025000000000000001
258,-1.7490295305157359e-07,1.7501580015747528e-07,-3.4991875320904887e-07,4.2351647362715017e-21,3.153846470677261e-05,6.4954698301677763e-19,-1.7490292800448455e-07,0.025000000000000001
258.25,-1.7490292984975202e-07,1.7501422934055528e-07,-3.499171591903073e-07,4.2351647362715017e-21,3.1538464738817032e-05,6.4954698301677763e-19,-1.7490290479192256e-07,0.025000000000000001
258.5,-1.7490290644346499e-07,1.7501265451523627e-07,-3.4991556095870126e-07,4.2351647362715017e-21,3.1538464770825038e-05,6.4954698301677763e-19,-1.7490288137479673e-07,0.025000000000000001
258.75,-1.7490288283298468e-07,1.7501107571536624e-07,-3.4991395854835092e-07,4.3190375267056852e-21,3.1538464802796175e-05,6.4954698301677763e-19,-1.7490285775337937e-07,0.025000000000000001
259,-1.749028590185833e-07,1.7500949297486728e-07,-3.4991235199345058e-07,4.2351647362715017e-21,3.1538464834730164e-05,6.4954698301677763e-19,-1.7490283392794285e-07,0.025000000000000001
259.25,-1.7490283500053665e-07,1.7500790632773264e-07,-3.4991074132826929e-07,4.3190375267056852e-21,3.1538464866626633e-05,6.4954698301677763e-19,-1.7490280989876309e-07,0.025000000000000001
259.5,-1.7490281077912199e-07,1.7500631580802663e-07,-3.4990912658714862e-07,4.2351647362715017e-21,3.153846489848525e-05,6.4954698301677763e-19,-1.7490278566611743e-07,0.025000000000000001
259.75,-1.7490278635462057e-07,1.7500472144988349e-07,-3.4990750780450406e-07,4.2351647362715017e-21,3.1538464930305594e-05,6.4954698301677763e-19,-1.7490276123028732e-07,0.025000000000000001
260,-1.7490276172731455e-07,1.750031232875082e-07,-3.4990588501482275e-07,4.2351647362715017e-21,3.1538464962087355e-05,6.4954698301677763e-19,-1.7490273659155504e-07,0.025000000000000001
260.25,-1.7490273689748843e-07,1.7500152135517442e-07,-3.4990425825266285e-07,4.3190375267056852e-21,3.1538464993830179e-05,6.4954698301677763e-19,-1.7490271175020517e-07,0.025000000000000001
260.5,-1.7490271186542968e-07,1.7499991568722451e-07,-3.4990262755265419e-07,4.3190375267056852e-21,3.1538465025533714e-05,6.4954698301677763e-19,-1.7490268670652536e-07,0.025000000000000001
260.75,-1.7490268663142869e-07,1.7499830631806753e-07,-3.4990099294949622e-07,4.3190375267056852e-21,3.1538465057197561e-05,5.4128915251398134e-19,-1.7490266146080612e-07,0.025000000000000001
261,-1.7490266119577579e-07,1.7499669328218152e-07,-3.4989935447795731e-07,4.3190375267056852e-21,3.1538465088821461e-05,6.4954698301677763e-19,-1.7490263601333793e-07,0.025000000000000001
261.25,-1.7490263555876647e-07,1.7499507661410945e-07,-3.4989771217287592e-07,4.3190375267056852e-21,3.1538465120404995e-05,6.4954698301677763e-19,-1.7490261036441642e-07,0.025000000000000001
261.5,-1.7490260972069626e-07,1.7499345634846117e-07,-3.4989606606915743e-07,4.3190375267056852e-21,3.1538465151947804e-05,6.4954698301677763e-19,-1.7490258451433724e-07,0.025000000000000001
261.75,-1.7490258368186466e-07,1.7499183251991023e-07,-3.4989441620177489e-07,4.2351647362715017e-21,3.1538465183449563e-05,6.4954698301677763e-19,-1.7490255846340005e-07,0.025000000000000001
262,-1.7490255744257243e-07,1.749902051631956e-07,-3.4989276260576803e-07,4.2351647362715017e-21,3.1538465214909993e-05,6.4954698301677763e-19,-1.7490253221190574e-07,0.025000000000000001
262.25,-1.7490253100312365e-07,1.7498857431311975e-07,-3.4989110531624341e-07,4.3190375267056852e-21,3.1538465246328667e-05,6.4954698301677763e-19,-1.7490250576015851e-07,0.025000000000000001
262.5,-1.7490250436382277e-07,1.7498694000454896e-07,-3.4988944436837173e-07,4.3190375267056852e-21,3.1538465277705329e-05,6.4954698301677763e-19,-1.74902479108463e-07,0.025000000000000001
262.75,-1.7490247752497905e-07,1.7498530227241031e-07,-3.4988777979738936e-07,4.3190375267056852e-21,3.1538465309039517e-05,6.4954698301677763e-19,-1.7490245225712856e-07,0.025000000000000001
263,-1.749024504869026e-07,1.749836611516939e-07,-3.498861116385965e-07,4.3190375267056852e-21,3.1538465340330961e-05,6.4954698301677763e-19,-1.7490242520646552e-07,0.025000000000000001
263.25,-1.7490242324990681e-07,1.7498201667744997e-07,-3.4988443992735678e-07,4.2351647362715017e-21,3.1538465371579267e-05,6.4954698301677763e-19,-1.7490239795678734e-07,0.025000000000000001
263.5,-1.7490239581430507e-07,1.7498036888479043e-07,-3.4988276469909549e-07,4.3190375267056852e-21,3.1538465402784218e-05,6.4954698301677763e-19,-1.749023705084076e-07,0.025000000000000001
263.75,-1.749023681804163e-07,1.749787178088847e-07,-3.49881085989301e-07,4.3190375267056852e-21,3.1538465433945266e-05,5.4128915251398134e-19,-1.7490234286164533e-07,0.025000000000000001
264,-1.7490234034855925e-07,1.7497706348496295e-07,-3.498794038335222e-07,4.2351647362715017e-21,3.1538465465062221e-05,6.4954698301677763e-19,-1.749023150168195e-07,0.025000000000000001
264.25,-1.7490231231905485e-07,1.7497540594831422e-07,-3.4987771826736906e-07,4.2351647362715017e-21,3.1538465496134784e-05,6.4954698301677763e-19,-1.7490228697425115e-07,0.025000000000000001
264.5,-1.7490228409222827e-07,1.7497374523428361e-07,-3.4987602932651188e-07,4.2351647362715017e-21,3.1538465527162516e-05,6.4954698301677763e-19,-1.7490225873426557e-07,0.025000000000000001
264.75,-1.7490225566840575e-07,1.749720813782735e-07,-3.4987433704667925e-07,4.2351647362715017e-21,3.153846555814509e-05,6.4954698301677763e-19,-1.7490223029718921e-07,0.025000000000000001
265,-1.7490222704791548e-07,1.7497041441574294e-07,-3.4987264146365842e-07,4.2351647362715017e-21,3.153846558908223e-05,6.4954698301677763e-19,-1.7490220166335039e-07,0.025000000000000001
265.25,-1.7490219823108855e-07,1.7496874438220653e-07,-3.4987094261329508e-07,4.2351647362715017e-21,3.1538465619973535e-05,6.4954698301677763e-19,-1.7490217283308036e-07,0.025000000000000001
265.5,-1.7490216921825825e-07,1.7496707131323326e-07,-3.4986924053149151e-07,4.3190375267056852e-21,3.1538465650818728e-05,6.4954698301677763e-19,-1.7490214380671254e-07,0.025000000000000001
265.75,-1.7490214000976022e-07,1.7496539524444628e-07,-3.498675352542065e-07,4.3190375267056852e-21,3.1538465681617381e-05,6.4954698301677763e-19,-1.7490211458458276e-07,0.025000000000000001
266,-1.7490211060593136e-07,1.7496371621152309e-07,-3.4986582681745445e-07,4.3190375267056852e-21,3.1538465712369258e-05,6.4954698301677763e-19,-1.7490208516702805e-07,0.025000000000000001
266.25,-1.7490208100711231e-07,1.7496203425019288e-07,-3.4986411525730519e-07,4.2351647362715017e-21,3.1538465743073972e-05,6.4954698301677763e-19,-1.7490205555438926e-07,0.025000000000000001
266.5,-1.7490205121364507e-07,1.7496034939623746e-07,-3.4986240060988252e-07,4.2351647362715017e-21,3.1538465773731204e-05,6.4954698301677763e-19,-1.7490202574700849e-07,0.025000000000000001
266.75,-1.7490202122587376e-07,1.7495866168549067e-07,-3.4986068291136443e-07,4.2351647362715017e-21,3.1538465804340617e-05,6.4954698301677763e-19,-1.7490199574523006e-07,0.025000000000000001
267,-1.7490199104414575e-07,1.7495697115383579e-07,-3.4985896219798154e-07,4.2351647362715017e-21,3.1538465834901837e-05,6.4954698301677763e-19,-1.749019655494015e-07,0.025000000000000001
267.25,-1.7490196066880867e-07,1.7495527783720783e-07,-3.498572385060165e-07,4.2351647362715017e-21,3.1538465865414627e-05,7.5780481351957391e-19,-1.7490193515987058e-07,0.025000000000000001
267.5,-1.7490193010021487e-07,1.7495358177158908e-07,-3.4985551187180396e-07,4.2351647362715017e-21,3.1538465895878539e-05,6.4954698301677763e-19,-1.7490190457698983e-07,0.025000000000000001
267.75,-1.7490189933871764e-07,1.7495188299301184e-07,-3.4985378233172948e-07,4.3190375267056852e-21,3.1538465926293263e-05,6.4954698301677763e-19,-1.7490187380111273e-07,0.025000000000000001
268,-1.7490186838467073e-07,1.7495018153755661e-07,-3.4985204992222734e-07,4.3190375267056852e-21,3.1538465956658595e-05,6.4954698301677763e-19,-1.7490184283259315e-07,0.025000000000000001
268.25,-1.7490183723843258e-07,1.7494847744135043e-07,-3.4985031467978301e-07,4.3190375267056852e-21,3.1538465986974168e-05,6.4954698301677763e-19,-1.7490181167178973e-07,0.025000000000000001
268.5,-1.7490180590036367e-07,1.7494677074056726e-07,-3.4984857664093093e-07,4.3190375267056852e-21,3.1538466017239618e-05,5.4128915251398134e-19,-1.7490178031906311e-07,0.025000000000000001
268.75,-1.7490177437082598e-07,1.7494506147142624e-07,-3.4984683584225222e-07,4.2351647362715017e-21,3.1538466047454591e-05,6.4954698301677763e-19,-1.7490174877477545e-07,0.025000000000000001
269,-1.7490174265018268e-07,1.7494334967019304e-07,-3.4984509232037572e-07,4.2351647362715017e-21,3.1538466077618877e-05,6.4954698301677763e-19,-1.7490171703929007e-07,0.025000000000000001
269.25,-1.7490171073880198e-07,1.7494163537317533e-07,-3.4984334611197731e-07,4.2351647362715017e-21,3.1538466107731996e-05,6.4954698301677763e-19,-1.7490168511297538e-07,0.025000000000000001
269.5,-1.7490167863705219e-07,1.7493991861672659e-07,-3.4984159725377878e-07,4.3190375267056852e-21,3.1538466137793697e-05,6.4954698301677763e-19,-1.7490165299619984e-07,0.025000000000000001
269.75,-1.7490164634530405e-07,1.7493819943724331e-07,-3.4983984578254736e-07,4.3190375267056852e-21,3.1538466167803661e-05,6.4954698301677763e-19,-1.7490162068933438e-07,0.025000000000000001
270,-1.7490161386393066e-07,1.7493647787116347e-07,-3.4983809173509413e-07,3.8116482626443515e-21,3.1538466197761529e-05,6.4954698301677763e-19,-1.7490158819275225e-07,0.025000000000000001
270.25,-1.749015811933069e-07,1.7493475395496745e-07,-3.4983633514827434e-07,4.3190375267056852e-21,3.1538466227667044e-05,6.4954698301677763e-19,-1.7490155550682853e-07,0.025000000000000001
270.5,-1.7490154833380951e-07,1.7493302772517642e-07,-3.4983457605898592e-07,4.3190375267056852e-21,3.1538466257519893e-05,6.4954698301677763e-19,-1.7490152263194015e-07,0.025000000000000001
270.75,-1.7490151528581968e-07,1.7493129921835095e-07,-3.4983281450417063e-07,4.3190375267056852e-21,3.1538466287319691e-05,6.4954698301677763e-19,-1.7490148956846847e-07,0.025000000000000001
271,-1.7490148204971828e-07,1.7492956847109157e-07,-3.4983105052080985e-07,4.6586812098986519e-21,3.153846631706616e-05,6.4954698301677763e-19,-1.749014563167945e-07,0.025000000000000001
271.25,-1.749014486258881e-07,1.7492783552003921e-07,-3.4982928414592731e-07,4.3190375267056852e-21,3.1538466346759029e-05,6.4954698301677763e-19,-1.7490142287730125e-07,0.025000000000000001
271.5,-1.7490141501471694e-07,1.7492610040187021e-07,-3.4982751541658715e-07,4.3190375267056852e-21,3.1538466376397884e-05,6.4954698301677763e-19,-1.7490138925037671e-07,0.025000000000000001
271.75,-1.7490138121659206e-07,1.749243631533e-07,-3.4982574436989206e-07,4.3190375267056852e-21,3.1538466405982488e-05,6.4954698301677763e-19,-1.7490135543640829e-07,0.025000000000000001
272,-1.7490134723190566e-07,1.7492262381107952e-07,-3.4982397104298517e-07,4.7350581231065237e-21,3.1538466435512402e-05,6.4954698301677763e-19,-1.749013214357884e-07,0.025000000000000001
272.25,-1.7490131306104716e-07,1.7492088241199831e-07,-3.4982219547304547e-07,4.2351647362715017e-21,3.1538466464987508e-05,6.4954698301677763e-19,-1.7490128724890663e-07,0.025000000000000001
272.5,-1.7490127870441331e-07,1.7491913899287805e-07,-3.4982041769729136e-07,4.3190375267056852e-21,3.1538466494407314e-05,6.4954698301677763e-19,-1.7490125287615995e-07,0.025000000000000001
272.75,-1.7490124416239964e-07,1.7491739359057736e-07,-3.49818637752977e-07,4.2351647362715017e-21,3.1538466523771602e-05,6.4954698301677763e-19,-1.7490121831794399e-07,0.025000000000000001
273,-1.7490120943540501e-07,1.7491564624198769e-07,-3.498168556773927e-07,4.2351647362715017e-21,3.1538466553080073e-05,6.4954698301677763e-19,-1.749011835746579e-07,0.025000000000000001
273.25,-1.7490117452383054e-07,1.7491389698403364e-07,-3.4981507150786418e-07,4.3190375267056852e-21,3.1538466582332376e-05,6.4954698301677763e-19,-1.7490114864670293e-07,0.025000000000000001
273.5,-1.7490113942807993e-07,1.7491214585367228e-07,-3.4981328528175221e-07,4.2351647362715017e-21,3.1538466611528226e-05,6.4954698301677763e-19,-1.7490111353448298e-07,0.025000000000000001
273.75,-1.7490110414855795e-07,1.7491039288789259e-07,-3.4981149703645054e-07,4.2351647362715017e-21,3.1538466640667285e-05,6.4954698301677763e-19,-1.7490107823840301e-07,0.025000000000000001
274,-1.749010686856725e-07,1.749086381237143e-07,-3.4980970680938681e-07,4.3190375267056852e-21,3.1538466669749199e-05,6.4954698301677763e-19,-1.7490104275887114e-07,0.025000000000000001
274.25,-1.7490103303983194e-07,1.7490688159818789e-07,-3.4980791463801982e-07,4.2351647362715017e-21,3.1538466698773752e-05,6.4954698301677763e-19,-1.7490100709629588e-07,0.025000000000000001
274.5,-1.749009972114478e-07,1.7490512334839316e-07,-3.4980612055984096e-07,4.2351647362715017e-21,3.1538466727740652e-05,6.4954698301677763e-19,-1.7490097125108898e-07,0.025000000000000001
274.75,-1.7490096120093387e-07,1.7490336341143917e-07,-3.4980432461237304e-07,3.8116482626443515e-21,3.1538466756649541e-05,7.5780481351957391e-19,-1.7490093522366441e-07,0.025000000000000001
275,-1.7490092500870531e-07,1.7490160182446364e-07,-3.4980252683316895e-07,4.7350581231065237e-21,3.1538466785500181e-05,6.4954698301677763e-19,-1.7490089901443753e-07,0.025000000000000001
275.25,-1.7490088863518075e-07,1.7489983862462968e-07,-3.4980072725981043e-07,4.2351647362715017e-21,3.1538466814292186e-05,6.4954698301677763e-19,-1.7490086262382718e-07,0.025000000000000001
275.5,-1.7490085208077934e-07,1.7489807384912926e-07,-3.497989259299086e-07,3.8116482626443515e-21,3.1538466843025279e-05,6.4954698301677763e-19,-1.7490082605225271e-07,0.025000000000000001
275.75,-1.749008153459232e-07,1.748963075351797e-07,-3.497971228811029e-07,4.3190375267056852e-21,3.153846687169918e-05,6.4954698301677763e-19,-1.7490078930013642e-07,0.025000000000000001
276,-1.749007784310367e-07,1.7489453972002293e-07,-3.4979531815105962e-07,4.2351647362715017e-21,3.1538466900313532e-05,6.4954698301677763e-19,-1.7490075236790287e-07,0.025000000000000001
276.25,-1.7490074133654424e-07,1.7489277044092754e-07,-3.4979351177747178e-07,3.9046289570014215e-21,3.1538466928868131e-05,6.4954698301677763e-19,-1.749007152559767e-07,0.025000000000000001
276.5,-1.7490070406287586e-07,1.7489099973518317e-07,-3.4979170379805903e-07,3.9046289570014215e-21,3.1538466957362556e-05,6.4954698301677763e-19,-1.7490067796478813e-07,0.025000000000000001
276.75,-1.7490066661045992e-07,1.7488922764010566e-07,-3.4978989425056558e-07,4.7350581231065237e-21,3.1538466985796612e-05,6.4954698301677763e-19,-1.7490064049476571e-07,0.025000000000000001
277,-1.7490062897972859e-07,1.7488745419303193e-07,-3.4978808317276051e-07,4.3190375267056852e-21,3.153846701417002e-05,6.4954698301677763e-19,-1.7490060284634182e-07,0.025000000000000001
277.25,-1.7490059117111708e-07,1.7488567943131968e-07,-3.4978627060243676e-07,4.7350581231065237e-21,3.1538467042482395e-05,6.4954698301677763e-19,-1.7490056501995188e-07,0.025000000000000001
277.5,-1.7490055318506069e-07,1.7488390339234919e-07,-3.4978445657740988e-07,4.6586812098986519e-21,3.1538467070733491e-05,6.4954698301677763e-19,-1.7490052701603141e-07,0.025000000000000001
277.75,-1.7490051502199906e-07,1.7488212611351949e-07,-3.4978264113551855e-07,4.2351647362715017e-21,3.1538467098922985e-05,6.4954698301677763e-19,-1.7490048883502025e-07,0.025000000000000001
278,-1.7490047668237053e-07,1.7488034763225136e-07,-3.4978082431462189e-07,4.3190375267056852e-21,3.1538467127050605e-05,6.4954698301677763e-19,-1.7490045047735693e-07,0.025000000000000001
278.25,-1.7490043816661764e-07,1.7487856798598312e-07,-3.4977900615260076e-07,4.3190375267056852e-21,3.1538467155116072e-05,6.4954698301677763e-19,-1.7490041194348421e-07,0.025000000000000001
278.5,-1.7490039947518519e-07,1.748767872121713e-07,-3.497771866873565e-07,4.6586812098986519e-21,3.1538467183119097e-05,6.4954698301677763e-19,-1.749003732338471e-07,0.025000000000000001
278.75,-1.7490036060851966e-07,1.7487500534828984e-07,-3.497753659568095e-07,4.2351647362715017e-21,3.1538467211059339e-05,6.4954698301677763e-19,-1.7490033434889229e-07,0.025000000000000001
279,-1.749003215670689e-07,1.7487322243182999e-07,-3.4977354399889889e-07,3.9046289570014215e-21,3.1538467238936522e-05,6.4954698301677763e-19,-1.7490029528906783e-07,0.025000000000000001
279.25,-1.7490028235128291e-07,1.748714385002988e-07,-3.4977172085158171e-07,4.2351647362715017e-21,3.1538467266750387e-05,7.5780481351957391e-19,-1.7490025605482396e-07,0.025000000000000001
279.5,-1.7490024296161331e-07,1.7486965359121909e-07,-3.4976989655283239e-07,4.7350581231065237e-21,3.1538467294500697e-05,6.4954698301677763e-19,-1.7490021664661246e-07,0.025000000000000001
279.75,-1.7490020339851506e-07,1.7486786774212765e-07,-3.4976807114064271e-07,4.3190375267056852e-21,3.1538467322187101e-05,6.4954698301677763e-19,-1.7490017706488856e-07,0.025000000000000001
280,-1.7490016366244408e-07,1.7486608099057488e-07,-3.4976624465301896e-07,4.2351647362715017e-21,3.1538467349809333e-05,6.4954698301677763e-19,-1.749001373101084e-07,0.025000000000000001
280.25,-1.7490012375385917e-07,1.7486429337412471e-07,-3.4976441712798388e-07,4.3190375267056852e-21,3.1538467377367042e-05,6.4954698301677763e-19,-1.7490009738273096e-07,0.025000000000000001
280.5,-1.749000836732194e-07,1.7486250493035452e-07,-3.4976258860357391e-07,4.6586812098986519e-21,3.153846740486003e-05,6.4954698301677763e-19,-1.7490005728321553e-07,0.025000000000000001
280.75,-1.7490004342098774e-07,1.7486071569685114e-07,-3.4976075911783888e-07,3.8116482626443515e-21,3.1538467432287974e-05,6.4954698301677763e-19,-1.7490001701202529e-07,0.025000000000000001
281,-1.7490000299762724e-07,1.7485892571121525e-07,-3.4975892870884249e-07,4.2351647362715017e-21,3.1538467459650634e-05,6.4954698301677763e-19,-1.7489997656962357e-07,0.025000000000000001
281.25,-1.7489996240360456e-07,1.7485713501105553e-07,-3.4975709741466009e-07,4.2351647362715017e-21,3.153846748694768e-05,6.4954698301677763e-19,-1.7489993595647716e-07,0.025000000000000001
281.5,-1.7489992163938747e-07,1.7485534363399126e-07,-3.4975526527337872e-07,4.6586812098986519e-21,3.1538467514178841e-05,6.4954698301677763e-19,-1.7489989517305413e-07,0.025000000000000001
281.75,-1.748998807054452e-07,1.74853551617651e-07,-3.4975343232309619e-07,4.3190375267056852e-21,3.1538467541343879e-05,6.4954698301677763e-19,-1.7489985421982388e-07,0.025000000000000001
282,-1.7489983960225033e-07,1.7485175899966985e-07,-3.4975159860192019e-07,3.9046289570014215e-21,3.1538467568442462e-05,6.4954698301677763e-19,-1.7489981309725923e-07,0.025000000000000001
282.25,-1.74899798330275e-07,1.7484996581769298e-07,-3.4974976414796798e-07,4.7350581231065237e-21,3.1538467595474421e-05,6.4954698301677763e-19,-1.7489977180583255e-07,0.025000000000000001
282.5,-1.7489975688999642e-07,1.7484817210936918e-07,-3.497479289993656e-07,4.6586812098986519e-21,3.1538467622439328e-05,6.4954698301677763e-19,-1.7489973034602125e-07,0.025000000000000001
282.75,-1.748997152818912e-07,1.7484637791235588e-07,-3.4974609319424708e-07,4.7350581231065237e-21,3.1538467649337042e-05,6.4954698301677763e-19,-1.7489968871830219e-07,0.025000000000000001
283,-1.7489967350643832e-07,1.748445832643148e-07,-3.4974425677075312e-07,3.9046289570014215e-21,3.1538467676167224e-05,6.4954698301677763e-19,-1.748996469231546e-07,0.025000000000000001
283.25,-1.74899631564121e-07,1.7484278820291063e-07,-3.4974241976703163e-07,4.2351647362715017e-21,3.1538467702929549e-05,6.4954698301677763e-19,-1.7489960496106188e-07,0.025000000000000001
283.5,-1.7489958945542055e-07,1.7484099276581471e-07,-3.4974058222123527e-07,4.2351647362715017e-21,3.1538467729623914e-05,6.4954698301677763e-19,-1.7489956283250557e-07,0.025000000000000001
283.75,-1.7489954718082259e-07,1.7483919699069978e-07,-3.4973874417152238e-07,4.6586812098986519e-21,3.153846775624992e-05,6.4954698301677763e-19,-1.7489952053797155e-07,0.025000000000000001
284,-1.748995047408145e-07,1.7483740091524137e-07,-3.4973690565605587e-07,4.3190375267056852e-21,3.1538467782807277e-05,6.4954698301677763e-19,-1.7489947807794741e-07,0.025000000000000001
284.25,-1.7489946213588462e-07,1.7483560457711717e-07,-3.4973506671300179e-07,3.8116482626443515e-21,3.1538467809295792e-05,6.4954698301677763e-19,-1.7489943545292172e-07,0.025000000000000001
284.5,-1.7489941936652394e-07,1.7483380801400541e-07,-3.4973322738052934e-07,3.8116482626443515e-21,3.1538467835715143e-05,7.5780481351957391e-19,-1.7489939266338572e-07,0.025000000000000001
284.75,-1.7489937643322469e-07,1.7483201126358474e-07,-3.4973138769680943e-07,4.2351647362715017e-21,3.1538467862065085e-05,6.4954698301677763e-19,-1.7489934970983185e-07,0.025000000000000001
285,-1.7489933333648151e-07,1.7483021436353282e-07,-3.4972954770001433e-07,4.6586812098986519e-21,3.1538467888345366e-05,6.4954698301677763e-19,-1.7489930659275499e-07,0.025000000000000001
285.25,-1.7489929007679042e-07,1.7482841735152697e-07,-3.4972770742831739e-07,4.3190375267056852e-21,3.1538467914555716e-05,6.4954698301677763e-19,-1.7489926331265141e-07,0.025000000000000001
285.5,-1.7489924665464964e-07,1.7482662026524221e-07,-3.4972586691989184e-07,4.3190375267056852e-21,3.1538467940695898e-05,6.4954698301677763e-19,-1.7489921987001953e-07,0.025000000000000001
285.75,-1.7489920307056044e-07,1.7482482314235016e-07,-3.497240262129106e-07,4.7350581231065237e-21,3.153846796676558e-05,7.5780481351957391e-19,-1.748991762653609e-07,0.025000000000000001
286,-1.7489915932502227e-07,1.7482302602052167e-07,-3.4972218534554394e-07,4.3190375267056852e-21,3.1538467992764599e-05,6.4954698301677763e-19,-1.7489913249917516e-07,0.025000000000000001
286.25,-1.7489911541854048e-07,1.7482122893742069e-07,-3.4972034435596116e-07,4.7350581231065237e-21,3.1538468018692651e-05,6.4954698301677763e-19,-1.7489908857196796e-07,0.025000000000000001
286.5,-1.7489907135161918e-07,1.7481943193070824e-07,-3.4971850328232742e-07,3.8116482626443515e-21,3.1538468044549544e-05,6.4954698301677763e-19,-1.7489904448424359e-07,0.025000000000000001
286.75,-1.7489902712476724e-07,1.7481763503803895e-07,-3.4971666216280619e-07,4.2351647362715017e-21,3.1538468070334874e-05,6.4954698301677763e-19,-1.7489900023651117e-07,0.025000000000000001
287,-1.7489898273849369e-07,1.7481583829706098e-07,-3.4971482103555468e-07,4.6586812098986519e-21,3.1538468096048382e-05,6.4954698301677763e-19,-1.7489895582928002e-07,0.025000000000000001
287.25,-1.7489893819330742e-07,1.7481404174541793e-07,-3.4971297993872536e-07,3.9046289570014215e-21,3.1538468121690007e-05,7.5780481351957391e-19,-1.7489891126305919e-07,0.025000000000000001
287.5,-1.7489889348972337e-07,1.7481224542074226e-07,-3.4971113891046563e-07,4.3190375267056852e-21,3.1538468147259316e-05,5.4128915251398134e-19,-1.7489886653836392e-07,0.025000000000000001
287.75,-1.7489884862825441e-07,1.7481044936066144e-07,-3.4970929798891585e-07,4.2351647362715017e-21,3.1538468172756133e-05,6.4954698301677763e-19,-1.7489882165570731e-07,0.025000000000000001
288,-1.7489880360941729e-07,1.7480865360279158e-07,-3.4970745721220887e-07,4.2351647362715017e-21,3.153846819818024e-05,5.4128915251398134e-19,-1.7489877661560636e-07,0.025000000000000001
288.25,-1.7489875843373043e-07,1.7480685818473984e-07,-3.4970561661847027e-07,3.9046289570014215e-21,3.1538468223531265e-05,6.4954698301677763e-19,-1.7489873141857971e-07,0.025000000000000001
288.5,-1.7489871310171341e-07,1.7480506314410344e-07,-3.4970377624581685e-07,4.2351647362715017e-21,3.1538468248809073e-05,6.4954698301677763e-19,-1.7489868606514722e-07,0.025000000000000001
288.75,-1.7489866761388728e-07,1.7480326851846871e-07,-3.4970193613235599e-07,3.8116482626443515e-21,3.1538468274013358e-05,6.4954698301677763e-19,-1.7489864055583017e-07,0.025000000000000001
289,-1.7489862197077547e-07,1.7480147434540868e-07,-3.4970009631618416e-07,4.2351647362715017e-21,3.1538468299143938e-05,6.4954698301677763e-19,-1.7489859489115221e-07,0.025000000000000001
289.25,-1.7489857617290336e-07,1.7479968066248472e-07,-3.4969825683538809e-07,4.2351647362715017e-21,3.1538468324200514e-05,6.4954698301677763e-19,-1.7489854907163902e-07,0.025000000000000001
289.5,-1.7489853022079859e-07,1.747978875072439e-07,-3.4969641772804249e-07,4.3190375267056852e-21,3.1538468349182823e-05,6.4954698301677763e-19,-1.7489850309781844e-07,0.025000000000000001
289.75,-1.748984841149895e-07,1.747960949172205e-07,-3.4969457903221001e-07,3.9046289570014215e-21,3.1538468374090579e-05,6.4954698301677763e-19,-1.7489845697021911e-07,0.025000000000000001
290,-1.7489843785600597e-07,1.7479430292993429e-07,-3.4969274078594026e-07,4.3190375267056852e-21,3.1538468398923592e-05,6.4954698301677763e-19,-1.7489841068937112e-07,0.025000000000000001
290.25,-1.7489839144438051e-07,1.7479251158288823e-07,-3.4969090302726874e-07,4.3190375267056852e-21,3.1538468423681634e-05,7.5780481351957391e-19,-1.7489836425580724e-07,0.025000000000000001
290.5,-1.7489834488064614e-07,1.7479072091357081e-07,-3.4968906579421695e-07,3.8116482626443515e-21,3.1538468448364452e-05,6.4954698301677763e-19,-1.7489831767006076e-07,0.025000000000000001
290.75,-1.7489829816533914e-07,1.7478893095945201e-07,-3.4968722912479115e-07,3.0832464679262277e-21,3.1538468472971782e-05,6.4954698301677763e-19,-1.7489827093266817e-07,0.025000000000000001
291,-1.7489825129899516e-07,1.7478714175798614e-07,-3.496853930569813e-07,2.9646153153900512e-21,3.1538468497503496e-05,5.4128915251398134e-19,-1.7489822404416544e-07,0.025000000000000001
291.25,-1.7489820428215444e-07,1.7478535334660699e-07,-3.4968355762876143e-07,3.4924063099077129e-21,3.1538468521959255e-05,7.5780481351957391e-19,-1.7489817700509301e-07,0.025000000000000001
291.5,-1.7489815711535765e-07,1.747835657627309e-07,-3.4968172287808855e-07,2.9646153153900512e-21,3.1538468546338842e-05,6.4954698301677763e-19,-1.7489812981599184e-07,0.025000000000000001
291.75,-1.7489810979914653e-07,1.7478177904375481e-07,-3.4967988884290134e-07,3.8116482626443515e-21,3.1538468570641992e-05,6.4954698301677763e-19,-1.7489808247740388e-07,0.025000000000000001
292,-1.7489806233406503e-07,1.7477999322705431e-07,-3.4967805556111934e-07,2.6785533665288553e-21,3.1538468594868524e-05,7.5780481351957391e-19,-1.7489803498987338e-07,0.025000000000000001
292.25,-1.7489801472065971e-07,1.7477820834998374e-07,-3.4967622307064345e-07,3.0832464679262277e-21,3.1538468619018165e-05,6.4954698301677763e-19,-1.7489798735394716e-07,0.025000000000000001
292.5,-1.7489796695947664e-07,1.7477642444987694e-07,-3.4967439140935358e-07,3.4924063099077129e-21,3.1538468643090692e-05,7.5780481351957391e-19,-1.7489793957017152e-07,0.025000000000000001
292.75,-1.7489791905106511e-07,1.7477464156404397e-07,-3.4967256061510908e-07,3.8116482626443515e-21,3.1538468667085916e-05,6.4954698301677763e-19,-1.7489789163909603e-07,0.025000000000000001
293,-1.7489787099597703e-07,1.7477285972977168e-07,-3.4967073072574872e-07,3.9046289570014215e-21,3.1538468691003517e-05,6.4954698301677763e-19,-1.7489784356127285e-07,0.025000000000000001
293.25,-1.7489782279476331e-07,1.747710789843248e-07,-3.4966890177908811e-07,3.3881317890172014e-21,3.1538468714843327e-05,6.4954698301677763e-19,-1.7489779533725316e-07,0.025000000000000001
293.5,-1.7489777444797861e-07,1.7476929936494115e-07,-3.4966707381291976e-07,4.2351647362715017e-21,3.1538468738605055e-05,6.4954698301677763e-19,-1.7489774696759185e-07,0.025000000000000001
293.75,-1.7489772595617803e-07,1.7476752090883504e-07,-3.4966524686501307e-07,4.3190375267056852e-21,3.1538468762288577e-05,5.4128915251398134e-19,-1.7489769845284435e-07,0.025000000000000001
294,-1.7489767731991865e-07,1.7476574365319381e-07,-3.4966342097311247e-07,2.9646153153900512e-21,3.1538468785893657e-05,6.4954698301677763e-19,-1.7489764979356794e-07,0.025000000000000001
294.25,-1.7489762853975902e-07,1.7476396763517836e-07,-3.4966159617493739e-07,4.2351647362715017e-21,3.1538468809420065e-05,6.4954698301677763e-19,-1.7489760099032145e-07,0.025000000000000001
294.5,-1.7489757961626122e-07,1.7476219289192132e-07,-3.4965977250818254e-07,3.0832464679262277e-21,3.1538468832867462e-05,7.5780481351957391e-19,-1.7489755204366725e-07,0.025000000000000001
294.75,-1.7489753054998606e-07,1.7476041946052858e-07,-3.4965795001051464e-07,2.9646153153900512e-21,3.1538468856235712e-05,7.5780481351957391e-19,-1.7489750295416639e-07,0.025000000000000001
295,-1.748974813414973e-07,1.7475864737807652e-07,-3.4965612871957382e-07,3.4924063099077129e-21,3.1538468879524632e-05,7.5780481351957391e-19,-1.748974537223829e-07,0.025000000000000001
295.25,-1.7489743199136149e-07,1.7475687668161123e-07,-3.4965430867297273e-07,3.8116482626443515e-21,3.1538468902733883e-05,7.5780481351957391e-19,-1.748974043488836e-07,0.025000000000000001
295.5,-1.7489738250014327e-07,1.7475510740815132e-07,-3.4965248990829459e-07,3.9046289570014215e-21,3.1538468925863365e-05,6.4954698301677763e-19,-1.748973548342334e-07,0.025000000000000001
295.75,-1.7489733286841242e-07,1.747533395946811e-07,-3.4965067246309352e-07,3.8116482626443515e-21,3.1538468948912819e-05,6.4954698301677763e-19,-1.7489730517900234e-07,0.025000000000000001
296,-1.7489728309673897e-07,1.7475157327815563e-07,-3.496488563748946e-07,4.3190375267056852e-21,3.1538468971881981e-05,7.5780481351957391e-19,-1.7489725538376075e-07,0.025000000000000001
296.25,-1.7489723318569303e-07,1.7474980849549677e-07,-3.496470416811898e-07,3.0832464679262277e-21,3.1538468994770749e-05,5.4128915251398134e-19,-1.7489720544907896e-07,0.025000000000000001
296.5,-1.7489718313584964e-07,1.7474804528359325e-07,-3.4964522841944289e-07,4.2351647362715017e-21,3.1538469017578819e-05,7.5780481351957391e-19,-1.7489715537553231e-07,0.025000000000000001
296.75,-1.7489713294778221e-07,1.7474628367930059e-07,-3.4964341662708279e-07,3.9046289570014215e-21,3.1538469040306034e-05,6.4954698301677763e-19,-1.7489710516369451e-07,0.025000000000000001
297,-1.7489708262206834e-07,1.7474452371943899e-07,-3.4964160634150733e-07,2.6785533665288553e-21,3.1538469062952103e-05,6.4954698301677763e-19,-1.7489705481414336e-07,0.025000000000000001
297.25,-1.7489703215928438e-07,1.7474276544079522e-07,-3.496397976000796e-07,3.8116482626443515e-21,3.1538469085516885e-05,6.4954698301677763e-19,-1.7489700432745557e-07,0.025000000000000001
297.5,-1.7489698156001074e-07,1.7474100888011828e-07,-3.4963799044012903e-07,3.3881317890172014e-21,3.1538469108000114e-05,5.4128915251398134e-19,-1.7489695370421175e-07,0.025000000000000001
297.75,-1.7489693082482805e-07,1.7473925407412211e-07,-3.4963618489895016e-07,3.9046289570014215e-21,3.1538469130401635e-05,6.4954698301677763e-19,-1.7489690294499283e-07,0.025000000000000001
298,-1.7489687995431813e-07,1.7473750105948369e-07,-3.4963438101380182e-07,2.9646153153900512e-21,3.1538469152721252e-05,5.4128915251398134e-19,-1.7489685205038094e-07,0.025000000000000001
298.25,-1.7489682894906563e-07,1.7473574987284059e-07,-3.4963257882190621e-07,3.8116482626443515e-21,3.1538469174958712e-05,6.4954698301677763e-19,-1.7489680102096097e-07,0.025000000000000001
298.5,-1.7489677780965515e-07,1.7473400055079343e-07,-3.4963077836044858e-07,3.4924063099077129e-21,3.1538469197113855e-05,7.5780481351957391e-19,-1.7489674985731778e-07,0.025000000000000001
298.75,-1.748967265366752e-07,1.7473225312990192e-07,-3.4962897966657712e-07,3.8116482626443515e-21,3.1538469219186368e-05,5.4128915251398134e-19,-1.7489669856004018e-07,0.025000000000000001
299,-1.7489667513071303e-07,1.7473050764668802e-07,-3.4962718277740105e-07,2.9646153153900512e-21,3.1538469241176157e-05,7.5780481351957391e-19,-1.7489664712971573e-07,0.025000000000000001
299.25,-1.7489662359235798e-07,1.7472876413763226e-07,-3.4962538772999024e-07,2.9646153153900512e-21,3.1538469263083011e-05,5.4128915251398134e-19,-1.74896595566934e-07,0.025000000000000001
299.5,-1.7489657192220269e-07,1.7472702263917257e-07,-3.4962359456137526e-07,3.8116482626443515e-21,3.1538469284906679e-05,5.4128915251398134e-19,-1.7489654387228791e-07,0.025000000000000001
299.75,-1.7489652012083914e-07,1.7472528318770686e-07,-3.49621803308546e-07,3.8116482626443515e-21,3.1538469306647013e-05,6.4954698301677763e-19,-1.7489649204636975e-07,0.025000000000000001
300,-1.7489646818886228e-07,1.7472354581958928e-07,-3.4962001400845156e-07,3.4924063099077129e-21,3.1538469328303768e-05,6.4954698301677763e-19,-1.7489644008977476e-07,0.025000000000000001
300.25,-1.7489641612686778e-07,1.7472181057113078e-07,-3.4961822669799856e-07,2.541098841762901e-21,3.1538469349876783e-05,6.4954698301677763e-19,-1.7489638800309885e-07,0.025000000000000001
300.5,-1.7489636393545276e-07,1.7472007747859837e-07,-3.4961644141405113e-07,3.4924063099077129e-21,3.1538469371365846e-05,6.4954698301677763e-19,-1.7489633578693946e-07,0.025000000000000001
300.75,-1.7489631161521501e-07,1.7471834657821505e-07,-3.4961465819343006e-07,2.6785533665288553e-21,3.1538469392770829e-05,6.4954698301677763e-19,-1.7489628344189463e-07,0.025000000000000001
301,-1.7489625916675825e-07,1.7471661790615564e-07,-3.4961287707291389e-07,4.3190375267056852e-21,3.1538469414091319e-05,5.4128915251398134e-19,-1.7489623096856838e-07,0.025000000000000001
301.25,-1.7489620659067873e-07,1.7471489149855432e-07,-3.4961109808923305e-07,3.4924063099077129e-21,3.1538469435327425e-05,5.4128915251398134e-19,-1.7489617836755726e-07,0.025000000000000001
301.5,-1.7489615388758293e-07,1.7471316739149297e-07,-3.4960932127907591e-07,3.3881317890172014e-21,3.1538469456478759e-05,5.4128915251398134e-19,-1.7489612563946801e-07,0.025000000000000001
301.75,-1.7489610105807385e-07,1.7471144562100925e-07,-3.4960754667908311e-07,4.3190375267056852e-21,3.1538469477545241e-05,7.5780481351957391e-19,-1.748960727849039e-07,0.025000000000000001
302,-1.7489604810275769e-07,1.7470972622309153e-07,-3.4960577432584922e-07,4.3190375267056852e-21,3.1538469498526633e-05,6.4954698301677763e-19,-1.7489601980447147e-07,0.025000000000000001
302.25,-1.748959950222417e-07,1.7470800923367996e-07,-3.4960400425592166e-07,4.2351647362715017e-21,3.1538469519422753e-05,6.4954698301677763e-19,-1.7489596669877824e-07,0.025000000000000001
302.5,-1.7489594181713459e-07,1.7470629468866464e-07,-3.4960223650579923e-07,2.541098841762901e-21,3.1538469540233397e-05,7.5780481351957391e-19,-1.7489591346843318e-07,0.025000000000000001
302.75,-1.7489588848804656e-07,1.7470458262388621e-07,-3.4960047111193278e-07,3.0832464679262277e-21,3.1538469560958369e-05,6.4954698301677763e-19,-1.7489586011404679e-07,0.025000000000000001
303,-1.7489583503558914e-07,1.7470287307513388e-07,-3.4959870811072301e-07,3.8116482626443515e-21,3.1538469581597479e-05,6.4954698301677763e-19,-1.7489580663623092e-07,0.025000000000000001
303.25,-1.7489578146037456e-07,1.7470116607814585e-07,-3.4959694753852041e-07,3.8116482626443515e-21,3.1538469602150577e-05,6.4954698301677763e-19,-1.7489575303559805e-07,0.025000000000000001
303.5,-1.7489572776301707e-07,1.7469946166860845e-07,-3.4959518943162552e-07,3.8116482626443515e-21,3.1538469622617495e-05,7.5780481351957391e-19,-1.7489569931276273e-07,0.025000000000000001
303.75,-1.7489567394413242e-07,1.7469775988215442e-07,-3.4959343382628684e-07,3.8116482626443515e-21,3.1538469642998023e-05,7.5780481351957391e-19,-1.7489564546834102e-07,0.025000000000000001
304,-1.7489562000433689e-07,1.7469606075436413e-07,-3.4959168075870102e-07,3.3881317890172014e-21,3.1538469663292017e-05,7.5780481351957391e-19,-1.7489559150294948e-07,0.025000000000000001
304.25,-1.7489556594424932e-07,1.7469436432076231e-07,-3.4958993026501163e-07,2.6785533665288553e-21,3.1538469683499283e-05,6.4954698301677763e-19,-1.7489553741720724e-07,0.025000000000000001
304.5,-1.7489551176448909e-07,1.7469267061682023e-07,-3.4958818238130932e-07,3.8116482626443515e-21,3.1538469703619608e-05,7.5780481351957391e-19,-1.7489548321173397e-07,0.025000000000000001
304.75,-1.7489545746567719e-07,1.7469097967795301e-07,-3.495864371436302e-07,3.3881317890172014e-21,3.1538469723652819e-05,6.4954698301677763e-19,-1.7489542888715096e-07,0.025000000000000001
305,-1.7489540304843574e-07,1.7468929153952002e-07,-3.4958469458795576e-07,2.9646153153900512e-21,3.1538469743598764e-05,7.5780481351957391e-19,-1.7489537444408062e-07,0.025000000000000001
305.25,-1.7489534851338804e-07,1.7468760623682343e-07,-3.4958295475021148e-07,3.9046289570014215e-21,3.1538469763457289e-05,6.4954698301677763e-19,-1.7489531988314657e-07,0.025000000000000001
305.5,-1.7489529386115882e-07,1.7468592380510841e-07,-3.4958121766626723e-07,3.8116482626443515e-21,3.1538469783228224e-05,5.4128915251398134e-19,-1.7489526520497378e-07,0.025000000000000001
305.75,-1.7489523909237479e-07,1.7468424427956141e-07,-3.4957948337193621e-07,3.0832464679262277e-21,3.1538469802911352e-05,6.4954698301677763e-19,-1.7489521041018931e-07,0.025000000000000001
306,-1.7489518420766253e-07,1.7468256769531094e-07,-3.4957775190297347e-07,4.3190375267056852e-21,3.1538469822506551e-05,6.4954698301677763e-19,-1.7489515549942001e-07,0.025000000000000001
306.25,-1.7489512920765126e-07,1.7468089408742533e-07,-3.4957602329507659e-07,4.2351647362715017e-21,3.1538469842013638e-05,6.4954698301677763e-19,-1.7489510047329543e-07,0.025000000000000001
306.5,-1.7489507409297053e-07,1.7467922349091336e-07,-3.4957429758388389e-07,3.9046289570014215e-21,3.1538469861432445e-05,6.4954698301677763e-19,-1.7489504533244535e-07,0.025000000000000001
306.75,-1.7489501886425256e-07,1.7467755594072207e-07,-3.4957257480497463e-07,3.8116482626443515e-21,3.1538469880762753e-05,6.4954698301677763e-19,-1.7489499007750237e-07,0.025000000000000001
307,-1.7489496352212909e-07,1.7467589147173882e-07,-3.4957085499386791e-07,3.9046289570014215e-21,3.1538469900004502e-05,6.4954698301677763e-19,-1.7489493470909845e-07,0.025000000000000001
307.25,-1.7489490806723379e-07,1.7467423011878706e-07,-3.4956913818602085e-07,4.2351647362715017e-21,3.1538469919157476e-05,6.4954698301677763e-19,-1.7489487922786763e-07,0.025000000000000001
307.5,-1.7489485250020241e-07,1.7467257191662875e-07,-3.4956742441683116e-07,2.6785533665288553e-21,3.1538469938221477e-05,6.4954698301677763e-19,-1.7489482363444594e-07,0.025000000000000001
307.75,-1.7489479682167086e-07,1.7467091689996234e-07,-3.495657137216332e-07,4.2351647362715017e-21,3.153846995719637e-05,7.5780481351957391e-19,-1.7489476792946956e-07,0.025000000000000001
308,-1.7489474103227602e-07,1.746692651034215e-07,-3.4956400613569752e-07,3.0832464679262277e-21,3.1538469976082054e-05,6.4954698301677763e-19,-1.748947121135757e-07,0.025000000000000001
308.25,-1.7489468513265743e-07,1.7466761656157575e-07,-3.4956230169423318e-07,2.9646153153900512e-21,3.1538469994878311e-05,6.4954698301677763e-19,-1.7489465618740421e-07,0.025000000000000001
308.5,-1.7489462912345562e-07,1.7466597130892952e-07,-3.4956060043238514e-07,2.9646153153900512e-21,3.1538470013584953e-05,6.4954698301677763e-19,-1.7489460015159591e-07,0.025000000000000001
308.75,-1.7489457300530988e-07,1.7466432937992197e-07,-3.4955890238523186e-07,3.3881317890172014e-21,3.1538470032201917e-05,5.4128915251398134e-19,-1.7489454400679036e-07,0.025000000000000001
309,-1.7489451677886434e-07,1.7466269080892347e-07,-3.4955720758778781e-07,3.8116482626443515e-21,3.1538470050728953e-05,6.4954698301677763e-19,-1.7489448775363205e-07,0.025000000000000001
309.25,-1.7489446044476221e-07,1.746610556302387e-07,-3.495555160750009e-07,3.3881317890172014e-21,3.1538470069165933e-05,6.4954698301677763e-19,-1.7489443139276447e-07,0.025000000000000001
309.5,-1.7489440400364784e-07,1.7465942387810453e-07,-3.4955382788175237e-07,3.9046289570014215e-21,3.1538470087512748e-05,7.5780481351957391e-19,-1.748943749248323e-07,0.025000000000000001
309.75,-1.7489434745616768e-07,1.7465779558668863e-07,-3.4955214304285632e-07,3.0832464679262277e-21,3.1538470105769195e-05,5.4128915251398134e-19,-1.7489431835048224e-07,0.025000000000000001
310,-1.7489429080296748e-07,1.7465617079009071e-07,-3.495504615930582e-07,4.2351647362715017e-21,3.1538470123935219e-05,5.4128915251398134e-19,-1.748942616703604e-07,0.025000000000000001
310.25,-1.7489423404469767e-07,1.7465454952233878e-07,-3.4954878356703645e-07,3.9046289570014215e-21,3.1538470142010502e-05,5.4128915251398134e-19,-1.7489420488511748e-07,0.025000000000000001
310.5,-1.7489417718200661e-07,1.7465293181739152e-07,-3.4954710899939813e-07,3.0832464679262277e-21,3.1538470159995038e-05,6.4954698301677763e-19,-1.7489414799540218e-07,0.025000000000000001
310.75,-1.7489412021554489e-07,1.7465131770913681e-07,-3.495454379246817e-07,4.2351647362715017e-21,3.1538470177888636e-05,7.5780481351957391e-19,-1.7489409100186537e-07,0.025000000000000001
311,-1.7489406314596476e-07,1.746497072313897e-07,-3.4954377037735446e-07,3.4924063099077129e-21,3.1538470195691141e-05,5.4128915251398134e-19,-1.7489403390515962e-07,0.025000000000000001
311.25,-1.7489400597391824e-07,1.7464810041789465e-07,-3.4954210639181289e-07,2.6785533665288553e-21,3.1538470213402444e-05,7.5780481351957391e-19,-1.7489397670593727e-07,0.025000000000000001
311.5,-1.7489394870006008e-07,1.7464649730232143e-07,-3.4954044600238151e-07,3.8116482626443515e-21,3.1538470231022389e-05,5.4128915251398134e-19,-1.7489391940485337e-07,0.025000000000000001
311.75,-1.7489389132504546e-07,1.7464489791826671e-07,-3.4953878924331217e-07,3.3881317890172014e-21,3.1538470248550781e-05,6.4954698301677763e-19,-1.7489386200256339e-07,0.025000000000000001
312,-1.7489383384953043e-07,1.7464330229925327e-07,-3.495371361487837e-07,3.4924063099077129e-21,3.1538470265987537e-05,6.4954698301677763e-19,-1.7489380449972374e-07,0.025000000000000001
312.25,-1.7489377627417195e-07,1.7464171047872904e-07,-3.4953548675290099e-07,4.3190375267056852e-21,3.1538470283332515e-05,6.4954698301677763e-19,-1.7489374689699165e-07,0.025000000000000001
312.5,-1.748937185996292e-07,1.7464012249006581e-07,-3.4953384108969501e-07,2.9646153153900512e-21,3.153847030058558e-05,6.4954698301677763e-19,-1.748936891950266e-07,0.025000000000000001
312.75,-1.7489366082656163e-07,1.7463853836655957e-07,-3.495321991931212e-07,3.0832464679262277e-21,3.1538470317746576e-05,5.4128915251398134e-19,-1.7489363139448841e-07,0.025000000000000001
313,-1.7489360295562939e-07,1.7463695814142974e-07,-3.4953056109705913e-07,3.8116482626443515e-21,3.1538470334815388e-05,7.5780481351957391e-19,-1.7489357349603749e-07,0.025000000000000001
313.25,-1.7489354498749496e-07,1.7463538184781818e-07,-3.4952892683531314e-07,3.0832464679262277e-21,3.1538470351791879e-05,6.4954698301677763e-19,-1.7489351550033664e-07,0.025000000000000001
313.5,-1.7489348692282116e-07,1.7463380951878854e-07,-3.495272964416097e-07,2.9646153153900512e-21,3.1538470368675869e-05,7.5780481351957391e-19,-1.7489345740804904e-07,0.025000000000000001
313.75,-1.7489342876227099e-07,1.7463224118732642e-07,-3.4952566994959741e-07,4.3190375267056852e-21,3.1538470385467321e-05,7.5780481351957391e-19,-1.7489339921983795e-07,0.025000000000000001
314,-1.7489337050651013e-07,1.7463067688633786e-07,-3.4952404739284799e-07,3.3881317890172014e-21,3.1538470402166033e-05,6.4954698301677763e-19,-1.7489334093636937e-07,0.025000000000000001
314.25,-1.7489331215620431e-07,1.7462911664864888e-07,-3.4952242880485318e-07,3.8116482626443515e-21,3.1538470418771904e-05,6.4954698301677763e-19,-1.7489328255830937e-07,0.025000000000000001
314.5,-1.748932537120201e-07,1.7462756050700532e-07,-3.4952081421902542e-07,3.9046289570014215e-21,3.1538470435284825e-05,6.4954698301677763e-19,-1.7489322408632485e-07,0.025000000000000001
314.75,-1.7489319517462672e-07,1.7462600849407153e-07,-3.4951920366869825e-07,2.9646153153900512e-21,3.1538470451704613e-05,7.5780481351957391e-19,-1.7489316552108529e-07,0.025000000000000001
315,-1.7489313654469279e-07,1.7462446064243033e-07,-3.4951759718712312e-07,3.8116482626443515e-21,3.1538470468031153e-05,7.5780481351957391e-19,-1.7489310686325968e-07,0.025000000000000001
315.25,-1.7489307782288805e-07,1.7462291698458236e-07,-3.4951599480747042e-07,2.541098841762901e-21,3.1538470484264377e-05,5.4128915251398134e-19,-1.7489304811351808e-07,0.025000000000000001
315.5,-1.7489301900988333e-07,1.7462137755294578e-07,-3.4951439656282912e-07,3.4924063099077129e-21,3.1538470500404101e-05,6.4954698301677763e-19,-1.7489298927253157e-07,0.025000000000000001
315.75,-1.7489296010635149e-07,1.7461984237985433e-07,-3.4951280248620582e-07,3.3881317890172014e-21,3.1538470516450219e-05,5.4128915251398134e-19,-1.7489293034097339e-07,0.025000000000000001
316,-1.7489290111296525e-07,1.7461831149755811e-07,-3.4951121261052336e-07,2.9646153153900512e-21,3.1538470532402628e-05,6.4954698301677763e-19,-1.7489287131951659e-07,0.025000000000000001
316.25,-1.7489284203039886e-07,1.746167849382222e-07,-3.4950962696862106e-07,3.0832464679262277e-21,3.1538470548261192e-05,7.5780481351957391e-19,-1.7489281220883566e-07,0.025000000000000001
316.5,-1.7489278285932711e-07,1.7461526273392679e-07,-3.495080455932539e-07,3.9046289570014215e-21,3.1538470564025803e-05,6.4954698301677763e-19,-1.7489275300960581e-07,0.025000000000000001
316.75,-1.7489272360042677e-07,1.7461374491666552e-07,-3.4950646851709229e-07,3.9046289570014215e-21,3.1538470579696346e-05,7.5780481351957391e-19,-1.7489269372250407e-07,0.025000000000000001
317,-1.7489266425437445e-07,1.7461223151834578e-07,-3.4950489577272023e-07,3.0832464679262277e-21,3.1538470595272652e-05,7.5780481351957391e-19,-1.7489263434820736e-07,0.025000000000000001
317.25,-1.7489260482184764e-07,1.7461072257078803e-07,-3.4950332739263566e-07,3.4924063099077129e-21,3.15384706107547e-05,6.4954698301677763e-19,-1.7489257488739353e-07,0.025000000000000001
317.5,-1.7489254530352586e-07,1.7460921810572461e-07,-3.4950176340925047e-07,2.9646153153900512e-21,3.1538470626142314e-05,6.4954698301677763e-19,-1.7489251534074239e-07,0.025000000000000001
317.75,-1.7489248570008916e-07,1.7460771815479965e-07,-3.495002038548888e-07,2.541098841762901e-21,3.1538470641435372e-05,6.4954698301677763e-19,-1.7489245570893435e-07,0.025000000000000001
318,-1.7489242601221658e-07,1.7460622274956898e-07,-3.4949864876178556e-07,3.8116482626443515e-21,3.1538470656633867e-05,6.4954698301677763e-19,-1.7489239599264874e-07,0.025000000000000001
318.25,-1.748923662405918e-07,1.7460473192149717e-07,-3.4949709816208897e-07,4.2351647362715017e-21,3.1538470671737569e-05,5.4128915251398134e-19,-1.7489233619256958e-07,0.025000000000000001
318.5,-1.748923063858959e-07,1.7460324570196064e-07,-3.4949555208785654e-07,2.9646153153900512e-21,3.1538470686746484e-05,5.4128915251398134e-19,-1.7489227630937828e-07,0.025000000000000001
318.75,-1.7489224644881292e-07,1.7460176412224439e-07,-3.4949401057105731e-07,3.8116482626443515e-21,3.1538470701660438e-05,6.4954698301677763e-19,-1.7489221634375915e-07,0.025000000000000001
319,-1.7489218643002763e-07,1.7460028721354145e-07,-3.4949247364356908e-07,4.2351647362715017e-21,3.153847071647934e-05,6.4954698301677763e-19,-1.7489215629639735e-07,0.025000000000000001
319.25,-1.7489212633022504e-07,1.7459881500695338e-07,-3.4949094133717842e-07,2.9646153153900512e-21,3.153847073120307e-05,7.5780481351957391e-19,-1.7489209616797821e-07,0.025000000000000001
319.5,-1.748920661500921e-07,1.745973475334893e-07,-3.494894136835814e-07,3.8116482626443515e-21,3.1538470745831525e-05,5.4128915251398134e-19,-1.7489203595918895e-07,0.025000000000000001
319.75,-1.7489200589031505e-07,1.7459588482406556e-07,-3.4948789071438061e-07,2.9646153153900512e-21,3.1538470760364618e-05,5.4128915251398134e-19,-1.748919756707162e-07,0.025000000000000001
320,-1.7489194555158236e-07,1.7459442690950416e-07,-3.4948637246108652e-07,3.3881317890172014e-21,3.1538470774802207e-05,5.4128915251398134e-19,-1.7489191530324871e-07,0.025000000000000001
320.25,-1.7489188513458214e-07,1.7459297382053377e-07,-3.4948485895511591e-07,3.3881317890172014e-21,3.1538470789144304e-05,6.4954698301677763e-19,-1.7489185485747491e-07,0.025000000000000001
320.5,-1.7489182464000486e-07,1.7459152558778772e-07,-3.4948335022779258e-07,3.3881317890172014e-21,3.1538470803390673e-05,6.4954698301677763e-19,-1.7489179433408565e-07,0.025000000000000001
320.75,-1.7489176406853954e-07,1.7459008224180449e-07,-3.4948184631034403e-07,2.9646153153900512e-21,3.1538470817541348e-05,6.4954698301677763e-19,-1.7489173373377026e-07,0.025000000000000001
321,-1.7489170342087925e-07,1.7458864381302484e-07,-3.4948034723390409e-07,2.541098841762901e-21,3.1538470831596105e-05,7.5780481351957391e-19,-1.7489167305722209e-07,0.025000000000000001
321.25,-1.7489164269771523e-07,1.7458721033179577e-07,-3.49478853029511e-07,2.541098841762901e-21,3.1538470845554923e-05,6.4954698301677763e-19,-1.7489161230513276e-07,0.025000000000000001
321.5,-1.7489158189974136e-07,1.7458578182836445e-07,-3.4947736372810581e-07,3.8116482626443515e-21,3.1538470859417668e-05,6.4954698301677763e-19,-1.7489155147819646e-07,0.025000000000000001
321.75,-1.7489152102764987e-07,1.7458435833288268e-07,-3.4947587936053254e-07,3.3881317890172014e-21,3.1538470873184352e-05,6.4954698301677763e-19,-1.7489149057710576e-07,0.025000000000000001
322,-1.7489146008213628e-07,1.7458293987540263e-07,-3.4947439995753892e-07,2.9646153153900512e-21,3.1538470886854806e-05,6.4954698301677763e-19,-1.748914296025565e-07,0.025000000000000001
322.25,-1.7489139906389611e-07,1.745815264858776e-07,-3.4947292554977371e-07,3.3881317890172014e-21,3.1538470900428957e-05,7.5780481351957391e-19,-1.7489136855524451e-07,0.025000000000000001
322.5,-1.748913379736256e-07,1.7458011819416216e-07,-3.4947145616778776e-07,4.0234064994579266e-21,3.1538470913906647e-05,6.4954698301677763e-19,-1.748913074358664e-07,0.025000000000000001
322.75,-1.7489127681202166e-07,1.7457871503001018e-07,-3.4946999184203184e-07,3.3881317890172014e-21,3.1538470927287883e-05,5.4128915251398134e-19,-1.7489124624511936e-07,0.025000000000000001
323,-1.7489121557978181e-07,1.7457731702307614e-07,-3.4946853260285795e-07,2.9646153153900512e-21,3.1538470940572558e-05,6.4954698301677763e-19,-1.748911849837013e-07,0.025000000000000001
323.25,-1.7489115427760415e-07,1.7457592420291299e-07,-3.4946707848051714e-07,4.0234064994579266e-21,3.1538470953760597e-05,6.4954698301677763e-19,-1.748911236523106e-07,0.025000000000000001
323.5,-1.7489109290618842e-07,1.7457453659897186e-07,-3.4946562950516028e-07,2.7528570785764761e-21,3.1538470966851898e-05,6.4954698301677763e-19,-1.7489106225164739e-07,0.025000000000000001
323.75,-1.7489103146623526e-07,1.7457315424060086e-07,-3.4946418570683612e-07,4.2351647362715017e-21,3.1538470979846359e-05,6.4954698301677763e-19,-1.7489100078241257e-07,0.025000000000000001
324,-1.7489096995844461e-07,1.7457177715704702e-07,-3.4946274711549164e-07,3.5998900258307764e-21,3.1538470992743926e-05,6.4954698301677763e-19,-1.7489093924530648e-07,0.025000000000000001
324.25,-1.7489090838351755e-07,1.7457040537745336e-07,-3.4946131376097091e-07,3.1763735522036263e-21,3.1538471005544566e-05,5.4128915251398134e-19,-1.7489087764103046e-07,0.025000000000000001
324.5,-1.7489084674215793e-07,1.7456903893085788e-07,-3.4945988567301581e-07,2.9646153153900512e-21,3.1538471018248075e-05,7.5780481351957391e-19,-1.7489081597028875e-07,0.025000000000000001
324.75,-1.7489078503506707e-07,1.7456767784619658e-07,-3.4945846288126365e-07,2.7528570785764761e-21,3.1538471030854507e-05,7.5780481351957391e-19,-1.7489075423378301e-07,0.025000000000000001
325,-1.7489072326294862e-07,1.7456632215229889e-07,-3.4945704541524751e-07,3.3881317890172014e-21,3.1538471043363761e-05,7.5780481351957391e-19,-1.7489069243221716e-07,0.025000000000000001
325.25,-1.7489066142650824e-07,1.7456497187788867e-07,-3.494556333043969e-07,3.8116482626443515e-21,3.15384710557757e-05,7.5780481351957391e-19,-1.7489063056629725e-07,0.025000000000000001
325.5,-1.7489059952644972e-07,1.7456362705158433e-07,-3.4945422657803405e-07,5.082197683525802e-21,3.1538471068090319e-05,7.5780481351957391e-19,-1.7489056863672739e-07,0.025000000000000001
325.75,-1.7489053756347886e-07,1.7456228770189791e-07,-3.4945282526537677e-07,3.8116482626443515e-21,3.1538471080307543e-05,6.4954698301677763e-19,-1.7489050664421375e-07,0.025000000000000001
326,-1.7489047553830305e-07,1.7456095385723312e-07,-3.4945142939553616e-07,3.1763735522036263e-21,3.1538471092427256e-05,6.4954698301677763e-19,-1.7489044458946396e-07,0.025000000000000001
326.25,-1.7489041345162935e-07,1.7455962554588691e-07,-3.4945003899751627e-07,4.8704394467122269e-21,3.1538471104449344e-05,5.4128915251398134e-19,-1.7489038247318552e-07,0.025000000000000001
326.5,-1.7489035130416453e-07,1.7455830279604845e-07,-3.4944865410021298e-07,4.0234064994579266e-21,3.153847111637384e-05,7.5780481351957391e-19,-1.7489032029608547e-07,0.025000000000000001
326.75,-1.7489028909661794e-07,1.7455698563579684e-07,-3.4944727473241479e-07,4.4469229730850768e-21,3.1538471128200636e-05,6.4954698301677763e-19,-1.7489025805887351e-07,0.025000000000000001
327,-1.7489022682969741e-07,1.7455567409310369e-07,-3.494459009228011e-07,3.3881317890172014e-21,3.1538471139929698e-05,7.5780481351957391e-19,-1.7489019576225781e-07,0.025000000000000001
327.25,-1.7489016450411363e-07,1.7455436819582909e-07,-3.4944453269994272e-07,3.5998900258307764e-21,3.1538471151560944e-05,5.4128915251398134e-19,-1.7489013340694941e-07,0.025000000000000001
327.5,-1.7489010212057638e-07,1.7455306797172389e-07,-3.4944317009230028e-07,4.4469229730850768e-21,3.1538471163094321e-05,5.4128915251398134e-19,-1.7489007099365842e-07,0.025000000000000001
327.75,-1.7489003967979731e-07,1.7455177344842748e-07,-3.494418131282248e-07,2.3293406049493259e-21,3.1538471174529726e-05,6.4954698301677763e-19,-1.7489000852309682e-07,0.025000000000000001
328,-1.7488997718248671e-07,1.7455048465346812e-07,-3.4944046183595483e-07,5.082197683525802e-21,3.1538471185867154e-05,6.4954698301677763e-19,-1.7488994599597523e-07,0.025000000000000001
328.25,-1.7488991462935718e-07,1.7454920161426231e-07,-3.4943911624361949e-07,4.2351647362715017e-21,3.1538471197106542e-05,7.5780481351957391e-19,-1.7488988341300662e-07,0.025000000000000001
328.5,-1.7488985202112192e-07,1.7454792435811348e-07,-3.4943777637923541e-07,4.8704394467122269e-21,3.153847120824779e-05,6.4954698301677763e-19,-1.7488982077490447e-07,0.025000000000000001
328.75,-1.7488978935849415e-07,1.7454665291221276e-07,-3.4943644227070691e-07,1.6940658945086007e-21,3.1538471219290864e-05,6.4954698301677763e-19,-1.7488975808238242e-07,0.025000000000000001
329,-1.7488972664218741e-07,1.7454538730363757e-07,-3.4943511394582499e-07,2.7528570785764761e-21,3.1538471230235736e-05,5.4128915251398134e-19,-1.7488969533615427e-07,0.025000000000000001
329.25,-1.7488966387291628e-07,1.7454412755935106e-07,-3.4943379143226734e-07,3.1763735522036263e-21,3.1538471241082331e-05,6.4954698301677763e-19,-1.7488963253693499e-07,0.025000000000000001
329.5,-1.7488960105139683e-07,1.7454287370620162e-07,-3.4943247475759844e-07,2.541098841762901e-21,3.1538471251830549e-05,6.4954698301677763e-19,-1.7488956968544098e-07,0.025000000000000001
329.75,-1.7488953817834336e-07,1.7454162577092404e-07,-3.494311639492674e-07,2.541098841762901e-21,3.153847126248041e-05,5.4128915251398134e-19,-1.7488950678238684e-07,0.025000000000000001
330,-1.7488947525447247e-07,1.7454038378013591e-07,-3.4942985903460838e-07,2.3293406049493259e-21,3.1538471273031845e-05,7.5780481351957391e-19,-1.7488944382848956e-07,0.025000000000000001
330.25,-1.7488941228049995e-07,1.7453914776034032e-07,-3.4942856004084027e-07,2.7528570785764761e-21,3.1538471283484835e-05,6.4954698301677763e-19,-1.7488938082446526e-07,0.025000000000000001
330.5,-1.7488934925714477e-07,1.7453791773792191e-07,-3.4942726699506668e-07,3.5998900258307764e-21,3.153847129383923e-05,7.0367589826817577e-19,-1.7488931777103324e-07,0.025000000000000001
330.75,-1.7488928618512334e-07,1.7453669373914937e-07,-3.4942597992427272e-07,2.541098841762901e-21,3.1538471304095091e-05,5.4128915251398134e-19,-1.7488925466891025e-07,0.025000000000000001
331,-1.7488922306515516e-07,1.7453547579017353e-07,-3.4942469885532869e-07,3.5998900258307764e-21,3.1538471314252283e-05,6.4954698301677763e-19,-1.7488919151881613e-07,0.025000000000000001
331.25,-1.7488915989795786e-07,1.7453426391702801e-07,-3.4942342381498587e-07,2.541098841762901e-21,3.1538471324310854e-05,5.4128915251398134e-19,-1.7488912832146887e-07,0.025000000000000001
331.5,-1.7488909668425175e-07,1.7453305814562602e-07,-3.4942215482987777e-07,4.6586812098986519e-21,3.1538471334270667e-05,5.9541806776537948e-19,-1.7488906507758909e-07,0.025000000000000001
331.75,-1.7488903342475546e-07,1.7453185850176356e-07,-3.4942089192651901e-07,2.7528570785764761e-21,3.1538471344131757e-05,5.9541806776537948e-19,-1.7488900178789578e-07,0.025000000000000001
332,-1.7488897012018899e-07,1.7453066501111627e-07,-3.4941963513130526e-07,4.2351647362715017e-21,3.153847135389413e-05,7.0367589826817577e-19,-1.748889384531093e-07,0.025000000000000001
332.25,-1.7488890677127403e-07,1.7452947769923909e-07,-3.4941838447051312e-07,3.8116482626443515e-21,3.1538471363557658e-05,5.4128915251398134e-19,-1.7488887507395164e-07,0.025000000000000001
332.5,-1.7488884337873179e-07,1.7452829659156707e-07,-3.4941713997029886e-07,4.0234064994579266e-21,3.1538471373122327e-05,7.0367589826817577e-19,-1.7488881165114438e-07,0.025000000000000001
332.75,-1.7488877994328338e-07,1.7452712171341429e-07,-3.4941590165669768e-07,2.3293406049493259e-21,3.1538471382588116e-05,5.9541806776537948e-19,-1.7488874818540898e-07,0.025000000000000001
333,-1.7488871646565049e-07,1.7452595308997316e-07,-3.4941466955562365e-07,3.5998900258307764e-21,3.1538471391955e-05,5.4128915251398134e-19,-1.7488868467746745e-07,0.025000000000000001
333.25,-1.7488865294655686e-07,1.7452479074631323e-07,-3.4941344369287009e-07,3.5998900258307764e-21,3.1538471401222916e-05,5.9541806776537948e-19,-1.7488862112804391e-07,0.025000000000000001
333.5,-1.7488858938672553e-07,1.7452363470738234e-07,-3.4941222409410787e-07,4.4469229730850768e-21,3.1538471410391797e-05,6.4954698301677763e-19,-1.7488855753786169e-07,0.025000000000000001
333.75,-1.748885257868792e-07,1.7452248499800531e-07,-3.4941101078488451e-07,2.9646153153900512e-21,3.1538471419461636e-05,7.0367589826817577e-19,-1.7488849390764386e-07,0.025000000000000001
334,-1.7488846214774145e-07,1.7452134164288347e-07,-3.4940980379062492e-07,2.7528570785764761e-21,3.1538471428432467e-05,7.5780481351957391e-19,-1.7488843023811435e-07,0.025000000000000001
334.25,-1.7488839847003715e-07,1.7452020466659373e-07,-3.4940860313663088e-07,5.082197683525802e-21,3.1538471437304202e-05,5.9541806776537948e-19,-1.7488836652999836e-07,0.025000000000000001
334.5,-1.748883347544911e-07,1.7451907409358886e-07,-3.4940740884807996e-07,2.1175823681357508e-21,3.1538471446076807e-05,7.0367589826817577e-19,-1.7488830278402106e-07,0.025000000000000001
334.75,-1.7488827100182798e-07,1.745179499481964e-07,-3.4940622095002437e-07,2.1175823681357508e-21,3.1538471454750275e-05,7.0367589826817577e-19,-1.7488823900090745e-07,0.025000000000000001
335,-1.7488820721277296e-07,1.7451683225461903e-07,-3.4940503946739199e-07,1.9058241313221758e-21,3.1538471463324586e-05,5.9541806776537948e-19,-1.7488817518138305e-07,0.025000000000000001
335.25,-1.7488814338805222e-07,1.7451572103693304e-07,-3.4940386442498526e-07,3.3881317890172014e-21,3.153847147179972e-05,7.0367589826817577e-19,-1.7488811132617439e-07,0.025000000000000001
335.5,-1.7488807952839217e-07,1.7451461631908836e-07,-3.4940269584748053e-07,3.8116482626443515e-21,3.1538471480175643e-05,7.0367589826817577e-19,-1.7488804743600821e-07,0.025000000000000001
335.75,-1.7488801563451894e-07,1.7451351812490829e-07,-3.4940153375942724e-07,3.3881317890172014e-21,3.153847148845232e-05,5.9541806776537948e-19,-1.7488798351161101e-07,0.025000000000000001
336,-1.7488795170715957e-07,1.745124264780888e-07,-3.4940037818524837e-07,4.8704394467122269e-21,3.1538471496629732e-05,7.0367589826817577e-19,-1.7488791955371017e-07,0.025000000000000001
336.25,-1.7488788774704061e-07,1.7451134140219833e-07,-3.4939922914923895e-07,3.5998900258307764e-21,3.1538471504707946e-05,6.4954698301677763e-19,-1.7488785556303257e-07,0.025000000000000001
336.5,-1.7488782375489042e-07,1.745102629206762e-07,-3.4939808667556662e-07,4.0234064994579266e-21,3.1538471512686854e-05,7.0367589826817577e-19,-1.7488779154030689e-07,0.025000000000000001
336.75,-1.7488775973143711e-07,1.7450919105683408e-07,-3.4939695078827119e-07,3.1763735522036263e-21,3.1538471520566443e-05,7.0367589826817577e-19,-1.7488772748626167e-07,0.025000000000000001
337,-1.7488769567740857e-07,1.7450812583385372e-07,-3.4939582151126228e-07,2.3293406049493259e-21,3.1538471528346705e-05,5.9541806776537948e-19,-1.7488766340162506e-07,0.025000000000000001
337.25,-1.7488763159353317e-07,1.745070672747877e-07,-3.4939469886832087e-07,2.541098841762901e-21,3.1538471536027654e-05,7.5780481351957391e-19,-1.7488759928712585e-07,0.025000000000000001
337.5,-1.7488756748053936e-07,1.7450601540255915e-07,-3.493935828830985e-07,1.6940658945086007e-21,3.1538471543609303e-05,7.0367589826817577e-19,-1.7488753514349276e-07,0.025000000000000001
337.75,-1.7488750333915723e-07,1.7450497023995904e-07,-3.4939247357911627e-07,1.9058241313221758e-21,3.1538471551091552e-05,5.4128915251398134e-19,-1.7488747097145627e-07,0.025000000000000001
338,-1.7488743917011542e-07,1.7450393180964862e-07,-3.4939137097976404e-07,1.9058241313221758e-21,3.1538471558474474e-05,7.0367589826817577e-19,-1.7488740677174539e-07,0.025000000000000001
338.25,-1.7488737497414414e-07,1.7450290013415699e-07,-3.4939027510830113e-07,2.9646153153900512e-21,3.1538471565758015e-05,6.4954698301677763e-19,-1.7488734254509063e-07,0.025000000000000001
338.5,-1.7488731075197365e-07,1.7450187523588206e-07,-3.4938918598785571e-07,2.3293406049493259e-21,3.1538471572942149e-05,7.5780481351957391e-19,-1.7488727829222261e-07,0.025000000000000001
338.75,-1.7488724650433309e-07,1.7450085713708963e-07,-3.4938810364142272e-07,2.9646153153900512e-21,3.1538471580026963e-05,6.4954698301677763e-19,-1.7488721401387083e-07,0.025000000000000001
339,-1.7488718223195354e-07,1.7449984585991179e-07,-3.4938702809186533e-07,3.1763735522036263e-21,3.1538471587012356e-05,5.9541806776537948e-19,-1.7488714971076669e-07,0.025000000000000001
339.25,-1.7488711793556565e-07,1.7449884142634769e-07,-3.4938595936191334e-07,1.6940658945086007e-21,3.1538471593898402e-05,7.0367589826817577e-19,-1.7488708538364122e-07,0.025000000000000001
339.5,-1.7488705361590161e-07,1.7449784385826266e-07,-3.4938489747416428e-07,3.3881317890172014e-21,3.1538471600684965e-05,6.4954698301677763e-19,-1.7488702103322695e-07,0.025000000000000001
339.75,-1.7488698927369152e-07,1.7449685317738892e-07,-3.4938384245108044e-07,4.0234064994579266e-21,3.1538471607372141e-05,7.5780481351957391e-19,-1.7488695666025432e-07,0.025000000000000001
340,-1.7488692490966726e-07,1.7449586940532311e-07,-3.4938279431499037e-07,4.6586812098986519e-21,3.153847161395993e-05,6.4954698301677763e-19,-1.7488689226545557e-07,0.025000000000000001
340.25,-1.7488686052455884e-07,1.7449489256352864e-07,-3.4938175308808748e-07,3.1763735522036263e-21,3.1538471620448405e-05,7.5780481351957391e-19,-1.7488682784956103e-07,0.025000000000000001
340.5,-1.7488679611910051e-07,1.7449392267333082e-07,-3.4938071879243133e-07,3.1763735522036263e-21,3.1538471626837412e-05,5.4128915251398134e-19,-1.7488676341330532e-07,0.025000000000000001
340.75,-1.7488673169402359e-07,1.744929597559209e-07,-3.493796914499445e-07,4.6586812098986519e-21,3.1538471633126998e-05,5.9541806776537948e-19,-1.7488669895742012e-07,0.025000000000000001
341,-1.7488666725005964e-07,1.7449200383235393e-07,-3.4937867108241357e-07,1.9058241313221758e-21,3.1538471639317203e-05,6.4954698301677763e-19,-1.748866344826373e-07,0.025000000000000001
341.25,-1.7488660278794095e-07,1.7449105492354766e-07,-3.4937765771148861e-07,2.541098841762901e-21,3.1538471645408067e-05,5.9541806776537948e-19,-1.7488656998968954e-07,0.025000000000000001
341.5,-1.7488653830840132e-07,1.7449011305028298e-07,-3.493766513586843e-07,2.3293406049493259e-21,3.1538471651399565e-05,5.9541806776537948e-19,-1.7488650547931096e-07,0.025000000000000001
341.75,-1.7488647381217237e-07,1.7448917823320395e-07,-3.4937565204537632e-07,3.3881317890172014e-21,3.1538471657291709e-05,6.4954698301677763e-19,-1.7488644095223354e-07,0.025000000000000001
342,-1.7488640929998847e-07,1.744882504928147e-07,-3.4937465979280317e-07,2.3293406049493259e-21,3.1538471663084446e-05,7.0367589826817577e-19,-1.7488637640919199e-07,0.025000000000000001
342.25,-1.7488634477258119e-07,1.744873298494841e-07,-3.4937367462206528e-07,2.9646153153900512e-21,3.1538471668777849e-05,5.9541806776537948e-19,-1.7488631185091825e-07,0.025000000000000001
342.5,-1.7488628023068429e-07,1.7448641632343947e-07,-3.4937269655412376e-07,2.541098841762901e-21,3.1538471674371959e-05,6.4954698301677763e-19,-1.7488624727814642e-07,0.025000000000000001
342.75,-1.7488621567503153e-07,1.7448550993477027e-07,-3.493717256098018e-07,4.6586812098986519e-21,3.1538471679866696e-05,5.9541806776537948e-19,-1.7488618269161057e-07,0.025000000000000001
343,-1.7488615110635591e-07,1.7448461070342577e-07,-3.4937076180978167e-07,4.0234064994579266e-21,3.1538471685262147e-05,6.4954698301677763e-19,-1.7488611809204411e-07,0.025000000000000001
343.25,-1.7488608652539192e-07,1.7448371864921544e-07,-3.4936980517460736e-07,3.1763735522036263e-21,3.1538471690558278e-05,6.4954698301677763e-19,-1.7488605348018184e-07,0.025000000000000001
343.5,-1.7488602193287187e-07,1.7448283379180959e-07,-3.4936885572468146e-07,2.541098841762901e-21,3.1538471695755164e-05,6.4954698301677763e-19,-1.7488598885675644e-07,0.025000000000000001
343.75,-1.7488595732953081e-07,1.7448195615073572e-07,-3.4936791348026653e-07,4.2351647362715017e-21,3.1538471700852777e-05,7.5780481351957391e-19,-1.7488592422250328e-07,0.025000000000000001
344,-1.7488589271610108e-07,1.7448108574538169e-07,-3.4936697846148277e-07,1.6940658945086007e-21,3.1538471705851187e-05,7.0367589826817577e-19,-1.7488585957815511e-07,0.025000000000000001
344.25,-1.7488582809331906e-07,1.7448022259499128e-07,-3.4936605068831033e-07,3.3881317890172014e-21,3.1538471710750276e-05,5.9541806776537948e-19,-1.7488579492444857e-07,0.025000000000000001
344.5,-1.7488576346191572e-07,1.7447936671866999e-07,-3.493651301805857e-07,5.082197683525802e-21,3.1538471715550303e-05,5.9541806776537948e-19,-1.7488573026211506e-07,0.025000000000000001
344.75,-1.7488569882262724e-07,1.7447851813537813e-07,-3.4936421695800537e-07,1.9058241313221758e-21,3.1538471720251153e-05,6.4954698301677763e-19,-1.7488566559189106e-07,0.025000000000000001
345,-1.7488563417618824e-07,1.7447767686393326e-07,-3.4936331104012151e-07,4.0234064994579266e-21,3.1538471724852805e-05,6.4954698301677763e-19,-1.7488560091451156e-07,0.025000000000000001
345.25,-1.7488556952333178e-07,1.7447684292301124e-07,-3.4936241244634302e-07,2.541098841762901e-21,3.1538471729355334e-05,5.9541806776537948e-19,-1.7488553623070997e-07,0.025000000000000001
345.5,-1.7488550486479327e-07,1.7447601633114299e-07,-3.4936152119593626e-07,3.8116482626443515e-21,3.1538471733758767e-05,5.9541806776537948e-19,-1.7488547154122206e-07,0.025000000000000001
345.75,-1.7488544020130657e-07,1.7447519710671626e-07,-3.4936063730802282e-07,3.1763735522036263e-21,3.1538471738063104e-05,6.3356270951038989e-19,-1.74885406846782e-07,0.025000000000000001
346,-1.7488537553360493e-07,1.7447438526797441e-07,-3.4935976080157934e-07,3.8116482626443515e-21,3.153847174226844e-05,5.9541806776537948e-19,-1.7488534214812345e-07,0.025000000000000001
346.25,-1.7488531086242444e-07,1.7447358083301502e-07,-3.4935889169543946e-07,2.3293406049493259e-21,3.15384717463747e-05,7.5780481351957391e-19,-1.748852774459828e-07,0.025000000000000001
346.5,-1.7488524618849825e-07,1.7447278381979177e-07,-3.4935803000829002e-07,3.3881317890172014e-21,3.1538471750382033e-05,6.4954698301677763e-19,-1.7488521274109355e-07,0.025000000000000001
346.75,-1.7488518151256062e-07,1.7447199424611252e-07,-3.4935717575867314e-07,5.082197683525802e-21,3.1538471754290453e-05,7.0367589826817577e-19,-1.7488514803419033e-07,0.025000000000000001
347,-1.748851168353474e-07,1.744712121296376e-07,-3.4935632896498501e-07,1.6940658945086007e-21,3.1538471758099865e-05,7.0367589826817577e-19,-1.7488508332600933e-07,0.025000000000000001
347.25,-1.7488505215759167e-07,1.744704374878838e-07,-3.4935548964547547e-07,1.9058241313221758e-21,3.1538471761810466e-05,7.0367589826817577e-19,-1.74885018617284e-07,0.025000000000000001
347.5,-1.7488498748002784e-07,1.7446967033821964e-07,-3.4935465781824748e-07,5.082197683525802e-21,3.1538471765422214e-05,7.5780481351957391e-19,-1.7488495390874907e-07,0.025000000000000001
347.75,-1.7488492280339188e-07,1.7446891069786572e-07,-3.493538335012576e-07,4.0234064994579266e-21,3.1538471768935056e-05,7.0367589826817577e-19,-1.7488488920114088e-07,0.025000000000000001
348,-1.748848581284165e-07,1.7446815858389736e-07,-3.4935301671231386e-07,4.8704394467122269e-21,3.1538471772349162e-05,7.0367589826817577e-19,-1.748848244951925e-07,0.025000000000000001
348.25,-1.7488479345583603e-07,1.7446741401324113e-07,-3.4935220746907716e-07,2.9646153153900512e-21,3.153847177566455e-05,7.5780481351957391e-19,-1.7488475979163857e-07,0.025000000000000001
348.5,-1.7488472878638463e-07,1.7446667700267505e-07,-3.4935140578905969e-07,3.5998900258307764e-21,3.1538471778881242e-05,5.9541806776537948e-19,-1.7488469509121364e-07,0.025000000000000001
348.75,-1.7488466412079721e-07,1.7446594756882899e-07,-3.493506116896262e-07,2.7528570785764761e-21,3.1538471781999232e-05,7.0367589826817577e-19,-1.7488463039465295e-07,0.025000000000000001
349,-1.748845994598064e-07,1.744652257281845e-07,-3.493498251879909e-07,3.8116482626443515e-21,3.1538471785018667e-05,7.0367589826817577e-19,-1.7488456570268948e-07,0.025000000000000001
349.25,-1.7488453480414775e-07,1.7446451149707233e-07,-3.4934904630122008e-07,4.0234064994579266e-21,3.1538471787939481e-05,7.3623284446173192e-19,-1.7488450101605912e-07,0.025000000000000001
349.5,-1.7488447015455435e-07,1.7446380489167526e-07,-3.4934827504622961e-07,4.4469229730850768e-21,3.1538471790761781e-05,6.3356270951038989e-19,-1.7488443633549534e-07,0.025000000000000001
349.75,-1.7488440551176077e-07,1.7446310592802505e-07,-3.4934751143978582e-07,4.4469229730850768e-21,3.1538471793485541e-05,6.4954698301677763e-19,-1.7488437166173304e-07,0.025000000000000001
350,-1.7488434087649978e-07,1.7446241462200354e-07,-3.4934675549850332e-07,3.1763735522036263e-21,3.1538471796110875e-05,5.8298625892039065e-19,-1.7488430699550535e-07,0.025000000000000001
350.25,-1.7488427624950553e-07,1.7446173098934231e-07,-3.4934600723884784e-07,4.2351647362715017e-21,3.1538471798637818e-05,7.0367589826817577e-19,-1.7488424233754676e-07,0.025000000000000001
350.5,-1.7488421163151165e-07,1.7446105504562138e-07,-3.4934526667713304e-07,4.2351647362715017e-21,3.1538471801066404e-05,7.0367589826817577e-19,-1.7488417768859123e-07,0.025000000000000001
350.75,-1.7488414702325065e-07,1.7446038680626953e-07,-3.4934453382952018e-07,4.6586812098986519e-21,3.1538471803396734e-05,5.9541806776537948e-19,-1.7488411304937165e-07,0.025000000000000001
351,-1.7488408242545509e-07,1.744597262865649e-07,-3.4934380871202e-07,4.0234064994579266e-21,3.1538471805628849e-05,7.5780481351957391e-19,-1.7488404842062093e-07,0.025000000000000001
351.25,-1.7488401783885961e-07,1.7445907350163135e-07,-3.4934309134049096e-07,1.9058241313221758e-21,3.1538471807762735e-05,7.0367589826817577e-19,-1.7488398380307407e-07,0.025000000000000001
351.5,-1.748839532641966e-07,1.7445842846644194e-07,-3.4934238173063853e-07,4.4469229730850768e-21,3.1538471809798514e-05,6.4954698301677763e-19,-1.7488391919746375e-07,0.025000000000000001
351.75,-1.7488388870219845e-07,1.7445779119581675e-07,-3.493416798980152e-07,2.3293406049493259e-21,3.1538471811736214e-05,6.4954698301677763e-19,-1.7488385460452277e-07,0.025000000000000001
352,-1.7488382415359745e-07,1.74457161704423e-07,-3.4934098585802045e-07,3.1763735522036263e-21,3.1538471813575949e-05,6.4954698301677763e-19,-1.7488379002498376e-07,0.025000000000000001
352.25,-1.7488375961912753e-07,1.7445654000677297e-07,-3.4934029962590049e-07,1.6940658945086007e-21,3.1538471815317639e-05,6.4954698301677763e-19,-1.7488372545958097e-07,0.025000000000000001
352.5,-1.7488369509952023e-07,1.7445592611722701e-07,-3.4933962121674724e-07,2.7528570785764761e-21,3.1538471816961404e-05,7.0367589826817577e-19,-1.7488366090904632e-07,0.025000000000000001
352.75,-1.7488363059550747e-07,1.7445532004999065e-07,-3.4933895064549811e-07,1.9058241313221758e-21,3.1538471818507307e-05,5.9541806776537948e-19,-1.7488359637411204e-07,0.025000000000000001
353,-1.7488356610782074e-07,1.7445472181911559e-07,-3.4933828792693633e-07,4.4469229730850768e-21,3.1538471819955422e-05,7.5780481351957391e-19,-1.7488353185551004e-07,0.025000000000000001
353.25,-1.7488350163719222e-07,1.7445413143849771e-07,-3.4933763307568993e-07,4.6586812098986519e-21,3.1538471821305762e-05,6.4954698301677763e-19,-1.7488346735397278e-07,0.025000000000000001
353.5,-1.7488343718435345e-07,1.7445354892187819e-07,-3.4933698610623165e-07,3.1763735522036263e-21,3.1538471822558442e-05,7.0367589826817577e-19,-1.7488340287023219e-07,0.025000000000000001
353.75,-1.7488337275003501e-07,1.7445297428284375e-07,-3.4933634703287876e-07,5.082197683525802e-21,3.1538471823713477e-05,7.0367589826817577e-19,-1.7488333840501918e-07,0.025000000000000001
354,-1.7488330833496788e-07,1.7445240753482462e-07,-3.4933571586979251e-07,2.1175823681357508e-21,3.1538471824771007e-05,6.4954698301677763e-19,-1.7488327395906507e-07,0.025000000000000001
354.25,-1.7488324393988327e-07,1.7445184869109456e-07,-3.4933509263097783e-07,3.1763735522036263e-21,3.1538471825731001e-05,7.0367589826817577e-19,-1.7488320953310142e-07,0.025000000000000001
354.5,-1.7488317956551065e-07,1.7445129776477233e-07,-3.4933447733028298e-07,4.8704394467122269e-21,3.1538471826593619e-05,5.9541806776537948e-19,-1.7488314512785808e-07,0.025000000000000001
354.75,-1.7488311521258159e-07,1.7445075476881844e-07,-3.4933386998140003e-07,4.6586812098986519e-21,3.1538471827358869e-05,5.9541806776537948e-19,-1.7488308074406695e-07,0.025000000000000001
355,-1.7488305088182532e-07,1.744502197160374e-07,-3.4933327059786272e-07,3.5998900258307764e-21,3.1538471828026839e-05,7.5780481351957391e-19,-1.7488301638245761e-07,0.025000000000000001
355.25,-1.7488298657397077e-07,1.7444969261907666e-07,-3.4933267919304743e-07,3.5998900258307764e-21,3.1538471828597624e-05,7.0367589826817577e-19,-1.7488295204375934e-07,0.025000000000000001
355.5,-1.7488292228974943e-07,1.744491734904245e-07,-3.4933209578017393e-07,3.8116482626443515e-21,3.1538471829071218e-05,7.5780481351957391e-19,-1.7488288772870396e-07,0.025000000000000001
355.75,-1.7488285802988865e-07,1.7444866234241338e-07,-3.4933152037230203e-07,3.8116482626443515e-21,3.1538471829447741e-05,7.0367589826817577e-19,-1.7488282343801917e-07,0.025000000000000001
356,-1.7488279379511802e-07,1.7444815918721572e-07,-3.4933095298233373e-07,3.1763735522036263e-21,3.1538471829727234e-05,5.9541806776537948e-19,-1.7488275917243494e-07,0.025000000000000001
356.25,-1.7488272958616503e-07,1.7444766403684736e-07,-3.4933039362301239e-07,4.8704394467122269e-21,3.1538471829909889e-05,5.9541806776537948e-19,-1.7488269493267906e-07,0.025000000000000001
356.5,-1.7488266540375966e-07,1.7444717690316291e-07,-3.4932984230692257e-07,1.9058241313221758e-21,3.1538471829995602e-05,5.9541806776537948e-19,-1.7488263071948193e-07,0.025000000000000001
356.75,-1.7488260124862807e-07,1.7444669779786013e-07,-3.493292990464882e-07,4.0234064994579266e-21,3.1538471829984549e-05,6.4954698301677763e-19,-1.7488256653356999e-07,0.025000000000000001
357,-1.7488253712149836e-07,1.7444622673247595e-07,-3.4932876385397431e-07,3.8116482626443515e-21,3.1538471829876834e-05,6.4954698301677763e-19,-1.748825023756717e-07,0.025000000000000001
357.25,-1.7488247302309807e-07,1.7444576371838814e-07,-3.4932823674148621e-07,2.3293406049493259e-21,3.1538471829672442e-05,6.4954698301677763e-19,-1.7488243824651498e-07,0.025000000000000001
357.5,-1.7488240895415423e-07,1.7444530876681385e-07,-3.4932771772096808e-07,2.1175823681357508e-21,3.1538471829371481e-05,7.5780481351957391e-19,-1.7488237414682718e-07,0.025000000000000001
357.75,-1.748823449153925e-07,1.7444486188881107e-07,-3.4932720680420357e-07,4.0234064994579266e-21,3.1538471828974107e-05,7.0367589826817577e-19,-1.748823100773343e-07,0.025000000000000001
358,-1.7488228090754051e-07,1.7444442309527553e-07,-3.4932670400281604e-07,3.8116482626443515e-21,3.1538471828480266e-05,7.0367589826817577e-19,-1.7488224603876434e-07,0.025000000000000001
358.25,-1.748822169313234e-07,1.7444399239694362e-07,-3.4932620932826701e-07,3.5998900258307764e-21,3.1538471827890162e-05,7.0367589826817577e-19,-1.7488218203184279e-07,0.025000000000000001
358.5,-1.7488215298746594e-07,1.744435698043905e-07,-3.4932572279185644e-07,2.3293406049493259e-21,3.1538471827203815e-05,6.4954698301677763e-19,-1.7488211805729473e-07,0.025000000000000001
358.75,-1.7488208907669364e-07,1.7444315532802926e-07,-3.493252444047229e-07,3.1763735522036263e-21,3.1538471826421299e-05,5.9541806776537948e-19,-1.7488205411584605e-07,0.025000000000000001
359,-1.7488202519973056e-07,1.7444274897811149e-07,-3.4932477417784205e-07,4.0234064994579266e-21,3.1538471825542763e-05,7.0367589826817577e-19,-1.7488199020822117e-07,0.025000000000000001
359.25,-1.7488196135730108e-07,1.7444235076472627e-07,-3.4932431212202736e-07,4.4469229730850768e-21,3.1538471824568268e-05,7.0367589826817577e-19,-1.7488192633514477e-07,0.025000000000000001
359.5,-1.7488189755013055e-07,1.7444196069779983e-07,-3.4932385824793038e-07,3.3881317890172014e-21,3.1538471823497822e-05,6.8468263787457524e-19,-1.7488186249734256e-07,0.025000000000000001
359.75,-1.7488183377894139e-07,1.7444157878709811e-07,-3.493234125660395e-07,2.9646153153900512e-21,3.1538471822331566e-05,5.9541806776537948e-19,-1.7488179869553732e-07,0.025000000000000001
360,-1.7488177004445576e-07,1.7444120504222308e-07,-3.4932297508667884e-07,4.3190375267056852e-21,3.1538471821069643e-05,5.9541806776537948e-19,-1.7488173493045156e-07,0.025000000000000001
360.25,-1.7488170634739744e-07,1.744408394726128e-07,-3.4932254582001024e-07,3.8116482626443515e-21,3.1538471819712079e-05,7.0367589826817577e-19,-1.748816712028094e-07,0.025000000000000001
360.5,-1.748816426884883e-07,1.7444048208754268e-07,-3.4932212477603098e-07,2.7528570785764761e-21,3.1538471818258923e-05,6.4954698301677763e-19,-1.7488160751333304e-07,0.025000000000000001
360.75,-1.7488157906844976e-07,1.7444013289612411e-07,-3.4932171196457388e-07,3.3881317890172014e-21,3.1538471816710351e-05,7.0367589826817577e-19,-1.7488154386274427e-07,0.025000000000000001
361,-1.748815154880043e-07,1.744397919073048e-07,-3.493213073953091e-07,5.082197683525802e-21,3.1538471815066293e-05,5.9541806776537948e-19,-1.7488148025176589e-07,0.025000000000000001
361.25,-1.7488145194787059e-07,1.7443945912986896e-07,-3.4932091107773955e-07,2.7528570785764761e-21,3.1538471813327064e-05,5.9541806776537948e-19,-1.7488141668111694e-07,0.025000000000000001
361.5,-1.7488138844877031e-07,1.7443913457243522e-07,-3.4932052302120552e-07,4.2351647362715017e-21,3.1538471811492634e-05,6.4954698301677763e-19,-1.7488135315151942e-07,0.025000000000000001
361.75,-1.7488132499142268e-07,1.7443881824345801e-07,-3.493201432348807e-07,4.2351647362715017e-21,3.1538471809563107e-05,5.4128915251398134e-19,-1.7488128966369291e-07,0.025000000000000001
362,-1.7488126157654693e-07,1.7443851015122777e-07,-3.493197717277747e-07,1.6940658945086007e-21,3.1538471807538624e-05,6.4954698301677763e-19,-1.7488122621835698e-07,0.025000000000000001
362.25,-1.748811982048628e-07,1.7443821030386728e-07,-3.4931940850873008e-07,1.9058241313221758e-21,3.1538471805419232e-05,6.4954698301677763e-19,-1.7488116281623173e-07,0.025000000000000001
362.5,-1.7488113487708771e-07,1.7443791870933634e-07,-3.4931905358642406e-07,2.3293406049493259e-21,3.1538471803205054e-05,7.0367589826817577e-19,-1.748810994580349e-07,0.025000000000000001
362.75,-1.7488107159393988e-07,1.7443763537542773e-07,-3.4931870696936761e-07,1.9058241313221758e-21,3.1538471800896151e-05,5.9541806776537948e-19,-1.7488103614448504e-07,0.025000000000000001
363,-1.7488100835613656e-07,1.7443736030976863e-07,-3.4931836866590519e-07,3.1763735522036263e-21,3.1538471798492671e-05,7.5780481351957391e-19,-1.7488097287629978e-07,0.025000000000000001
363.25,-1.7488094516439456e-07,1.7443709351982021e-07,-3.4931803868421478e-07,4.8704394467122269e-21,3.1538471795994662e-05,6.4954698301677763e-19,-1.7488090965419627e-07,0.025000000000000001
363.5,-1.7488088201942978e-07,1.7443683501287689e-07,-3.4931771703230667e-07,3.1763735522036263e-21,3.1538471793402294e-05,5.9541806776537948e-19,-1.7488084647889074e-07,0.025000000000000001
363.75,-1.7488081892195832e-07,1.7443658479606643e-07,-3.4931740371802476e-07,4.8704394467122269e-21,3.1538471790715607e-05,5.9541806776537948e-19,-1.7488078335109963e-07,0.025000000000000001
364,-1.748807558726959e-07,1.7443634287634938e-07,-3.4931709874904528e-07,3.1763735522036263e-21,3.1538471787934697e-05,5.4128915251398134e-19,-1.74880720271539e-07,0.025000000000000001
364.25,-1.7488069287235559e-07,1.7443610926052048e-07,-3.4931680213287607e-07,2.9646153153900512e-21,3.1538471785059752e-05,6.4954698301677763e-19,-1.7488065724092226e-07,0.025000000000000001
364.5,-1.7488062992165257e-07,1.744358839552051e-07,-3.4931651387685768e-07,3.3881317890172014e-21,3.1538471782090806e-05,7.5780481351957391e-19,-1.7488059425996495e-07,0.025000000000000001
364.75,-1.7488056702130114e-07,1.7443566696686121e-07,-3.4931623398816235e-07,4.0234064994579266e-21,3.1538471779027901e-05,5.4128915251398134e-19,-1.7488053132938171e-07,0.025000000000000001
365,-1.7488050417201287e-07,1.7443545830178048e-07,-3.4931596247379336e-07,4.0234064994579266e-21,3.153847177587124e-05,6.4954698301677763e-19,-1.7488046844988444e-07,0.025000000000000001
365.25,-1.748804413745005e-07,1.7443525796608554e-07,-3.4931569934058604e-07,4.8704394467122269e-21,3.1538471772620869e-05,7.0367589826817577e-19,-1.7488040562218623e-07,0.025000000000000001
365.5,-1.7488037862947522e-07,1.7443506596573118e-07,-3.493154445952064e-07,2.541098841762901e-21,3.1538471769276966e-05,5.4128915251398134e-19,-1.748803428469986e-07,0.025000000000000001
365.75,-1.7488031593764911e-07,1.7443488230650216e-07,-3.4931519824415127e-07,4.0234064994579266e-21,3.1538471765839564e-05,7.5780481351957391e-19,-1.74880280125034e-07,0.025000000000000001
366,-1.7488025329973153e-07,1.7443470699401572e-07,-3.4931496029374726e-07,2.1175823681357508e-21,3.153847176230886e-05,6.4954698301677763e-19,-1.748802174570021e-07,0.025000000000000001
366.25,-1.7488019071643348e-07,1.7443454003371992e-07,-3.493147307501534e-07,5.082197683525802e-21,3.153847175868486e-05,5.4128915251398134e-19,-1.7488015484361423e-07,0.025000000000000001
366.5,-1.7488012818846314e-07,1.7443438143089365e-07,-3.4931450961935678e-07,2.9646153153900512e-21,3.1538471754967768e-05,6.4954698301677763e-19,-1.7488009228557894e-07,0.025000000000000001
366.75,-1.7488006571652967e-07,1.7443423119064597e-07,-3.4931429690717564e-07,2.7528570785764761e-21,3.1538471751157631e-05,6.4954698301677763e-19,-1.7488002978360573e-07,0.025000000000000001
367,-1.748800033013411e-07,1.7443408931791676e-07,-3.4931409261925786e-07,2.7528570785764761e-21,3.153847174725457e-05,5.4128915251398134e-19,-1.7487996733840295e-07,0.025000000000000001
367.25,-1.7487994094360564e-07,1.7443395581747484e-07,-3.4931389676108048e-07,3.0832464679262277e-21,3.1538471743258635e-05,7.0367589826817577e-19,-1.7487990495067917e-07,0.025000000000000001
367.5,-1.7487987864402877e-07,1.7443383069392028e-07,-3.4931370933794905e-07,5.082197683525802e-21,3.1538471739170061e-05,7.0367589826817577e-19,-1.7487984262114016e-07,0.025000000000000001
367.75,-1.7487981640331655e-07,1.7443371395168305e-07,-3.493135303549996e-07,4.1116012298877665e-21,3.153847173498891e-05,6.8468263787457524e-19,-1.748797803504924e-07,0.025000000000000001
368,-1.7487975422217494e-07,1.7443360559502138e-07,-3.4931335981719632e-07,2.3293406049493259e-21,3.1538471730715283e-05,6.4954698301677763e-19,-1.7487971813944211e-07,0.025000000000000001
368.25,-1.7487969210130846e-07,1.7443350562802328e-07,-3.4931319772933174e-07,4.0234064994579266e-21,3.1538471726349303e-05,7.5780481351957391e-19,-1.7487965598869419e-07,0.025000000000000001
368.5,-1.7487963004142007e-07,1.7443341405460629e-07,-3.4931304409602635e-07,3.1763735522036263e-21,3.1538471721891124e-05,5.9541806776537948e-19,-1.7487959389895193e-07,0.025000000000000001
368.75,-1.7487956804321391e-07,1.7443333087851641e-07,-3.4931289892173032e-07,2.1175823681357508e-21,3.1538471717340816e-05,6.4954698301677763e-19,-1.7487953187091981e-07,0.025000000000000001
369,-1.7487950610739282e-07,1.7443325610332808e-07,-3.493127622107209e-07,2.9646153153900512e-21,3.1538471712698479e-05,5.9541806776537948e-19,-1.7487946990530103e-07,0.025000000000000001
369.25,-1.7487944423465881e-07,1.7443318973244419e-07,-3.4931263396710301e-07,4.9435458142738812e-21,3.1538471707964242e-05,7.0367589826817577e-19,-1.7487940800279789e-07,0.025000000000000001
369.5,-1.7487938242571142e-07,1.7443313176909738e-07,-3.493125141948088e-07,3.3881317890172014e-21,3.1538471703138316e-05,6.4954698301677763e-19,-1.7487934616411028e-07,0.025000000000000001
369.75,-1.7487932068125236e-07,1.7443308221634626e-07,-3.4931240289759862e-07,3.3881317890172014e-21,3.1538471698220721e-05,7.0367589826817577e-19,-1.7487928438994026e-07,0.025000000000000001
370,-1.7487925900198179e-07,1.744330410770778e-07,-3.4931230007905959e-07,4.8704394467122269e-21,3.1538471693211578e-05,6.4954698301677763e-19,-1.7487922268098831e-07,0.025000000000000001
370.25,-1.7487919738859782e-07,1.7443300835400825e-07,-3.4931220574260607e-07,3.8116482626443515e-21,3.1538471688111051e-05,7.0367589826817577e-19,-1.7487916103795289e-07,0.025000000000000001
370.5,-1.7487913584179926e-07,1.7443298404967947e-07,-3.4931211989147873e-07,4.8704394467122269e-21,3.1538471682919172e-05,6.4954698301677763e-19,-1.7487909946153317e-07,0.025000000000000001
370.75,-1.7487907436228239e-07,1.744329681664623e-07,-3.4931204252874469e-07,2.541098841762901e-21,3.1538471677636187e-05,6.4954698301677763e-19,-1.748790379524257e-07,0.025000000000000001
371,-1.748790129507452e-07,1.7443296070655333e-07,-3.4931197365729853e-07,4.9435458142738812e-21,3.1538471672262149e-05,6.4954698301677763e-19,-1.7487897651132884e-07,0.025000000000000001
371.25,-1.7487895160788253e-07,1.7443296167197705e-07,-3.4931191327985958e-07,2.3293406049493259e-21,3.1538471666797215e-05,7.0367589826817577e-19,-1.7487891513893778e-07,0.025000000000000001
371.5,-1.7487889033439054e-07,1.7443297106458328e-07,-3.4931186139897382e-07,1.9058241313221758e-21,3.1538471661241458e-05,6.4954698301677763e-19,-1.74878853835949e-07,0.025000000000000001
371.75,-1.7487882913096292e-07,1.7443298888605098e-07,-3.493118180170139e-07,3.3881317890172014e-21,3.1538471655595028e-05,6.4954698301677763e-19,-1.7487879260305652e-07,0.025000000000000001
372,-1.7487876799829259e-07,1.7443301513788416e-07,-3.4931178313617675e-07,2.3293406049493259e-21,3.1538471649858108e-05,5.9541806776537948e-19,-1.7487873144095359e-07,0.025000000000000001
372.25,-1.7487870693707372e-07,1.7443304982141163e-07,-3.4931175675848535e-07,2.3293406049493259e-21,3.1538471644030711e-05,7.5780481351957391e-19,-1.7487867035033474e-07,0.025000000000000001
372.5,-1.7487864594799731e-07,1.7443309293779057e-07,-3.4931173888578788e-07,4.7350581231065237e-21,3.1538471638113047e-05,5.9541806776537948e-19,-1.7487860933189125e-07,0.025000000000000001
372.75,-1.7487858503175478e-07,1.7443314448800303e-07,-3.4931172951975781e-07,4.6586812098986519e-21,3.1538471632105225e-05,6.4954698301677763e-19,-1.7487854838631493e-07,0.025000000000000001
373,-1.7487852418903656e-07,1.7443320447285681e-07,-3.4931172866189337e-07,4.0234064994579266e-21,3.1538471626007327e-05,6.4954698301677763e-19,-1.7487848751429649e-07,0.025000000000000001
373.25,-1.7487846342053147e-07,1.7443327289298606e-07,-3.4931173631351754e-07,2.9646153153900512e-21,3.1538471619819582e-05,7.0367589826817577e-19,-1.7487842671652512e-07,0.025000000000000001
373.5,-1.7487840272692904e-07,1.7443334974884937e-07,-3.493117524757784e-07,3.9046289570014215e-21,3.153847161354197e-05,7.3623284446173192e-19,-1.7487836599369068e-07,0.025000000000000001
373.75,-1.7487834210891701e-07,1.7443343504073077e-07,-3.4931177714964778e-07,5.1523002734865261e-21,3.1538471607174701e-05,6.4954698301677763e-19,-1.7487830534648122e-07,0.025000000000000001
374,-1.7487828156718189e-07,1.744335287687402e-07,-3.4931181033592209e-07,3.6981986171391893e-21,3.1538471600717925e-05,6.4954698301677763e-19,-1.748782447755836e-07,0.025000000000000001
374.25,-1.7487822110241014e-07,1.7443363093281138e-07,-3.4931185203522153e-07,3.9046289570014215e-21,3.1538471594171715e-05,6.4954698301677763e-19,-1.7487818428168458e-07,0.025000000000000001
374.5,-1.7487816071528688e-07,1.7443374153270373e-07,-3.4931190224799061e-07,3.0832464679262277e-21,3.1538471587536235e-05,6.4954698301677763e-19,-1.7487812386546963e-07,0.025000000000000001
374.75,-1.7487810040649622e-07,1.7443386056800074e-07,-3.4931196097449697e-07,1.7999450129153882e-21,3.15384715808116e-05,7.0367589826817577e-19,-1.748780635276232e-07,0.025000000000000001
375,-1.7487804017672133e-07,1.7443398803811116e-07,-3.4931202821483248e-07,4.4469229730850768e-21,3.1538471573997999e-05,5.9541806776537948e-19,-1.7487800326882877e-07,0.025000000000000001
375.25,-1.7487798002664437e-07,1.7443412394226799e-07,-3.4931210396891236e-07,3.705769144237564e-21,3.1538471567095569e-05,7.0367589826817577e-19,-1.7487794308976886e-07,0.025000000000000001
375.5,-1.74877919956948e-07,1.744342682795267e-07,-3.493121882364747e-07,4.1116012298877665e-21,3.1538471560104375e-05,7.0367589826817577e-19,-1.7487788299112642e-07,0.025000000000000001
375.75,-1.7487785996831232e-07,1.7443442104876906e-07,-3.4931228101708138e-07,4.9763185651190145e-21,3.1538471553024596e-05,5.4128915251398134e-19,-1.7487782297358187e-07,0.025000000000000001
376,-1.7487780006141773e-07,1.7443458224869947e-07,-3.4931238231011719e-07,1.9058241313221758e-21,3.1538471545856299e-05,6.4954698301677763e-19,-1.74877763037816e-07,0.025000000000000001
376.25,-1.7487774023694373e-07,1.7443475187784611e-07,-3.4931249211478983e-07,4.7645603283054394e-21,3.1538471538599639e-05,5.4128915251398134e-19,-1.7487770318450857e-07,0.025000000000000001
376.5,-1.7487768049556662e-07,1.7443492993456199e-07,-3.4931261043012861e-07,4.0234064994579266e-21,3.153847153125482e-05,5.4128915251398134e-19,-1.7487764341433624e-07,0.025000000000000001
376.75,-1.7487762083796515e-07,1.7443511641702159e-07,-3.4931273725498675e-07,4.1116012298877665e-21,3.1538471523821848e-05,6.3356270951038989e-19,-1.7487758372797808e-07,0.025000000000000001
377,-1.7487756126481393e-07,1.7443531132322566e-07,-3.4931287258803959e-07,3.5952158537328624e-21,3.1538471516300988e-05,6.8468263787457524e-19,-1.74877524126109e-07,0.025000000000000001
377.25,-1.7487750177678843e-07,1.7443551465099532e-07,-3.4931301642778375e-07,2.541098841762901e-21,3.1538471508692328e-05,5.9541806776537948e-19,-1.7487746460940484e-07,0.025000000000000001
377.5,-1.7487744237456411e-07,1.7443572639797557e-07,-3.4931316877253968e-07,2.9646153153900512e-21,3.1538471500995957e-05,5.4128915251398134e-19,-1.7487740517854139e-07,0.025000000000000001
377.75,-1.7487738305881283e-07,1.7443594656163563e-07,-3.4931332962044846e-07,2.0855767627359659e-21,3.1538471493212097e-05,6.4954698301677763e-19,-1.7487734583419078e-07,0.025000000000000001
378,-1.7487732383020782e-07,1.7443617513926647e-07,-3.4931349896947429e-07,4.3410438546782892e-21,3.1538471485340796e-05,6.4954698301677763e-19,-1.748772865770266e-07,0.025000000000000001
378.25,-1.7487726468941969e-07,1.7443641212798234e-07,-3.4931367681740203e-07,3.0704944337968387e-21,3.1538471477382243e-05,5.4128915251398134e-19,-1.7487722740771977e-07,0.025000000000000001
378.5,-1.7487720563711959e-07,1.7443665752471911e-07,-3.493138631618387e-07,2.5783250211633391e-21,3.1538471469336569e-05,7.5780481351957391e-19,-1.7487716832694176e-07,0.025000000000000001
378.75,-1.748771466739755e-07,1.7443691132623684e-07,-3.4931405800021234e-07,2.8587361969832636e-21,3.1538471461203948e-05,5.6835361013968036e-19,-1.7487710933536092e-07,0.025000000000000001
379,-1.7487708780065719e-07,1.7443717352911624e-07,-3.4931426132977343e-07,2.2234614865425384e-21,3.1538471452984422e-05,6.7661144064247665e-19,-1.7487705043364729e-07,0.025000000000000001
379.25,-1.7487702901783098e-07,1.744374441297613e-07,-3.4931447314759228e-07,4.9763185651190145e-21,3.1538471444678213e-05,6.4954698301677763e-19,-1.748769916224675e-07,0.025000000000000001
379.5,-1.7487697032616328e-07,1.7443772312439782e-07,-3.493146934505611e-07,4.6309255768179868e-21,3.1538471436285431e-05,6.2248252539107851e-19,-1.7487693290248833e-07,0.025000000000000001
379.75,-1.7487691172631938e-07,1.74438010509074e-07,-3.4931492223539338e-07,5.1523002734865261e-21,3.1538471427806225e-05,6.4954698301677763e-19,-1.7487687427437536e-07,0.025000000000000001
380,-1.7487685321896443e-07,1.7443830627965959e-07,-3.4931515949862402e-07,3.9175273810511391e-21,3.1538471419240675e-05,6.59062611500564e-19,-1.748768157387941e-07,0.025000000000000001
380.25,-1.7487679480476069e-07,1.7443861043184665e-07,-3.4931540523660734e-07,2.6469779601696886e-21,3.1538471410589013e-05,6.7661144064247665e-19,-1.7487675729640709e-07,0.025000000000000001
380.5,-1.7487673648437135e-07,1.7443892296114785e-07,-3.493156594455192e-07,4.4229092871066715e-21,3.1538471401851279e-05,6.2248252539107851e-19,-1.7487669894787783e-07,0.025000000000000001
380.75,-1.7487667825845602e-07,1.7443924386289917e-07,-3.4931592212135519e-07,5.1523002734865261e-21,3.1538471393027723e-05,7.6214204659800489e-19,-1.7487664069386628e-07,0.025000000000000001
381,-1.748766201276763e-07,1.7443957313225668e-07,-3.4931619325993299e-07,3.3881317890172014e-21,3.153847138411838e-05,6.4954698301677763e-19,-1.7487658253503435e-07,0.025000000000000001
381.25,-1.7487656209269072e-07,1.7443991076419843e-07,-3.4931647285688915e-07,2.8802234130016577e-21,3.1538471375123412e-05,7.0367589826817577e-19,-1.7487652447204088e-07,0.025000000000000001
381.5,-1.7487650415415696e-07,1.7444025675352477e-07,-3.4931676090768173e-07,2.2234614865425384e-21,3.1538471366042981e-05,7.0367589826817577e-19,-1.7487646650554387e-07,0.025000000000000001
381.75,-1.7487644631273125e-07,1.74440611094856e-07,-3.4931705740758725e-07,4.9763185651190145e-21,3.1538471356877299e-05,6.4954698301677763e-19,-1.7487640863619986e-07,0.025000000000000001
382,-1.748763885690706e-07,1.7444097378263407e-07,-3.4931736235170467e-07,5.1523002734865261e-21,3.1538471347626418e-05,5.6835361013968036e-19,-1.7487635086466622e-07,0.025000000000000001
382.25,-1.7487633092382905e-07,1.7444134481112227e-07,-3.4931767573495131e-07,2.3293406049493259e-21,3.1538471338290455e-05,5.6835361013968036e-19,-1.7487629319159725e-07,0.025000000000000001
382.5,-1.7487627337765967e-07,1.744417241744048e-07,-3.4931799755206446e-07,2.0117032497289633e-21,3.1538471328869619e-05,5.6835361013968036e-19,-1.7487623561764636e-07,0.025000000000000001
382.75,-1.7487621593121629e-07,1.7444211186638564e-07,-3.4931832779760193e-07,4.5268740585845904e-21,3.1538471319363992e-05,5.6835361013968036e-19,-1.7487617814346771e-07,0.025000000000000001
383,-1.7487615858514841e-07,1.7444250788079249e-07,-3.493186664659409e-07,2.8587361969832636e-21,3.1538471309773824e-05,6.4954698301677763e-19,-1.7487612076971109e-07,0.025000000000000001
383.25,-1.7487610134010764e-07,1.7444291221117055e-07,-3.4931901355127819e-07,2.1827539436923207e-21,3.1538471300099156e-05,7.3074035589387479e-19,-1.748760634970284e-07,0.025000000000000001
383.5,-1.7487604419674327e-07,1.7444332485088756e-07,-3.4931936904763083e-07,3.4940109074239889e-21,3.1538471290340123e-05,7.0367589826817577e-19,-1.7487600632606931e-07,0.025000000000000001
383.75,-1.7487598715570212e-07,1.7444374579313174e-07,-3.4931973294883385e-07,3.5998900258307764e-21,3.1538471280496956e-05,6.2248252539107851e-19,-1.7487594925748093e-07,0.025000000000000001
384,-1.7487593021763254e-07,1.744441750309113e-07,-3.4932010524854384e-07,3.1851845914658817e-21,3.1538471270569656e-05,5.9541806776537948e-19,-1.7487589229191189e-07,0.025000000000000001
384.25,-1.7487587338317915e-07,1.7444461255705598e-07,-3.4932048594023513e-07,2.8587361969832636e-21,3.1538471260558499e-05,6.2248252539107851e-19,-1.7487583543000718e-07,0.025000000000000001
384.5,-1.7487581665298737e-07,1.744450583642144e-07,-3.4932087501720176e-07,1.9892880292338973e-21,3.1538471250463533e-05,6.4954698301677763e-19,-1.7487577867241247e-07,0.025000000000000001
384.75,-1.7487576002769982e-07,1.7444551244485771e-07,-3.4932127247255753e-07,1.8940232492426095e-21,3.1538471240284935e-05,6.4954698301677763e-19,-1.7487572201977071e-07,0.025000000000000001
385,-1.7487570350795938e-07,1.7444597479127508e-07,-3.4932167829923446e-07,4.1292856178647142e-21,3.1538471230022839e-05,5.9541806776537948e-19,-1.7487566547272513e-07,0.025000000000000001
385.25,-1.748756470944072e-07,1.7444644539557725e-07,-3.4932209248998445e-07,4.4469229730850768e-21,3.1538471219677355e-05,5.6835361013968036e-19,-1.7487560903191712e-07,0.025000000000000001
385.5,-1.7487559078768276e-07,1.7444692424969546e-07,-3.4932251503737821e-07,3.9175273810511391e-21,3.1538471209248638e-05,7.3074035589387479e-19,-1.7487555269798654e-07,0.025000000000000001
385.75,-1.7487553458842401e-07,1.7444741134538111e-07,-3.4932294593380512e-07,2.7528570785764761e-21,3.1538471198736932e-05,7.5780481351957391e-19,-1.7487549647157163e-07,0.025000000000000001
386,-1.7487547849726848e-07,1.7444790667420541e-07,-3.4932338517147388e-07,1.9058241313221758e-21,3.1538471188142291e-05,5.6835361013968036e-19,-1.7487544035331016e-07,0.025000000000000001
386.25,-1.7487542251485331e-07,1.7444841022755909e-07,-3.493238327424124e-07,2.0117032497289633e-21,3.1538471177464858e-05,7.0367589826817577e-19,-1.7487538434383968e-07,0.025000000000000001
386.5,-1.7487536664181337e-07,1.7444892199665333e-07,-3.493242886384667e-07,3.801340521989251e-21,3.1538471166704802e-05,5.9541806776537948e-19,-1.7487532844379532e-07,0.025000000000000001
386.75,-1.7487531087878238e-07,1.7444944197251949e-07,-3.4932475285130187e-07,3.801340521989251e-21,3.1538471155862218e-05,7.0367589826817577e-19,-1.7487527265381112e-07,0.025000000000000001
387,-1.7487525522639251e-07,1.744499701460094e-07,-3.4932522537240191e-07,3.6981986171391893e-21,3.1538471144937268e-05,5.6835361013968036e-19,-1.748752169745195e-07,0.025000000000000001
387.25,-1.7487519968527577e-07,1.7445050650779359e-07,-3.4932570619306936e-07,4.9435458142738812e-21,3.1538471133930136e-05,7.3074035589387479e-19,-1.7487516140655288e-07,0.025000000000000001
387.5,-1.7487514425606251e-07,1.7445105104836392e-07,-3.4932619530442643e-07,4.5528020914918643e-21,3.1538471122840862e-05,7.3074035589387479e-19,-1.7487510595054182e-07,0.025000000000000001
387.75,-1.7487508893938094e-07,1.7445160375803093e-07,-3.4932669269741187e-07,4.2152656532701089e-21,3.1538471111669697e-05,5.4128915251398134e-19,-1.7487505060711487e-07,0.025000000000000001
388,-1.7487503373586013e-07,1.7445216462692478e-07,-3.4932719836278492e-07,2.8587361969832636e-21,3.1538471100416641e-05,6.2248252539107851e-19,-1.7487499537690141e-07,0.025000000000000001
388.25,-1.7487497864612513e-07,1.7445273364499774e-07,-3.4932771229112287e-07,1.6940658945086007e-21,3.1538471089081971e-05,5.6835361013968036e-19,-1.748749402605268e-07,0.025000000000000001
388.5,-1.7487492367080085e-07,1.7445331080201994e-07,-3.493282344728208e-07,4.5528020914918643e-21,3.1538471077665803e-05,7.3074035589387479e-19,-1.7487488525861625e-07,0.025000000000000001
388.75,-1.7487486881051255e-07,1.7445389608758133e-07,-3.4932876489809388e-07,4.3410438546782892e-21,3.1538471066168205e-05,5.6835361013968036e-19,-1.7487483037179527e-07,0.025000000000000001
389,-1.7487481406588198e-07,1.7445448949109288e-07,-3.4932930355697486e-07,2.0855767627359659e-21,3.1538471054589366e-05,6.8468263787457524e-19,-1.74874775600686e-07,0.025000000000000001
389.25,-1.748747594375303e-07,1.7445509100178477e-07,-3.4932985043931507e-07,4.2152656532701089e-21,3.1538471042929429e-05,7.5780481351957391e-19,-1.7487472094590986e-07,0.025000000000000001
389.5,-1.7487470492607734e-07,1.7445570060870692e-07,-3.4933040553478426e-07,2.1175823681357508e-21,3.1538471031188536e-05,6.7661144064247665e-19,-1.7487466640808696e-07,0.025000000000000001
389.75,-1.7487465053214237e-07,1.7445631830072849e-07,-3.4933096883287086e-07,2.1827539436923207e-21,3.153847101936685e-05,7.8812890243546133e-19,-1.7487461198783688e-07,0.025000000000000001
390,-1.7487459625634274e-07,1.7445694406653885e-07,-3.4933154032288159e-07,4.0234064994579266e-21,3.1538471007464438e-05,6.7661144064247665e-19,-1.7487455768577729e-07,0.025000000000000001
390.25,-1.7487454209929541e-07,1.7445757789464707e-07,-3.4933211999394248e-07,2.8587361969832636e-21,3.1538470995481449e-05,5.6835361013968036e-19,-1.7487450350252544e-07,0.025000000000000001
390.5,-1.748744880616136e-07,1.7445821977338315e-07,-3.4933270783499676e-07,2.3793372597999344e-21,3.1538470983418094e-05,6.59062611500564e-19,-1.7487444943869485e-07,0.025000000000000001
390.75,-1.7487443414391145e-07,1.744588696908961e-07,-3.4933330383480754e-07,4.5268740585845904e-21,3.153847097127444e-05,6.2248252539107851e-19,-1.7487439549489995e-07,0.025000000000000001
391,-1.7487438034680105e-07,1.7445952763515403e-07,-3.4933390798195508e-07,4.3410438546782892e-21,3.153847095905065e-05,6.7661144064247665e-19,-1.7487434167175314e-07,0.025000000000000001
391.25,-1.7487432667089305e-07,1.7446019359394615e-07,-3.493345202648392e-07,2.1827539436923207e-21,3.15384709467469e-05,6.7661144064247665e-19,-1.7487428796986534e-07,0.025000000000000001
391.5,-1.7487427311679739e-07,1.7446086755488055e-07,-3.4933514067167794e-07,3.801340521989251e-21,3.1538470934363272e-05,5.9541806776537948e-19,-1.7487423438984682e-07,0.025000000000000001
391.75,-1.7487421968512203e-07,1.7446154950538588e-07,-3.4933576919050791e-07,1.6940658945086007e-21,3.1538470921899907e-05,7.3074035589387479e-19,-1.7487418093230582e-07,0.025000000000000001
392,-1.7487416637647385e-07,1.7446223943271018e-07,-3.4933640580918403e-07,3.9046289570014215e-21,3.1538470909356921e-05,6.2248252539107851e-19,-1.748741275978495e-07,0.025000000000000001
392.25,-1.748741131914579e-07,1.7446293732392255e-07,-3.4933705051538045e-07,4.3190375267056852e-21,3.1538470896734524e-05,7.8812890243546133e-19,-1.7487407438708322e-07,0.025000000000000001
392.5,-1.7487406013067896e-07,1.7446364316591054e-07,-3.493377032965895e-07,4.9435458142738812e-21,3.1538470884032757e-05,7.3074035589387479e-19,-1.7487402130061205e-07,0.025000000000000001
392.75,-1.7487400719473881e-07,1.7446435694538328e-07,-3.4933836414012209e-07,2.3793372597999344e-21,3.1538470871251829e-05,6.7661144064247665e-19,-1.7487396833903809e-07,0.025000000000000001
393,-1.7487395438423934e-07,1.7446507864886897e-07,-3.4933903303310831e-07,3.4940109074239889e-21,3.1538470858391843e-05,7.0367589826817577e-19,-1.7487391550296347e-07,0.025000000000000001
393.25,-1.7487390169978026e-07,1.7446580826271628e-07,-3.4933970996249654e-07,4.6586812098986519e-21,3.1538470845452913e-05,5.9541806776537948e-19,-1.7487386279298823e-07,0.025000000000000001
393.5,-1.7487384914196038e-07,1.7446654577309421e-07,-3.4934039491505459e-07,3.1851845914658817e-21,3.1538470832435203e-05,6.2248252539107851e-19,-1.7487381020971144e-07,0.025000000000000001
393.75,-1.7487379671137655e-07,1.7446729116599166e-07,-3.4934108787736822e-07,2.4352197233561135e-21,3.1538470819338833e-05,7.6214204659800489e-19,-1.7487375775373028e-07,0.025000000000000001
394,-1.7487374440862416e-07,1.7446804442721827e-07,-3.4934178883584243e-07,4.4229092871066715e-21,3.1538470806163934e-05,6.8468263787457524e-19,-1.7487370542564041e-07,0.025000000000000001
394.25,-1.7487369223429847e-07,1.7446880554240356e-07,-3.4934249777670204e-07,3.4940109074239889e-21,3.1538470792910585e-05,6.2248252539107851e-19,-1.7487365322603738e-07,0.025000000000000001
394.5,-1.7487364018899113e-07,1.7446957449699819e-07,-3.4934321468598931e-07,4.8392664667071543e-21,3.1538470779579025e-05,6.8468263787457524e-19,-1.7487360115551312e-07,0.025000000000000001
394.75,-1.7487358827329351e-07,1.7447035127627298e-07,-3.4934393954956649e-07,3.1763735522036263e-21,3.1538470766169349e-05,7.6214204659800489e-19,-1.7487354921465928e-07,0.025000000000000001
395,-1.7487353648779698e-07,1.7447113586531887e-07,-3.4934467235311584e-07,2.4785666155259976e-21,3.1538470752681643e-05,5.6835361013968036e-19,-1.7487349740406755e-07,0.025000000000000001
395.25,-1.7487348483308921e-07,1.7447192824904813e-07,-3.4934541308213734e-07,2.6469779601696886e-21,3.1538470739116038e-05,6.7661144064247665e-19,-1.7487344572432588e-07,0.025000000000000001
395.5,-1.7487343330975809e-07,1.7447272841219312e-07,-3.4934616172195121e-07,4.5528020914918643e-21,3.1538470725472641e-05,5.9541806776537948e-19,-1.7487339417602243e-07,0.025000000000000001
395.75,-1.7487338191838813e-07,1.7447353633930818e-07,-3.4934691825769631e-07,3.9175273810511391e-21,3.153847071175169e-05,6.4954698301677763e-19,-1.7487334275974197e-07,0.025000000000000001
396,-1.7487333065956382e-07,1.7447435201476784e-07,-3.4934768267433166e-07,4.0080525938440109e-21,3.1538470697953225e-05,5.4128915251398134e-19,-1.7487329147606934e-07,0.025000000000000001
396.25,-1.748732795338691e-07,1.7447517542276704e-07,-3.4934845495663614e-07,3.5952158537328624e-21,3.1538470684077375e-05,6.7661144064247665e-19,-1.7487324032558872e-07,0.025000000000000001
396.5,-1.7487322854188368e-07,1.7447600654732321e-07,-3.4934923508920688e-07,2.9815830455777413e-21,3.1538470670124317e-05,7.3074035589387479e-19,-1.748731893088801e-07,0.025000000000000001
396.75,-1.7487317768418868e-07,1.7447684537227376e-07,-3.4935002305646244e-07,4.2152656532701089e-21,3.1538470656094104e-05,6.59062611500564e-19,-1.748731384265249e-07,0.025000000000000001
397,-1.7487312696136147e-07,1.7447769188127865e-07,-3.4935081884264012e-07,3.3881317890172014e-21,3.1538470641986933e-05,6.7661144064247665e-19,-1.7487308767910078e-07,0.025000000000000001
397.25,-1.7487307637397965e-07,1.7447854605781821e-07,-3.4935162243179786e-07,2.6469779601696886e-21,3.1538470627802864e-05,7.1040979235155274e-19,-1.7487303706718558e-07,0.025000000000000001
397.5,-1.7487302592261803e-07,1.7447940788519499e-07,-3.4935243380781302e-07,3.3881317890172014e-21,3.1538470613542048e-05,5.4128915251398134e-19,-1.7487298659135445e-07,0.025000000000000001
397.75,-1.7487297560785064e-07,1.7448027734653344e-07,-3.4935325295438408e-07,3.5952158537328624e-21,3.153847059920462e-05,5.9541806776537948e-19,-1.7487293625218163e-07,0.025000000000000001
398,-1.7487292543024986e-07,1.7448115442477931e-07,-3.4935407985502916e-07,3.2873718616659403e-21,3.1538470584790674e-05,7.3074035589387479e-19,-1.7487288605023984e-07,0.025000000000000001
398.25,-1.7487287539038709e-07,1.7448203910270031e-07,-3.4935491449308739e-07,3.705769144237564e-21,3.1538470570300284e-05,6.2248252539107851e-19,-1.7487283598610074e-07,0.025000000000000001
398.5,-1.7487282548883103e-07,1.7448293136288729e-07,-3.4935575685171832e-07,2.7792008087503127e-21,3.1538470555733669e-05,7.0367589826817577e-19,-1.7487278606033331e-07,0.025000000000000001
398.75,-1.7487277572614947e-07,1.7448383118775198e-07,-3.4935660691390146e-07,3.8116482626443515e-21,3.1538470541090868e-05,5.9541806776537948e-19,-1.7487273627350559e-07,0.025000000000000001
399,-1.7487272610290859e-07,1.7448473855952931e-07,-3.493574646624379e-07,4.1292856178647142e-21,3.1538470526372072e-05,6.7661144064247665e-19,-1.7487268662618404e-07,0.025000000000000001
399.25,-1.748726766196736e-07,1.7448565346027691e-07,-3.4935833007995052e-07,3.5998900258307764e-21,3.153847051157736e-05,6.2248252539107851e-19,-1.7487263711893419e-07,0.025000000000000001
399.5,-1.7487262727700776e-07,1.7448657587187435e-07,-3.493592031488821e-07,3.801340521989251e-21,3.1538470496706782e-05,5.9541806776537948e-19,-1.7487258775231954e-07,0.025000000000000001
399.75,-1.7487257807547128e-07,1.7448750577602588e-07,-3.4936008385149716e-07,3.0832464679262277e-21,3.1538470481760615e-05,6.8468263787457524e-19,-1.7487253852690058e-07,0.025000000000000001
400,-1.7487252901562484e-07,1.7448844315425691e-07,-3.4936097216988175e-07,3.5998900258307764e-21,3.1538470466738899e-05,6.7661144064247665e-19,-1.7487248944323827e-07,0.025000000000000001
400.25,-1.7487248009802863e-07,1.7448938798791625e-07,-3.4936186808594489e-07,2.8296677234530566e-21,3.1538470451641655e-05,6.8468263787457524e-19,-1.7487244050189305e-07,0.025000000000000001
400.5,-1.7487243132323879e-07,1.7449034025817722e-07,-3.4936277158141601e-07,3.2873718616659403e-21,3.1538470436468997e-05,6.8468263787457524e-19,-1.7487239170342136e-07,0.025000000000000001
400.75,-1.7487238269180938e-07,1.7449129994603704e-07,-3.4936368263784642e-07,3.8116482626443515e-21,3.1538470421221239e-05,7.1040979235155274e-19,-1.7487234304837753e-07,0.025000000000000001
401,-1.748723342042959e-07,1.7449226703231504e-07,-3.4936460123661094e-07,3.8116482626443515e-21,3.1538470405898271e-05,5.9541806776537948e-19,-1.7487229453731732e-07,0.025000000000000001
401.25,-1.7487228586124979e-07,1.7449324149765573e-07,-3.4936552735890553e-07,3.0832464679262277e-21,3.1538470390500296e-05,6.7661144064247665e-19,-1.7487224617079244e-07,0.025000000000000001
401.5,-1.7487223766322187e-07,1.7449422332252795e-07,-3.4936646098574982e-07,4.2195850847815741e-21,3.1538470375027416e-05,6.8468263787457524e-19,-1.7487219794935398e-07,0.025000000000000001
401.75,-1.7487218961076057e-07,1.7449521248722479e-07,-3.4936740209798536e-07,3.2362485569504212e-21,3.1538470359479733e-05,7.0367589826817577e-19,-1.7487214987355063e-07,0.025000000000000001
402,-1.7487214170441461e-07,1.744962089718636e-07,-3.4936835067627821e-07,3.4410713482205951e-21,3.1538470343857295e-05,6.8468263787457524e-19,-1.748721019439314e-07,0.025000000000000001
402.25,-1.7487209394472914e-07,1.7449721275638727e-07,-3.4936930670111642e-07,4.4632789481323703e-21,3.1538470328160229e-05,5.9541806776537948e-19,-1.7487205416104168e-07,0.025000000000000001
402.5,-1.7487204633224813e-07,1.7449822382056406e-07,-3.4937027015281219e-07,3.2362485569504212e-21,3.1538470312388761e-05,6.7661144064247665e-19,-1.7487200652542573e-07,0.025000000000000001
402.75,-1.7487199886751484e-07,1.7449924214398635e-07,-3.4937124101150118e-07,4.5614120180372746e-21,3.1538470296542827e-05,6.9753356379552678e-19,-1.7487195903762705e-07,0.025000000000000001
403,-1.7487195155106885e-07,1.7450026770607369e-07,-3.4937221925714254e-07,3.543788486532317e-21,3.1538470280622647e-05,7.2330997224561421e-19,-1.7487191169818552e-07,0.025000000000000001
403.25,-1.7487190438345055e-07,1.7450130048607032e-07,-3.4937320486952086e-07,3.9307399898295783e-21,3.1538470264628286e-05,6.7185846651342552e-19,-1.7487186450764176e-07,0.025000000000000001
403.5,-1.7487185736519822e-07,1.745023404630471e-07,-3.4937419782824532e-07,3.0982082694074971e-21,3.15384702485598e-05,6.3356270951038989e-19,-1.7487181746653434e-07,0.025000000000000001
403.75,-1.7487181049684703e-07,1.7450338761590128e-07,-3.4937519811274831e-07,3.9175273810511391e-21,3.1538470232417371e-05,6.6307921182962714e-19,-1.7487177057539868e-07,0.025000000000000001
404,-1.7487176377893215e-07,1.7450444192335628e-07,-3.4937620570228843e-07,3.3881317890172014e-21,3.153847021620098e-05,6.7185846651342552e-19,-1.7487172383477022e-07,0.025000000000000001
404.25,-1.7487171721198557e-07,1.7450550336396348e-07,-3.4937722057594905e-07,3.2362485569504212e-21,3.1538470199910862e-05,6.0895029657822899e-19,-1.7487167724518118e-07,0.025000000000000001
404.5,-1.7487167079653925e-07,1.7450657191610064e-07,-3.4937824271263989e-07,2.8296677234530566e-21,3.1538470183546952e-05,7.1040979235155274e-19,-1.7487163080716381e-07,0.025000000000000001
404.75,-1.7487162453312187e-07,1.745076475579737e-07,-3.4937927209109556e-07,3.3351922298138076e-21,3.1538470167109478e-05,6.9014366945532616e-19,-1.7487158452124703e-07,0.025000000000000001
405,-1.7487157842226147e-07,1.7450873026761571e-07,-3.4938030868987718e-07,2.8057966377798699e-21,3.1538470150598434e-05,6.462967547213909e-19,-1.7487153838795917e-07,0.025000000000000001
405.25,-1.7487153246448389e-07,1.7450982002288882e-07,-3.493813524873727e-07,3.646686499610642e-21,3.153847013401403e-05,6.7661144064247665e-19,-1.7487149240782632e-07,0.025000000000000001
405.5,-1.7487148666031382e-07,1.7451091680148299e-07,-3.4938240346179681e-07,2.541098841762901e-21,3.1538470117356246e-05,6.4954698301677763e-19,-1.7487144658137338e-07,0.025000000000000001
405.75,-1.748714410102741e-07,1.7451202058091697e-07,-3.4938346159119107e-07,2.9815830455777413e-21,3.1538470100625204e-05,6.0895029657822899e-19,-1.7487140090912351e-07,0.025000000000000001
406,-1.7487139551488524e-07,1.7451313133853908e-07,-3.4938452685342432e-07,4.2195850847815741e-21,3.1538470083821013e-05,7.3623284446173192e-19,-1.7487135539159744e-07,0.025000000000000001
406.25,-1.7487135017466712e-07,1.7451424905152668e-07,-3.493855992261938e-07,2.9815830455777413e-21,3.1538470066943725e-05,6.3601475420392811e-19,-1.7487131002931532e-07,0.025000000000000001
406.5,-1.7487130499013757e-07,1.7451537369688656e-07,-3.4938667868702414e-07,3.3385517796253507e-21,3.153847004999343e-05,6.7661144064247665e-19,-1.7487126482279521e-07,0.025000000000000001
406.75,-1.7487125996181144e-07,1.7451650525145714e-07,-3.4938776521326858e-07,3.1341828655834631e-21,3.1538470032970257e-05,6.4954698301677763e-19,-1.7487121977255226e-07,0.025000000000000001
407,-1.7487121509020484e-07,1.7451764369190548e-07,-3.4938885878211033e-07,4.1116012298877665e-21,3.1538470015874171e-05,7.1040979235155274e-19,-1.7487117487910278e-07,0.025000000000000001
407.25,-1.74871170375828e-07,1.7451878899473143e-07,-3.4938995937055944e-07,3.7407708383096156e-21,3.1538469998705403e-05,6.7185846651342552e-19,-1.7487113014295727e-07,0.025000000000000001
407.5,-1.7487112581919336e-07,1.7451994113626476e-07,-3.4939106695545812e-07,3.3897857465426188e-21,3.1538469981463898e-05,7.2330997224561421e-19,-1.7487108556462845e-07,0.025000000000000001
407.75,-1.7487108142080944e-07,1.7452110009266755e-07,-3.4939218151347699e-07,3.4144989710325696e-21,3.1538469964149833e-05,6.462967547213909e-19,-1.7487104114462505e-07,0.025000000000000001
408,-1.7487103718118417e-07,1.7452226583993363e-07,-3.493933030211178e-07,2.7528570785764761e-21,3.1538469946763174e-05,7.1040979235155274e-19,-1.7487099688345525e-07,0.025000000000000001
408.25,-1.7487099310082215e-07,1.7452343835388992e-07,-3.4939443145471208e-07,4.1711535254719318e-21,3.1538469929304124e-05,6.59062611500564e-19,-1.7487095278162391e-07,0.025000000000000001
408.5,-1.7487094918022739e-07,1.745246176101956e-07,-3.4939556679042298e-07,3.0832464679262277e-21,3.1538469911772697e-05,7.0367589826817577e-19,-1.7487090883963529e-07,0.025000000000000001
408.75,-1.7487090541990176e-07,1.7452580358434385e-07,-3.4939670900424561e-07,3.0323786905496234e-21,3.1538469894168913e-05,6.4954698301677763e-19,-1.7487086505799155e-07,0.025000000000000001
409,-1.7487086182034577e-07,1.7452699625166098e-07,-3.4939785807200675e-07,4.0080525938440109e-21,3.1538469876492948e-05,6.4954698301677763e-19,-1.7487082143719337e-07,0.025000000000000001
409.25,-1.7487081838205858e-07,1.7452819558730801e-07,-3.4939901396936659e-07,4.4143466611607321e-21,3.1538469858744768e-05,5.9541806776537948e-19,-1.7487077797774018e-07,0.025000000000000001
409.5,-1.7487077510553589e-07,1.745294015662804e-07,-3.4940017667181629e-07,4.1711535254719318e-21,3.1538469840924517e-05,6.6307921182962714e-19,-1.7487073468012793e-07,0.025000000000000001
409.75,-1.7487073199127234e-07,1.7453061416340922e-07,-3.4940134615468156e-07,3.9704669402545328e-21,3.153846982303226e-05,6.9753356379552678e-19,-1.7487069154485153e-07,0.025000000000000001
410,-1.7487068903976273e-07,1.7453183335336028e-07,-3.4940252239312301e-07,3.3385517796253507e-21,3.1538469805067992e-05,6.7661144064247665e-19,-1.7487064857240596e-07,0.025000000000000001
410.25,-1.7487064625149707e-07,1.7453305911063602e-07,-3.4940370536213309e-07,3.1341828655834631e-21,3.1538469787031876e-05,7.3623284446173192e-19,-1.7487060576328156e-07,0.025000000000000001
410.5,-1.7487060362696666e-07,1.7453429140957531e-07,-3.4940489503654197e-07,3.788046498485219e-21,3.1538469768923829e-05,6.0895029657822899e-19,-1.7487056311796978e-07,0.025000000000000001
410.75,-1.7487056116665829e-07,1.7453553022435437e-07,-3.4940609139101265e-07,3.5998900258307764e-21,3.1538469750743995e-05,6.6307921182962714e-19,-1.748705206369577e-07,0.025000000000000001
411,-1.7487051887105745e-07,1.745367755289874e-07,-3.4940729440004485e-07,2.9116757561866574e-21,3.1538469732492468e-05,6.2248252539107851e-19,-1.7487047832073105e-07,0.025000000000000001
411.25,-1.7487047674064887e-07,1.7453802729732602e-07,-3.494085040379749e-07,2.541098841762901e-21,3.1538469714169261e-05,6.6307921182962714e-19,-1.7487043616977478e-07,0.025000000000000001
411.5,-1.7487043477591587e-07,1.7453928550306057e-07,-3.4940972027897644e-07,2.6785533665288553e-21,3.1538469695774362e-05,6.7661144064247665e-19,-1.7487039418457245e-07,0.025000000000000001
411.75,-1.7487039297733777e-07,1.7454055011972129e-07,-3.4941094309705905e-07,3.0832464679262277e-21,3.1538469677307939e-05,6.4954698301677763e-19,-1.7487035236560365e-07,0.025000000000000001
412,-1.7487035134539474e-07,1.7454182112067693e-07,-3.4941217246607167e-07,3.5532659854796409e-21,3.1538469658769925e-05,6.4954698301677763e-19,-1.7487031071334874e-07,0.025000000000000001
412.25,-1.748703098805622e-07,1.7454309847913852e-07,-3.4941340835970072e-07,4.1375068204685933e-21,3.1538469640160469e-05,6.3601475420392811e-19,-1.748702692282834e-07,0.025000000000000001
412.5,-1.7487026858331538e-07,1.745443821681571e-07,-3.4941465075147247e-07,3.6936488529185367e-21,3.1538469621479639e-05,7.1040979235155274e-19,-1.7487022791088309e-07,0.025000000000000001
412.75,-1.7487022745412801e-07,1.7454567216062427e-07,-3.4941589961475228e-07,3.4144989710325696e-21,3.1538469602727393e-05,6.7185846651342552e-19,-1.7487018676162176e-07,0.025000000000000001
413,-1.7487018649347162e-07,1.7454696842927508e-07,-3.494171549227467e-07,4.5614120180372746e-21,3.1538469583903807e-05,6.7661144064247665e-19,-1.7487014578097118e-07,0.025000000000000001
413.25,-1.7487014570181505e-07,1.7454827094668707e-07,-3.4941841664850212e-07,2.9308632834561097e-21,3.1538469565009002e-05,5.9541806776537948e-19,-1.7487010496940045e-07,0.025000000000000001
413.5,-1.7487010507962659e-07,1.7454957968528088e-07,-3.4941968476490747e-07,3.3897857465426188e-21,3.1538469546042939e-05,6.9014366945532616e-19,-1.7487006432737805e-07,0.025000000000000001
413.75,-1.7487006462737247e-07,1.7455089461732079e-07,-3.4942095924469326e-07,4.2411988561379101e-21,3.1538469527005622e-05,6.3356270951038989e-19,-1.7487002385537046e-07,0.025000000000000001
414,-1.7487002434551685e-07,1.7455221571491629e-07,-3.4942224006043314e-07,4.3899153899166491e-21,3.1538469507897135e-05,7.1040979235155274e-19,-1.7486998355384207e-07,0.025000000000000001
414.25,-1.74869984234521e-07,1.7455354295002222e-07,-3.4942352718454322e-07,3.9046289570014215e-21,3.1538469488717524e-05,6.3356270951038989e-19,-1.7486994342325435e-07,0.025000000000000001
414.5,-1.7486994429484535e-07,1.7455487629443973e-07,-3.4942482058928509e-07,4.2930849108807707e-21,3.1538469469466844e-05,6.2924863979750326e-19,-1.7486990346406801e-07,0.025000000000000001
414.75,-1.7486990452694838e-07,1.745562157198158e-07,-3.4942612024676418e-07,4.033928409995886e-21,3.1538469450145101e-05,6.9014366945532616e-19,-1.7486986367674172e-07,0.025000000000000001
415,-1.7486986493128696e-07,1.7455756119764502e-07,-3.4942742612893197e-07,2.5940384009662948e-21,3.1538469430752302e-05,6.7661144064247665e-19,-1.7486982406173256e-07,0.025000000000000001
415.25,-1.7486982550831517e-07,1.7455891269927053e-07,-3.494287382075857e-07,4.3899153899166491e-21,3.1538469411288508e-05,7.2330997224561421e-19,-1.7486978461949487e-07,0.025000000000000001
415.5,-1.7486978625848576e-07,1.745602701958837e-07,-3.4943005645436945e-07,3.1596757601187751e-21,3.1538469391753759e-05,6.59062611500564e-19,-1.7486974535048162e-07,0.025000000000000001
415.75,-1.7486974718224984e-07,1.7456163365852597e-07,-3.4943138084077581e-07,2.8044228695086331e-21,3.1538469372148044e-05,6.59062611500564e-19,-1.7486970625514413e-07,0.025000000000000001
416,-1.7486970828005512e-07,1.7456300305808919e-07,-3.494327113381443e-07,3.1649932183538649e-21,3.1538469352471475e-05,6.9014366945532616e-19,-1.7486966733393034e-07,0.025000000000000001
416.25,-1.7486966955235031e-07,1.7456437836531543e-07,-3.4943404791766574e-07,2.7792008087503127e-21,3.1538469332723952e-05,5.9541806776537948e-19,-1.7486962858728919e-07,0.025000000000000001
416.5,-1.7486963099958039e-07,1.745657595507989e-07,-3.4943539055037929e-07,3.9175273810511391e-21,3.1538469312905536e-05,6.6984532623605189e-19,-1.7486959001566585e-07,0.025000000000000001
416.75,-1.7486959262218708e-07,1.7456714658498687e-07,-3.4943673920717395e-07,4.1116012298877665e-21,3.1538469293016288e-05,6.4278086861035287e-19,-1.7486955161950226e-07,0.025000000000000001
417,-1.7486955442061218e-07,1.7456853943818065e-07,-3.4943809385879284e-07,2.9815830455777413e-21,3.1538469273056234e-05,7.297686471087403e-19,-1.7486951339924047e-07,0.025000000000000001
417.25,-1.7486951639529495e-07,1.7456993808053435e-07,-3.494394544758293e-07,3.3002412508731298e-21,3.1538469253025375e-05,6.7185846651342552e-19,-1.7486947535531992e-07,0.025000000000000001
417.5,-1.7486947854667373e-07,1.7457134248205704e-07,-3.4944082102873077e-07,3.5998900258307764e-21,3.1538469232923677e-05,6.7826711295194633e-19,-1.7486943748817923e-07,0.025000000000000001
417.75,-1.7486944087518328e-07,1.7457275261261484e-07,-3.4944219348779812e-07,3.4605630576713795e-21,3.1538469212751141e-05,6.4278086861035287e-19,-1.7486939979825332e-07,0.025000000000000001
418,-1.7486940338125637e-07,1.7457416844193082e-07,-3.4944357182318719e-07,3.8117401704932438e-21,3.15384691925079e-05,6.59062611500564e-19,-1.7486936228597518e-07,0.025000000000000001
418.25,-1.7486936606532546e-07,1.7457558993958464e-07,-3.4944495600491011e-07,3.22931311140702e-21,3.1538469172193827e-05,7.1685696914049942e-19,-1.748693249517775e-07,0.025000000000000001
418.5,-1.7486932892781951e-07,1.7457701707501511e-07,-3.4944634600283462e-07,2.8190315275807183e-21,3.1538469151809044e-05,6.9110484972247643e-19,-1.7486928779608943e-07,0.025000000000000001
418.75,-1.7486929196916681e-07,1.7457844981751997e-07,-3.4944774178668678e-07,2.6205081805679917e-21,3.153846913135345e-05,6.5631309742320238e-19,-1.7486925081933951e-07,0.025000000000000001
419,-1.7486925518979256e-07,1.7457988813625791e-07,-3.4944914332605047e-07,2.9308632834561097e-21,3.1538469110827117e-05,6.7826711295194633e-19,-1.7486921402195309e-07,0.025000000000000001
419.25,-1.7486921859012052e-07,1.7458133200024882e-07,-3.4945055059036934e-07,4.1711535254719318e-21,3.1538469090230047e-05,7.0396860195677156e-19,-1.7486917740435422e-07,0.025000000000000001
419.5,-1.7486918217057208e-07,1.7458278137837438e-07,-3.4945196354894646e-07,3.0196728746123518e-21,3.153846906956222e-05,7.3623284446173192e-19,-1.7486914096696443e-07,0.025000000000000001
419.75,-1.7486914593156683e-07,1.7458423623938049e-07,-3.4945338217094732e-07,3.7368588894022798e-21,3.1538469048823641e-05,6.8468263787457524e-19,-1.7486910471020357e-07,0.025000000000000001
420,-1.7486910987352282e-07,1.7458569655187546e-07,-3.4945480642539828e-07,3.8787937509261045e-21,3.1538469028014373e-05,5.9541806776537948e-19,-1.7486906863448987e-07,0.025000000000000001
420.25,-1.748690739968555e-07,1.7458716228433473e-07,-3.4945623628119023e-07,2.6866826295722339e-21,3.1538469007134353e-05,6.59062611500564e-19,-1.7486903274023897e-07,0.025000000000000001
420.5,-1.7486903830197967e-07,1.7458863340509784e-07,-3.4945767170707751e-07,3.5052475087371558e-21,3.1538468986183515e-05,6.8789291963383835e-19,-1.7486899702786589e-07,0.025000000000000001
420.75,-1.7486900278930578e-07,1.7459010988237304e-07,-3.4945911267167883e-07,4.0857028717552853e-21,3.153846896516196e-05,6.5969615462641471e-19,-1.7486896149778132e-07,0.025000000000000001
421,-1.7486896745924365e-07,1.7459159168423698e-07,-3.4946055914348063e-07,3.2490239294389459e-21,3.1538468944069667e-05,6.6865678453949308e-19,-1.7486892615039522e-07,0.025000000000000001
421.25,-1.7486893231220138e-07,1.7459307877863427e-07,-3.4946201109083565e-07,3.8830363732696392e-21,3.1538468922906597e-05,5.9541806776537948e-19,-1.7486889098611597e-07,0.025000000000000001
421.5,-1.7486889734858524e-07,1.7459457113338015e-07,-3.4946346848196539e-07,3.5649054595135909e-21,3.1538468901672721e-05,7.2330997224561421e-19,-1.7486885600534995e-07,0.025000000000000001
421.75,-1.748688625687988e-07,1.7459606871616193e-07,-3.4946493128496073e-07,3.0650416093654608e-21,3.1538468880367999e-05,6.3601475420392811e-19,-1.7486882120850101e-07,0.025000000000000001
422,-1.748688279732423e-07,1.7459757149453994e-07,-3.4946639946778224e-07,2.8170424856184684e-21,3.1538468858992519e-05,6.462967547213909e-19,-1.7486878659596954e-07,0.025000000000000001
422.25,-1.748687935623161e-07,1.7459907943594635e-07,-3.4946787299826245e-07,3.8592357699519108e-21,3.1538468837546255e-05,6.3674313402214226e-19,-1.7486875216815613e-07,0.025000000000000001
422.5,-1.7486875933641793e-07,1.7460059250768978e-07,-3.4946935184410771e-07,3.801340521989251e-21,3.1538468816029124e-05,6.5267582322046511e-19,-1.7486871792545868e-07,0.025000000000000001
422.75,-1.748687252959443e-07,1.7460211067695307e-07,-3.4947083597289736e-07,2.541098841762901e-21,3.153846879444108e-05,6.5293004021998996e-19,-1.748686838682739e-07,0.025000000000000001
423,-1.7486869144128793e-07,1.7460363391079765e-07,-3.4947232535208558e-07,3.2605743228445685e-21,3.1538468772782163e-05,6.461639258135652e-19,-1.7486864999699476e-07,0.025000000000000001
423.25,-1.7486865777283975e-07,1.7460516217616316e-07,-3.494738199490029e-07,4.0533403059147809e-21,3.153846875105236e-05,6.1571641098465375e-19,-1.748686163120123e-07,0.025000000000000001
423.5,-1.7486862429098945e-07,1.7460669543986778e-07,-3.4947531973085723e-07,4.1160507280638657e-21,3.153846872925167e-05,6.6865678453949308e-19,-1.7486858281371646e-07,0.025000000000000001
423.75,-1.7486859099612528e-07,1.7460823366861035e-07,-3.4947682466473562e-07,2.8865488839533574e-21,3.1538468707379951e-05,6.6225883077296891e-19,-1.7486854950249566e-07,0.025000000000000001
424,-1.7486855788863157e-07,1.7460977682897255e-07,-3.4947833471760411e-07,4.2302016525961835e-21,3.1538468685437305e-05,6.9271142572555908e-19,-1.7486851637873444e-07,0.025000000000000001
424.25,-1.7486852496889195e-07,1.7461132488741814e-07,-3.4947984985631009e-07,4.0291967637457978e-21,3.1538468663423616e-05,5.9880112496859181e-19,-1.7486848344281663e-07,0.025000000000000001
424.5,-1.7486849223728745e-07,1.7461287781029639e-07,-3.4948137004758385e-07,3.8778227116485937e-21,3.1538468641338906e-05,5.9541806776537948e-19,-1.748684506951234e-07,0.025000000000000001
424.75,-1.7486845969419697e-07,1.7461443556384108e-07,-3.4948289525803805e-07,3.5296579177464612e-21,3.1538468619183147e-05,6.3770628280553428e-19,-1.7486841813603387e-07,0.025000000000000001
425,-1.7486842733999848e-07,1.7461599811417363e-07,-3.4948442545417212e-07,3.6288413472701324e-21,3.1538468596956257e-05,6.9352672665853859e-19,-1.7486838576592623e-07,0.025000000000000001
425.25,-1.7486839517506589e-07,1.7461756542730371e-07,-3.494859606023696e-07,3.2745856243686071e-21,3.1538468574658263e-05,7.112153654064637e-19,-1.7486835358517452e-07,0.025000000000000001
425.5,-1.7486836319977187e-07,1.7461913746913076e-07,-3.4948750066890263e-07,3.5039370747746252e-21,3.1538468552289106e-05,6.0556723937501666e-19,-1.7486832159415163e-07,0.025000000000000001
425.75,-1.7486833141448833e-07,1.7462071420544457e-07,-3.494890456199329e-07,3.8248831524452e-21,3.1538468529848703e-05,6.436266329111559e-19,-1.7486828979322964e-07,0.025000000000000001
426,-1.7486829981958175e-07,1.7462229560192803e-07,-3.4949059542150978e-07,4.0112866469817343e-21,3.1538468507337162e-05,6.3939781140714044e-19,-1.7486825818277524e-07,0.025000000000000001
426.25,-1.7486826841542034e-07,1.7462388162415685e-07,-3.494921500395772e-07,3.2210850644105917e-21,3.1538468484754342e-05,6.4589962446956428e-19,-1.7486822676315678e-07,0.025000000000000001
426.5,-1.7486823720236847e-07,1.7462547223760215e-07,-3.4949370943997061e-07,3.530938628666029e-21,3.1538468462100222e-05,7.0738972900570315e-19,-1.7486819553473886e-07,0.025000000000000001
426.75,-1.7486820618078889e-07,1.7462706740763172e-07,-3.4949527358842061e-07,3.6877697036080436e-21,3.1538468439374674e-05,6.3178593269991256e-19,-1.7486816449788439e-07,0.025000000000000001
427,-1.7486817535104036e-07,1.7462866709951169e-07,-3.4949684245055205e-07,4.408236636638443e-21,3.1538468416577819e-05,6.66256699430999e-19,-1.748681336529523e-07,0.025000000000000001
427.25,-1.7486814471348208e-07,1.7463027127840713e-07,-3.4949841599188921e-07,4.2347149329273365e-21,3.1538468393709481e-05,7.1040979235155274e-19,-1.7486810300030195e-07,0.025000000000000001
427.5,-1.7486811426846886e-07,1.7463187990938432e-07,-3.4949999417785318e-07,3.3682794543159287e-21,3.1538468370769722e-05,6.614596017296243e-19,-1.7486807254028838e-07,0.025000000000000001
427.75,-1.7486808401635635e-07,1.746334929574104e-07,-3.4950157697376676e-07,3.7190040340384124e-21,3.1538468347758357e-05,6.9271142572555908e-19,-1.7486804227326738e-07,0.025000000000000001
428,-1.7486805395749497e-07,1.7463511038735828e-07,-3.4950316434485325e-07,3.5300207639627893e-21,3.1538468324675476e-05,6.6385763479320486e-19,-1.7486801219958957e-07,0.025000000000000001
428.25,-1.7486802409223449e-07,1.7463673216400536e-07,-3.4950475625623985e-07,4.2086949566698048e-21,3.1538468301520909e-05,6.5969615462641471e-19,-1.7486798231960487e-07,0.025000000000000001
428.5,-1.7486799442092133e-07,1.7463835825203688e-07,-3.4950635267295821e-07,4.2930849108807707e-21,3.1538468278294757e-05,6.461639258135652e-19,-1.7486795263365991e-07,0.025000000000000001
428.75,-1.7486796494390186e-07,1.7463998861604456e-07,-3.4950795355994643e-07,4.1504622856078353e-21,3.1538468254996913e-05,6.3601475420392811e-19,-1.748679231421012e-07,0.025000000000000001
429,-1.7486793566151802e-07,1.7464162322053195e-07,-3.4950955888204997e-07,4.6959992648410506e-21,3.1538468231627321e-05,6.7025740279330208e-19,-1.7486789384527084e-07,0.025000000000000001
429.25,-1.7486790657411258e-07,1.7464326202991298e-07,-3.4951116860402556e-07,4.1245531296385695e-21,3.1538468208185908e-05,6.7826711295194633e-19,-1.7486786474351182e-07,0.025000000000000001
429.5,-1.7486787768202331e-07,1.7464490500851531e-07,-3.4951278269053863e-07,4.4099200956715591e-21,3.1538468184672619e-05,6.4954698301677763e-19,-1.7486783583716203e-07,0.025000000000000001
429.75,-1.7486784898558687e-07,1.7464655212058176e-07,-3.4951440110616863e-07,4.3839461219913399e-21,3.15384681610874e-05,6.7826711295194633e-19,-1.7486780712655836e-07,0.025000000000000001
430,-1.7486782048513697e-07,1.7464820333027126e-07,-3.4951602381540823e-07,4.4021280791744277e-21,3.1538468137430244e-05,6.4278086861035287e-19,-1.748677786120346e-07,0.025000000000000001
430.25,-1.7486779218100571e-07,1.7464985860166133e-07,-3.4951765078266704e-07,4.1245531296385695e-21,3.1538468113701124e-05,6.6545689728764306e-19,-1.748677502939231e-07,0.025000000000000001
430.5,-1.7486776407352388e-07,1.7465151789874787e-07,-3.4951928197227175e-07,4.0080525938440109e-21,3.153846808989998e-05,6.6545689728764306e-19,-1.748677221725548e-07,0.025000000000000001
430.75,-1.7486773616301985e-07,1.7465318118544899e-07,-3.4952091734846884e-07,4.3969323696251387e-21,3.1538468066026634e-05,6.6646226903283956e-19,-1.7486769424825819e-07,0.025000000000000001
431,-1.7486770844981817e-07,1.7465484842560698e-07,-3.4952255687542515e-07,4.2152656532701089e-21,3.1538468042081161e-05,7.1040979235155274e-19,-1.74867666521358e-07,0.025000000000000001
431.25,-1.7486768093424272e-07,1.7465651958298758e-07,-3.495242005172303e-07,4.1116012298877665e-21,3.1538468018063441e-05,6.2586558259429093e-19,-1.748676389921783e-07,0.025000000000000001
431.5,-1.7486765361661583e-07,1.7465819462128328e-07,-3.4952584823789911e-07,4.5008744983071585e-21,3.1538467993973397e-05,6.9431840526488063e-19,-1.7486761166104155e-07,0.025000000000000001
431.75,-1.7486762649725585e-07,1.7465987350411541e-07,-3.4952750000137126e-07,4.5368460953877506e-21,3.1538467969810996e-05,6.5631309742320238e-19,-1.7486758452826631e-07,0.025000000000000001
432,-1.7486759957647885e-07,1.7466155619503665e-07,-3.495291557715155e-07,4.2930849108807707e-21,3.1538467945576238e-05,6.461639258135652e-19,-1.7486755759416874e-07,0.025000000000000001
432.25,-1.7486757285460059e-07,1.74663242657529e-07,-3.4953081551212959e-07,4.1028158382630173e-21,3.1538467921269001e-05,7.1040979235155274e-19,-1.7486753085906483e-07,0.025000000000000001
432.5,-1.7486754633193254e-07,1.7466493285500988e-07,-3.4953247918694242e-07,4.8825802732086185e-21,3.1538467896889286e-05,6.7826711295194633e-19,-1.7486750432326613e-07,0.025000000000000001
432.75,-1.7486752000878514e-07,1.7466662675083203e-07,-3.4953414675961717e-07,4.2671386484899539e-21,3.1538467872436976e-05,6.9753356379552678e-19,-1.7486747798708332e-07,0.025000000000000001
433,-1.7486749388546732e-07,1.7466832430828391e-07,-3.4953581819375123e-07,4.7090176840513213e-21,3.1538467847912004e-05,7.0396860195677156e-19,-1.748674518508254e-07,0.025000000000000001
433.25,-1.7486746796228284e-07,1.7467002549059698e-07,-3.4953749345287983e-07,4.5792718710935612e-21,3.1538467823314438e-05,6.6545689728764306e-19,-1.7486742591479636e-07,0.025000000000000001
433.5,-1.7486744223953728e-07,1.7467173026093955e-07,-3.4953917250047683e-07,4.5792718710935612e-21,3.1538467798644048e-05,6.2248252539107851e-19,-1.7486740017930189e-07,0.025000000000000001
433.75,-1.7486741671753135e-07,1.7467343858242517e-07,-3.4954085529995652e-07,4.3709613659473769e-21,3.1538467773900833e-05,7.0396860195677156e-19,-1.7486737464464288e-07,0.025000000000000001
434,-1.7486739139656358e-07,1.7467515041811159e-07,-3.4954254181467517e-07,3.9563245375611195e-21,3.1538467749084801e-05,6.2248252539107851e-19,-1.7486734931111798e-07,0.025000000000000001
434.25,-1.7486736627692978e-07,1.7467686573100427e-07,-3.4954423200793404e-07,4.393983413881683e-21,3.1538467724195897e-05,7.0396860195677156e-19,-1.7486732417902315e-07,0.025000000000000001
434.5,-1.7486734135892518e-07,1.7467858448405609e-07,-3.4954592584298126e-07,4.5268740585845904e-21,3.1538467699234032e-05,6.2924863979750326e-19,-1.748672992486538e-07,0.025000000000000001
434.75,-1.7486731664284317e-07,1.7468030664017014e-07,-3.4954762328301331e-07,3.9304726077087661e-21,3.1538467674199079e-05,6.7185846651342552e-19,-1.7486727452030345e-07,0.025000000000000001
435,-1.7486729212897366e-07,1.7468203216220264e-07,-3.495493242911763e-07,4.2924320446775694e-21,3.153846764909101e-05,6.3601475420392811e-19,-1.7486724999426215e-07,0.025000000000000001
435.25,-1.7486726781760341e-07,1.746837610129652e-07,-3.4955102883056861e-07,4.3190375267056852e-21,3.1538467623909791e-05,7.0396860195677156e-19,-1.7486722567081682e-07,0.025000000000000001
435.5,-1.7486724370901682e-07,1.7468549315522553e-07,-3.4955273686424236e-07,4.2881042954748955e-21,3.153846759865549e-05,6.7185846651342552e-19,-1.7486720155025202e-07,0.025000000000000001
435.75,-1.7486721980349892e-07,1.7468722855170825e-07,-3.4955444835520718e-07,4.5528020914918643e-21,3.1538467573327897e-05,6.6545689728764306e-19,-1.7486717763285286e-07,0.025000000000000001
436,-1.7486719610133036e-07,1.7468896716509958e-07,-3.4955616326642994e-07,4.1375068204685933e-21,3.1538467547926992e-05,6.7661144064247665e-19,-1.748671539189002e-07,0.025000000000000001
436.25,-1.7486717260279001e-07,1.7469070895804798e-07,-3.4955788156083799e-07,4.4229092871066715e-21,3.1538467522452672e-05,6.2924863979750326e-19,-1.7486713040867301e-07,0.025000000000000001
436.5,-1.7486714930815438e-07,1.7469245389316645e-07,-3.4955960320132084e-07,4.3675136342799861e-21,3.1538467496904858e-05,6.59062611500564e-19,-1.7486710710244799e-07,0.025000000000000001
436.75,-1.7486712621769613e-07,1.7469420193303541e-07,-3.4956132815073154e-07,4.2924320446775694e-21,3.1538467471283649e-05,6.5631309742320238e-19,-1.7486708400049788e-07,0.025000000000000001
437,-1.7486710333168704e-07,1.7469595304020292e-07,-3.4956305637188996e-07,3.8381180422460484e-21,3.1538467445588905e-05,6.5631309742320238e-19,-1.7486706110309461e-07,0.025000000000000001
437.25,-1.7486708065039809e-07,1.7469770717718668e-07,-3.4956478782758477e-07,4.7586745195998688e-21,3.1538467419820523e-05,6.3601475420392811e-19,-1.7486703841050934e-07,0.025000000000000001
437.5,-1.7486705817409531e-07,1.7469946430647869e-07,-3.49566522480574e-07,4.0234064994579266e-21,3.153846739397851e-05,6.4954698301677763e-19,-1.748670159230082e-07,0.025000000000000001
437.75,-1.7486703590304424e-07,1.7470122439054528e-07,-3.4956826029358952e-07,4.3190375267056852e-21,3.1538467368062785e-05,6.9753356379552678e-19,-1.7486699364085687e-07,0.025000000000000001
438,-1.7486701383750604e-07,1.7470298739182974e-07,-3.4957000122933579e-07,4.4632789481323703e-21,3.1538467342073361e-05,6.5631309742320238e-19,-1.7486697156431664e-07,0.025000000000000001
438.25,-1.7486699197774235e-07,1.7470475327275398e-07,-3.4957174525049634e-07,4.1292856178647142e-21,3.1538467316010103e-05,6.8468263787457524e-19,-1.7486694969364928e-07,0.025000000000000001
438.5,-1.748669703240104e-07,1.7470652199572102e-07,-3.4957349231973142e-07,4.393983413881683e-21,3.1538467289873031e-05,6.7185846651342552e-19,-1.7486692802911218e-07,0.025000000000000001
438.75,-1.7486694887656554e-07,1.7470829352311731e-07,-3.4957524239968286e-07,4.5123017060741395e-21,3.1538467263662077e-05,6.4954698301677763e-19,-1.7486690657096077e-07,0.025000000000000001
439,-1.7486692763566133e-07,1.7471006781731462e-07,-3.4957699545297595e-07,4.0234064994579266e-21,3.1538467237377181e-05,6.6307921182962714e-19,-1.7486688531944879e-07,0.025000000000000001
439.25,-1.7486690660154864e-07,1.7471184484067176e-07,-3.495787514422204e-07,3.8645878218477453e-21,3.1538467211018295e-05,6.9753356379552678e-19,-1.7486686427482723e-07,0.025000000000000001
439.5,-1.7486688577447608e-07,1.7471362455553815e-07,-3.4958051033001424e-07,4.3655078873846413e-21,3.1538467184585365e-05,6.4954698301677763e-19,-1.748668434373448e-07,0.025000000000000001
439.75,-1.7486686515468986e-07,1.7471540692425358e-07,-3.4958227207894344e-07,4.2881042954748955e-21,3.1538467158078377e-05,6.8468263787457524e-19,-1.7486682280724785e-07,0.025000000000000001
440,-1.7486684474243387e-07,1.7471719190915328e-07,-3.4958403665158715e-07,4.4748804514983009e-21,3.1538467131497284e-05,6.6307921182962714e-19,-1.7486680238478041e-07,0.025000000000000001
440.25,-1.7486682453794962e-07,1.7471897947256727e-07,-3.4958580401051689e-07,4.5788893438505274e-21,3.1538467104842004e-05,6.6307921182962714e-19,-1.7486678217018409e-07,0.025000000000000001
440.5,-1.7486680454147521e-07,1.7472076957682573e-07,-3.4958757411830095e-07,4.4748804514983009e-21,3.1538467078112599e-05,6.8468263787457524e-19,-1.7486676216369712e-07,0.025000000000000001
440.75,-1.7486678475324815e-07,1.7472256218425756e-07,-3.4958934693750571e-07,4.5788893438505274e-21,3.1538467051308993e-05,6.4954698301677763e-19,-1.7486674236555712e-07,0.025000000000000001
441,-1.7486676517350273e-07,1.7472435725719483e-07,-3.4959112243069756e-07,4.2881042954748955e-21,3.153846702443114e-05,6.9753356379552678e-19,-1.7486672277599854e-07,0.025000000000000001
441.25,-1.748667458024724e-07,1.7472615475797418e-07,-3.4959290056044658e-07,4.5123017060741395e-21,3.1538466997478972e-05,6.4954698301677763e-19,-1.7486670339525491e-07,0.025000000000000001
441.5,-1.7486672664038503e-07,1.7472795464894044e-07,-3.4959468128932547e-07,4.1116012298877665e-21,3.1538466970452502e-05,6.9753356379552678e-19,-1.7486668422355425e-07,0.025000000000000001
441.75,-1.7486670768746869e-07,1.7472975689244643e-07,-3.4959646457991512e-07,4.5614120180372746e-21,3.1538466943351669e-05,6.4954698301677763e-19,-1.748666652611247e-07,0.025000000000000001
442,-1.7486668894394885e-07,1.7473156145085687e-07,-3.4959825039480572e-07,4.2671386484899539e-21,3.1538466916176426e-05,6.4954698301677763e-19,-1.7486664650819188e-07,0.025000000000000001
442.25,-1.7486667041004716e-07,1.7473336828655066e-07,-3.4960003869659782e-07,4.1822251770681079e-21,3.1538466888926787e-05,6.4954698301677763e-19,-1.7486662796497757e-07,0.025000000000000001
442.5,-1.7486665208598349e-07,1.7473517736192279e-07,-3.4960182944790628e-07,4.3709613659473769e-21,3.1538466861602791e-05,6.6307921182962714e-19,-1.7486660963170172e-07,0.025000000000000001
442.75,-1.7486663397197636e-07,1.7473698863938536e-07,-3.4960362261136172e-07,4.3410438546782892e-21,3.1538466834204332e-05,6.7185846651342552e-19,-1.7486659150858299e-07,0.025000000000000001
443,-1.7486661606824082e-07,1.7473880208137142e-07,-3.4960541814961224e-07,4.4748804514983009e-21,3.1538466806731448e-05,6.4954698301677763e-19,-1.7486657359583653e-07,0.025000000000000001
443.25,-1.7486659837499072e-07,1.7474061765033597e-07,-3.4960721602532669e-07,4.6598842263705828e-21,3.1538466779184039e-05,6.8468263787457524e-19,-1.7486655589367627e-07,0.025000000000000001
443.5,-1.7486658089243578e-07,1.7474243530876017e-07,-3.4960901620119594e-07,4.4229092871066715e-21,3.153846675156216e-05,6.4954698301677763e-19,-1.7486653840231208e-07,0.025000000000000001
443.75,-1.7486656362078367e-07,1.747442550191518e-07,-3.4961081863993548e-07,4.6106070862531189e-21,3.1538466723865808e-05,6.8468263787457524e-19,-1.7486652112195174e-07,0.025000000000000001
444,-1.7486654656024114e-07,1.7474607674404703e-07,-3.4961262330428817e-07,4.2152656532701089e-21,3.1538466696094912e-05,6.4954698301677763e-19,-1.7486650405280208e-07,0.025000000000000001
444.25,-1.7486652971101085e-07,1.7474790044601428e-07,-3.4961443015702513e-07,4.6598842263705828e-21,3.1538466668249551e-05,6.4954698301677763e-19,-1.7486648719506586e-07,0.025000000000000001
444.5,-1.7486651307329525e-07,1.7474972608765445e-07,-3.496162391609497e-07,4.3190375267056852e-21,3.1538466640329583e-05,6.4954698301677763e-19,-1.7486647054894568e-07,0.025000000000000001
444.75,-1.7486649664729138e-07,1.7475155363160613e-07,-3.4961805027889751e-07,4.4229092871066715e-21,3.1538466612335117e-05,6.8468263787457524e-19,-1.7486645411463863e-07,0.025000000000000001
445,-1.7486648043319485e-07,1.7475338304054597e-07,-3.4961986347374082e-07,4.2671386484899539e-21,3.15384665842662e-05,6.4954698301677763e-19,-1.7486643789234047e-07,0.025000000000000001
445.25,-1.7486646443120024e-07,1.7475521427718964e-07,-3.4962167870838988e-07,4.6106070862531189e-21,3.1538466556122778e-05,6.4954698301677763e-19,-1.7486642188224584e-07,0.025000000000000001
445.5,-1.7486644864149819e-07,1.7475704730429631e-07,-3.496234959457945e-07,4.3190375267056852e-21,3.1538466527904892e-05,6.8468263787457524e-19,-1.7486640608454552e-07,0.025000000000000001
445.75,-1.7486643306427885e-07,1.747588820846686e-07,-3.4962531514894745e-07,4.1116012298877665e-21,3.1538466499612447e-05,6.4954698301677763e-19,-1.7486639049942972e-07,0.025000000000000001
446,-1.7486641769972656e-07,1.7476071858115875e-07,-3.4962713628088531e-07,4.3410438546782892e-21,3.1538466471245611e-05,6.8468263787457524e-19,-1.748663751270829e-07,0.025000000000000001
446.25,-1.7486640254802772e-07,1.7476255675666498e-07,-3.496289593046927e-07,4.3655078873846413e-21,3.153846644280421e-05,6.8468263787457524e-19,-1.7486635996769158e-07,0.025000000000000001
446.5,-1.7486638760936159e-07,1.7476439657413997e-07,-3.4963078418350156e-07,4.0763460586613204e-21,3.1538466414288439e-05,6.4954698301677763e-19,-1.7486634502143505e-07,0.025000000000000001
446.75,-1.7486637288390773e-07,1.7476623799658845e-07,-3.4963261088049618e-07,4.1634195084927473e-21,3.1538466385698265e-05,6.8468263787457524e-19,-1.7486633028849302e-07,0.025000000000000001
447,-1.7486635837184355e-07,1.7476808098706999e-07,-3.4963443935891353e-07,4.3655078873846413e-21,3.1538466357033681e-05,6.8468263787457524e-19,-1.7486631576904295e-07,0.025000000000000001
447.25,-1.7486634407334159e-07,1.7476992550870421e-07,-3.496362695820458e-07,4.1822251770681079e-21,3.1538466328294795e-05,6.4954698301677763e-19,-1.7486630146325752e-07,0.025000000000000001
447.5,-1.7486632998857597e-07,1.7477177152466834e-07,-3.4963810151324431e-07,4.3709613659473769e-21,3.1538466299481533e-05,6.8468263787457524e-19,-1.748662873713109e-07,0.025000000000000001
447.75,-1.7486631611771273e-07,1.7477361899820545e-07,-3.4963993511591818e-07,4.6598842263705828e-21,3.1538466270594097e-05,6.8468263787457524e-19,-1.7486627349336925e-07,0.025000000000000001
448,-1.7486630246092212e-07,1.7477546789261859e-07,-3.4964177035354071e-07,4.2351647362715017e-21,3.1538466241632299e-05,6.8468263787457524e-19,-1.748662598296029e-07,0.025000000000000001
448.25,-1.7486628901836642e-07,1.747773181712804e-07,-3.4964360718964682e-07,4.4229092871066715e-21,3.1538466212596315e-05,6.4954698301677763e-19,-1.7486624638017421e-07,0.025000000000000001
448.5,-1.7486627579020619e-07,1.7477916979763262e-07,-3.4964544558783881e-07,4.3709613659473769e-21,3.1538466183486313e-05,6.8468263787457524e-19,-1.7486623314524381e-07,0.025000000000000001
448.75,-1.7486626277660147e-07,1.747810227351858e-07,-3.4964728551178727e-07,4.3709613659473769e-21,3.1538466154302281e-05,6.4954698301677763e-19,-1.7486622012497185e-07,0.025000000000000001
449,-1.7486624997771031e-07,1.7478287694752344e-07,-3.4964912692523375e-07,4.2881042954748955e-21,3.153846612504415e-05,6.4954698301677763e-19,-1.7486620731951648e-07,0.025000000000000001
449.25,-1.7486623739368563e-07,1.7478473239830604e-07,-3.4965096979199167e-07,4.3709613659473769e-21,3.1538466095712111e-05,6.8468263787457524e-19,-1.7486619472903066e-07,0.025000000000000001
449.5,-1.748662250246801e-07,1.7478658905126911e-07,-3.4965281407594921e-07,4.3190375267056852e-21,3.153846606630619e-05,6.4954698301677763e-19,-1.7486618235366717e-07,0.025000000000000001
449.75,-1.7486621287084365e-07,1.7478844687022746e-07,-3.4965465974107111e-07,4.1292856178647142e-21,3.153846603682638e-05,6.4954698301677763e-19,-1.7486617019357599e-07,0.025000000000000001
450,-1.7486620093232232e-07,1.7479030581907876e-07,-3.4965650675140107e-07,4.3190375267056852e-21,3.1538466007272865e-05,6.4954698301677763e-19,-1.7486615824890327e-07,0.025000000000000001
450.25,-1.7486618920926099e-07,1.747921658618032e-07,-3.496583550710642e-07,4.3190375267056852e-21,3.1538465977645645e-05,6.4954698301677763e-19,-1.7486614651979397e-07,0.025000000000000001
450.5,-1.7486617770180066e-07,1.7479402696246536e-07,-3.4966020466426602e-07,4.3190375267056852e-21,3.1538465947944882e-05,6.8468263787457524e-19,-1.7486613500638913e-07,0.025000000000000001
450.75,-1.7486616641008027e-07,1.7479588908521876e-07,-3.4966205549529903e-07,4.2351647362715017e-21,3.1538465918170691e-05,6.8468263787457524e-19,-1.7486612370882782e-07,0.025000000000000001
451,-1.7486615533423778e-07,1.7479775219430417e-07,-3.4966390752854195e-07,4.3190375267056852e-21,3.1538465888323087e-05,6.4954698301677763e-19,-1.7486611262724802e-07,0.025000000000000001
451.25,-1.7486614447440729e-07,1.7479961625405497e-07,-3.4966576072846226e-07,4.5614120180372746e-21,3.1538465858402183e-05,6.4954698301677763e-19,-1.7486610176178395e-07,0.025000000000000001
451.5,-1.7486613383072103e-07,1.7480148122889687e-07,-3.496676150596179e-07,4.3190375267056852e-21,3.1538465828408069e-05,6.4954698301677763e-19,-1.7486609111256786e-07,0.025000000000000001
451.75,-1.7486612340330745e-07,1.7480334708335238e-07,-3.4966947048665983e-07,4.3190375267056852e-21,3.1538465798340879e-05,6.8468263787457524e-19,-1.7486608067972832e-07,0.025000000000000001
452,-1.7486611319229378e-07,1.7480521378203967e-07,-3.4967132697433345e-07,4.3190375267056852e-21,3.1538465768200737e-05,6.4954698301677763e-19,-1.748660704633926e-07,0.025000000000000001
452.25,-1.7486610319780411e-07,1.7480708128967589e-07,-3.4967318448748e-07,4.3190375267056852e-21,3.1538465737987756e-05,6.4954698301677763e-19,-1.7486606046368487e-07,0.025000000000000001
452.5,-1.7486609341996102e-07,1.7480894957107955e-07,-3.4967504299104057e-07,4.2351647362715017e-21,3.1538465707702032e-05,6.8468263787457524e-19,-1.7486605068072776e-07,0.025000000000000001
452.75,-1.7486608385888236e-07,1.7481081859117216e-07,-3.4967690245005452e-07,4.5614120180372746e-21,3.1538465677343748e-05,6.8468263787457524e-19,-1.7486604111463923e-07,0.025000000000000001
453,-1.7486607451468634e-07,1.7481268831497825e-07,-3.4967876282966459e-07,4.2351647362715017e-21,3.1538465646912923e-05,6.4954698301677763e-19,-1.748660317655375e-07,0.025000000000000001
453.25,-1.7486606538748647e-07,1.7481455870763065e-07,-3.4968062409511712e-07,4.3190375267056852e-21,3.1538465616409776e-05,6.8468263787457524e-19,-1.7486602263353617e-07,0.025000000000000001
453.5,-1.7486605647739443e-07,1.7481642973436953e-07,-3.4968248621176396e-07,4.2351647362715017e-21,3.1538465585834448e-05,6.4954698301677763e-19,-1.7486601371874699e-07,0.025000000000000001
453.75,-1.7486604778452018e-07,1.7481830136054479e-07,-3.4968434914506497e-07,4.3190375267056852e-21,3.1538465555187034e-05,6.4954698301677763e-19,-1.7486600502127997e-07,0.025000000000000001
454,-1.7486603930896833e-07,1.7482017355161945e-07,-3.4968621286058778e-07,4.2351647362715017e-21,3.1538465524467779e-05,6.4954698301677763e-19,-1.7486599654123977e-07,0.025000000000000001
454.25,-1.7486603105084491e-07,1.7482204627316792e-07,-3.4968807732401283e-07,4.3190375267056852e-21,3.1538465493676742e-05,6.8468263787457524e-19,-1.7486598827873251e-07,0.025000000000000001
454.5,-1.7486602301025064e-07,1.7482391949088138e-07,-3.4968994250113201e-07,4.3190375267056852e-21,3.1538465462814141e-05,6.4954698301677763e-19,-1.7486598023385895e-07,0.025000000000000001
454.75,-1.7486601518728491e-07,1.7482579317056707e-07,-3.4969180835785199e-07,4.2351647362715017e-21,3.1538465431880139e-05,6.4954698301677763e-19,-1.7486597240671852e-07,0.025000000000000001
455,-1.7486600758204319e-07,1.7482766727815179e-07,-3.4969367486019498e-07,4.3190375267056852e-21,3.1538465400874938e-05,6.8468263787457524e-19,-1.7486596479740677e-07,0.025000000000000001
455.25,-1.7486600019462038e-07,1.7482954177968058e-07,-3.4969554197430096e-07,4.2351647362715017e-21,3.1538465369798661e-05,6.8468263787457524e-19,-1.7486595740601863e-07,0.025000000000000001
455.5,-1.7486599302510706e-07,1.7483141664132204e-07,-3.496974096664291e-07,4.3190375267056852e-21,3.1538465338651518e-05,6.8468263787457524e-19,-1.7486595023264475e-07,0.025000000000000001
455.75,-1.7486598607359149e-07,1.7483329182936769e-07,-3.4969927790295918e-07,4.3190375267056852e-21,3.1538465307433787e-05,6.8468263787457524e-19,-1.7486594327737344e-07,0.025000000000000001
456,-1.748659793401615e-07,1.7483516731023274e-07,-3.4970114665039424e-07,4.5614120180372746e-21,3.1538465276145521e-05,6.4954698301677763e-19,-1.7486593654029257e-07,0.025000000000000001
456.25,-1.7486597282490056e-07,1.7483704305045954e-07,-3.497030158753601e-07,4.4632789481323703e-21,3.1538465244786939e-05,6.8468263787457524e-19,-1.7486593002148569e-07,0.025000000000000001
456.5,-1.7486596652788878e-07,1.7483891901671963e-07,-3.4970488554460841e-07,4.2152656532701089e-21,3.1538465213358337e-05,6.8468263787457524e-19,-1.7486592372103292e-07,0.025000000000000001
456.75,-1.7486596044920562e-07,1.748407951758119e-07,-3.4970675562501752e-07,4.3410438546782892e-21,3.1538465181859845e-05,6.4954698301677763e-19,-1.7486591763901377e-07,0.025000000000000001
457,-1.7486595458892588e-07,1.7484267149466798e-07,-3.4970862608359386e-07,4.4229092871066715e-21,3.153846515029178e-05,6.8468263787457524e-19,-1.748659117755031e-07,0.025000000000000001
457.25,-1.7486594894712468e-07,1.7484454794034924e-07,-3.4971049688747393e-07,4.3410438546782892e-21,3.1538465118654253e-05,6.4954698301677763e-19,-1.7486590613057609e-07,0.025000000000000001
457.5,-1.7486594352387201e-07,1.7484642448005302e-07,-3.4971236800392503e-07,4.1292856178647142e-21,3.1538465086947519e-05,6.8468263787457524e-19,-1.7486590070430274e-07,0.025000000000000001
457.75,-1.7486593831923551e-07,1.7484830108111091e-07,-3.4971423940034641e-07,4.5614120180372746e-21,3.1538465055171898e-05,6.8468263787457524e-19,-1.7486589549675075e-07,0.025000000000000001
458,-1.7486593333328152e-07,1.7485017771099026e-07,-3.4971611104427178e-07,4.3190375267056852e-21,3.15384650233276e-05,6.4954698301677763e-19,-1.7486589050798651e-07,0.025000000000000001
458.25,-1.7486592856607331e-07,1.748520543372964e-07,-3.4971798290336971e-07,4.1292856178647142e-21,3.1538464991414854e-05,6.8468263787457524e-19,-1.7486588573807331e-07,0.025000000000000001
458.5,-1.7486592401767135e-07,1.7485393092777305e-07,-3.497198549454444e-07,4.4229092871066715e-21,3.1538464959433899e-05,6.4954698301677763e-19,-1.7486588118707164e-07,0.025000000000000001
458.75,-1.7486591968813406e-07,1.7485580745030442e-07,-3.4972172713843848e-07,4.5614120180372746e-21,3.1538464927384984e-05,6.4954698301677763e-19,-1.7486587685504e-07,0.025000000000000001
459,-1.7486591557751639e-07,1.74857683872916e-07,-3.4972359945043239e-07,4.4229092871066715e-21,3.1538464895268409e-05,6.8468263787457524e-19,-1.7486587274203335e-07,0.025000000000000001
459.25,-1.7486591168587081e-07,1.7485956016377595e-07,-3.4972547184964676e-07,4.2152656532701089e-21,3.1538464863084504e-05,6.8468263787457524e-19,-1.7486586884810423e-07,0.025000000000000001
459.5,-1.7486590801324771e-07,1.7486143629119536e-07,-3.4972734430444307e-07,4.4229092871066715e-21,3.1538464830833515e-05,6.8468263787457524e-19,-1.7486586517330301e-07,0.025000000000000001
459.75,-1.7486590455969517e-07,1.748633122236308e-07,-3.4972921678332597e-07,4.3190375267056852e-21,3.1538464798515711e-05,6.8468263787457524e-19,-1.7486586171767781e-07,0.025000000000000001
460,-1.7486590132525831e-07,1.7486518792968218e-07,-3.4973108925494048e-07,4.4229092871066715e-21,3.1538464766131351e-05,7.1040979235155274e-19,-1.7486585848127381e-07,0.025000000000000001
460.25,-1.7486589830998057e-07,1.7486706337809853e-07,-3.497329616880791e-07,4.2351647362715017e-21,3.1538464733680733e-05,6.4954698301677763e-19,-1.7486585546413449e-07,0.025000000000000001
460.5,-1.7486589551390065e-07,1.7486893853777652e-07,-3.4973483405167717e-07,4.3190375267056852e-21,3.1538464701164202e-05,6.8468263787457524e-19,-1.7486585266629853e-07,0.025000000000000001
460.75,-1.7486589293705659e-07,1.7487081337776064e-07,-3.4973670631481723e-07,4.6598842263705828e-21,3.153846466858205e-05,6.7661144064247665e-19,-1.7486585008780403e-07,0.025000000000000001
461,-1.7486589057948282e-07,1.7487268786724536e-07,-3.4973857844672818e-07,4.6598842263705828e-21,3.1538464635934601e-05,6.4954698301677763e-19,-1.7486584772868545e-07,0.025000000000000001
461.25,-1.748658884412109e-07,1.7487456197557648e-07,-3.4974045041678738e-07,4.1292856178647142e-21,3.1538464603222236e-05,6.8468263787457524e-19,-1.7486584558897435e-07,0.025000000000000001
461.5,-1.7486588652227113e-07,1.7487643567224979e-07,-3.4974232219452092e-07,4.3190375267056852e-21,3.1538464570445219e-05,6.2248252539107851e-19,-1.7486584366870108e-07,0.025000000000000001
461.75,-1.7486588482269147e-07,1.7487830892691349e-07,-3.4974419374960496e-07,4.2351647362715017e-21,3.1538464537603868e-05,6.2248252539107851e-19,-1.7486584196789359e-07,0.025000000000000001
462,-1.7486588334249618e-07,1.7488018170936917e-07,-3.4974606505186535e-07,4.4632789481323703e-21,3.1538464504698515e-05,7.1040979235155274e-19,-1.748658404865762e-07,0.025000000000000001
462.25,-1.7486588208170657e-07,1.7488205398957268e-07,-3.4974793607127925e-07,4.3655078873846413e-21,3.1538464471729533e-05,6.8468263787457524e-19,-1.748658392247702e-07,0.025000000000000001
462.5,-1.7486588104034113e-07,1.7488392573763471e-07,-3.4974980677797584e-07,4.5614120180372746e-21,3.1538464438697321e-05,7.1040979235155274e-19,-1.7486583818249412e-07,0.025000000000000001
462.75,-1.748658802184168e-07,1.7488579692382021e-07,-3.4975167714223702e-07,4.5268740585845904e-21,3.1538464405602253e-05,6.59062611500564e-19,-1.7486583735976495e-07,0.025000000000000001
463,-1.7486587961594882e-07,1.7488766751854977e-07,-3.4975354713449858e-07,4.5268740585845904e-21,3.15384643724446e-05,6.7661144064247665e-19,-1.7486583675659787e-07,0.025000000000000001
463.25,-1.7486587923294823e-07,1.7488953749240067e-07,-3.4975541672534891e-07,4.4229092871066715e-21,3.1538464339224787e-05,6.4954698301677763e-19,-1.7486583637300399e-07,0.025000000000000001
463.5,-1.7486587906942394e-07,1.7489140681610774e-07,-3.4975728588553168e-07,4.2351647362715017e-21,3.1538464305943176e-05,6.8468263787457524e-19,-1.7486583620899224e-07,0.025000000000000001
463.75,-1.7486587912538249e-07,1.748932754605628e-07,-3.4975915458594529e-07,4.2351647362715017e-21,3.1538464272600178e-05,6.4954698301677763e-19,-1.7486583626456914e-07,0.025000000000000001
464,-1.7486587940082664e-07,1.7489514339681743e-07,-3.4976102279764408e-07,4.5614120180372746e-21,3.1538464239196207e-05,6.2248252539107851e-19,-1.7486583653973748e-07,0.025000000000000001
464.25,-1.748658798957585e-07,1.7489701059607905e-07,-3.4976289049183755e-07,4.3190375267056852e-21,3.1538464205731588e-05,7.1040979235155274e-19,-1.7486583703449935e-07,0.025000000000000001
464.5,-1.7486588061017563e-07,1.7489887702971713e-07,-3.4976475763989276e-07,4.1116012298877665e-21,3.153846417220681e-05,7.1040979235155274e-19,-1.7486583774885237e-07,0.025000000000000001
464.75,-1.7486588154407548e-07,1.749007426692581e-07,-3.4976662421333358e-07,4.4229092871066715e-21,3.1538464138622212e-05,6.8468263787457524e-19,-1.7486583868279397e-07,0.025000000000000001
465,-1.7486588269745036e-07,1.7490260748638968e-07,-3.4976849018384005e-07,4.1292856178647142e-21,3.1538464104978266e-05,6.8468263787457524e-19,-1.7486583983631647e-07,0.025000000000000001
465.25,-1.7486588407029124e-07,1.7490447145295934e-07,-3.4977035552325059e-07,4.4632789481323703e-21,3.1538464071275374e-05,6.8468263787457524e-19,-1.7486584120941082e-07,0.025000000000000001
465.5,-1.7486588566258597e-07,1.7490633454097552e-07,-3.4977222020356149e-07,3.9046289570014215e-21,3.1538464037513996e-05,6.8468263787457524e-19,-1.748658428020649e-07,0.025000000000000001
465.75,-1.7486588747432144e-07,1.7490819672260576e-07,-3.497740841969272e-07,4.5614120180372746e-21,3.1538464003694478e-05,6.7661144064247665e-19,-1.7486584461426561e-07,0.025000000000000001
466,-1.7486588950547823e-07,1.7491005797018181e-07,-3.4977594747566005e-07,4.7586745195998688e-21,3.1538463969817422e-05,6.8468263787457524e-19,-1.7486584664599351e-07,0.025000000000000001
466.25,-1.7486589175603951e-07,1.749119182561927e-07,-3.4977781001223221e-07,4.7586745195998688e-21,3.15384639358831e-05,6.8468263787457524e-19,-1.748658488972318e-07,0.025000000000000001
466.5,-1.7486589422598221e-07,1.7491377755329178e-07,-3.4977967177927399e-07,4.6598842263705828e-21,3.1538463901892007e-05,6.4954698301677763e-19,-1.7486585136795737e-07,0.025000000000000001
466.75,-1.748658969152809e-07,1.7491563583429297e-07,-3.4978153274957386e-07,4.2152656532701089e-21,3.1538463867844643e-05,6.2248252539107851e-19,-1.7486585405814481e-07,0.025000000000000001
467,-1.748658998239085e-07,1.7491749307217143e-07,-3.4978339289607994e-07,4.1116012298877665e-21,3.1538463833741505e-05,6.4954698301677763e-19,-1.7486585696776704e-07,0.025000000000000001
467.25,-1.7486590295183571e-07,1.7491934924006452e-07,-3.4978525219190023e-07,4.3655078873846413e-21,3.1538463799582983e-05,6.7661144064247665e-19,-1.7486586009679474e-07,0.025000000000000001
467.5,-1.7486590629902762e-07,1.7492120431127249e-07,-3.4978711061030011e-07,4.7350581231065237e-21,3.153846376536973e-05,6.8468263787457524e-19,-1.74865863445193e-07,0.025000000000000001
467.75,-1.7486590986545209e-07,1.749230582592539e-07,-3.4978896812470599e-07,4.6586812098986519e-21,3.1538463731102016e-05,6.4954698301677763e-19,-1.7486586701292969e-07,0.025000000000000001
468,-1.7486591365106955e-07,1.7492491105763194e-07,-3.4979082470870149e-07,4.3190375267056852e-21,3.1538463696780438e-05,6.8468263787457524e-19,-1.7486587079996521e-07,0.025000000000000001
468.25,-1.7486591765584164e-07,1.7492676268018972e-07,-3.4979268033603136e-07,4.268123713790712e-21,3.1538463662405415e-05,6.59062611500564e-19,-1.7486587480626119e-07,0.025000000000000001
468.5,-1.7486592187972339e-07,1.7492861310087373e-07,-3.4979453498059712e-07,4.6309255768179868e-21,3.1538463627977517e-05,7.1040979235155274e-19,-1.7486587903177267e-07,0.025000000000000001
468.75,-1.7486592632267045e-07,1.7493046229378996e-07,-3.4979638861646041e-07,4.5614120180372746e-21,3.1538463593497272e-05,6.4954698301677763e-19,-1.7486588347645524e-07,0.025000000000000001
469,-1.7486593098463449e-07,1.7493231023320708e-07,-3.4979824121784157e-07,4.1292856178647142e-21,3.1538463558965148e-05,6.2248252539107851e-19,-1.7486588814026063e-07,0.025000000000000001
469.25,-1.7486593586556357e-07,1.7493415689355481e-07,-3.4980009275911838e-07,4.1292856178647142e-21,3.1538463524381762e-05,6.7661144064247665e-19,-1.7486589302313682e-07,0.025000000000000001
469.5,-1.7486594096540579e-07,1.7493600224942191e-07,-3.498019432148277e-07,4.3410438546782892e-21,3.1538463489747547e-05,6.4954698301677763e-19,-1.7486589812503194e-07,0.025000000000000001
469.75,-1.7486594628410447e-07,1.7493784627555917e-07,-3.4980379255966364e-07,4.3410438546782892e-21,3.1538463455063106e-05,6.8468263787457524e-19,-1.7486590344588925e-07,0.025000000000000001
470,-1.7486595182160322e-07,1.7493968894687646e-07,-3.4980564076847969e-07,4.6598842263705828e-21,3.153846342032884e-05,6.59062611500564e-19,-1.7486590898565239e-07,0.025000000000000001
470.25,-1.7486595757783923e-07,1.7494153023844501e-07,-3.4980748781628425e-07,4.2152656532701089e-21,3.1538463385545425e-05,6.2248252539107851e-19,-1.7486591474425847e-07,0.025000000000000001
470.5,-1.7486596355275136e-07,1.7494337012549375e-07,-3.4980933367824511e-07,4.5528020914918643e-21,3.1538463350713208e-05,6.7661144064247665e-19,-1.7486592072164637e-07,0.025000000000000001
470.75,-1.7486596974626921e-07,1.7494520858341424e-07,-3.4981117832968345e-07,4.4469229730850768e-21,3.1538463315833068e-05,6.3356270951038989e-19,-1.7486592691774569e-07,0.025000000000000001
471,-1.7486597615832755e-07,1.7494704558775335e-07,-3.4981302174608089e-07,4.2152656532701089e-21,3.1538463280905258e-05,6.8468263787457524e-19,-1.7486593333249113e-07,0.025000000000000001
471.25,-1.7486598278885397e-07,1.7494888111421782e-07,-3.4981486390307179e-07,4.3410438546782892e-21,3.1538463245930516e-05,6.2248252539107851e-19,-1.7486593996581028e-07,0.025000000000000001
471.5,-1.7486598963777469e-07,1.7495071513867156e-07,-3.4981670477644625e-07,4.268123713790712e-21,3.1538463210909335e-05,7.3623284446173192e-19,-1.748659468176293e-07,0.025000000000000001
471.75,-1.7486599670501293e-07,1.7495254763713725e-07,-3.4981854434215018e-07,4.3410438546782892e-21,3.1538463175842341e-05,6.3356270951038989e-19,-1.7486595388787144e-07,0.025000000000000001
472,-1.7486600399048985e-07,1.7495437858579304e-07,-3.4982038257628289e-07,4.3655078873846413e-21,3.1538463140730149e-05,6.59062611500564e-19,-1.7486596117645778e-07,0.025000000000000001
472.25,-1.7486601149412539e-07,1.7495620796097334e-07,-3.4982221945509873e-07,4.4229092871066715e-21,3.1538463105573111e-05,6.2248252539107851e-19,-1.7486596868330827e-07,0.025000000000000001
472.5,-1.7486601921583248e-07,1.7495803573917047e-07,-3.4982405495500295e-07,4.5268740585845904e-21,3.1538463070372122e-05,6.4954698301677763e-19,-1.7486597640833578e-07,0.025000000000000001
472.75,-1.7486602715552644e-07,1.7495986189702938e-07,-3.4982588905255582e-07,4.4632789481323703e-21,3.153846303512761e-05,6.3356270951038989e-19,-1.7486598435145562e-07,0.025000000000000001
473,-1.74866035313117e-07,1.7496168641135112e-07,-3.4982772172446812e-07,3.8116482626443515e-21,3.1538462999840292e-05,7.1040979235155274e-19,-1.7486599251257748e-07,0.025000000000000001
473.25,-1.7486604368851269e-07,1.7496350925908988e-07,-3.4982955294760256e-07,4.1116012298877665e-21,3.1538462964510636e-05,6.3356270951038989e-19,-1.7486600089160986e-07,0.025000000000000001
473.5,-1.7486605228161966e-07,1.7496533041735302e-07,-3.4983138269897269e-07,4.6309255768179868e-21,3.1538462929139285e-05,6.2248252539107851e-19,-1.7486600948845884e-07,0.025000000000000001
473.75,-1.7486606109234031e-07,1.7496714986340085e-07,-3.4983321095574116e-07,4.6309255768179868e-21,3.1538462893726905e-05,7.1040979235155274e-19,-1.7486601830302682e-07,0.025000000000000001
474,-1.7486607012057494e-07,1.7496896757464531e-07,-3.4983503769522025e-07,4.4469229730850768e-21,3.1538462858274083e-05,5.9541806776537948e-19,-1.7486602733521407e-07,0.025000000000000001
474.25,-1.7486607936622268e-07,1.7497078352864848e-07,-3.4983686289487116e-07,4.0234064994579266e-21,3.153846282278141e-05,7.0367589826817577e-19,-1.7486603658491963e-07,0.025000000000000001
474.5,-1.7486608882917786e-07,1.7497259770312455e-07,-3.4983868653230241e-07,4.4229092871066715e-21,3.1538462787249584e-05,6.8468263787457524e-19,-1.7486604605203785e-07,0.025000000000000001
474.75,-1.7486609850933281e-07,1.7497441007593652e-07,-3.4984050858526933e-07,4.7350581231065237e-21,3.1538462751679235e-05,6.3356270951038989e-19,-1.7486605573646096e-07,0.025000000000000001
475,-1.7486610840657867e-07,1.7497622062509496e-07,-3.4984232903167362e-07,4.2351647362715017e-21,3.1538462716070939e-05,6.4954698301677763e-19,-1.7486606563808011e-07,0.025000000000000001
475.25,-1.7486611852080266e-07,1.7497802932875918e-07,-3.4984414784956184e-07,4.5268740585845904e-21,3.1538462680425421e-05,6.8468263787457524e-19,-1.7486607575678244e-07,0.025000000000000001
475.5,-1.7486612885188995e-07,1.7497983616523636e-07,-3.4984596501712632e-07,4.5268740585845904e-21,3.1538462644743244e-05,6.8468263787457524e-19,-1.7486608609245311e-07,0.025000000000000001
475.75,-1.7486613939972271e-07,1.7498164111297825e-07,-3.4984778051270096e-07,4.3190375267056852e-21,3.1538462609025152e-05,6.4954698301677763e-19,-1.7486609664497419e-07,0.025000000000000001
476,-1.7486615016418202e-07,1.7498344415058186e-07,-3.4984959431476388e-07,4.1711535254719318e-21,3.1538462573271728e-05,7.0367589826817577e-19,-1.7486610741422676e-07,0.025000000000000001
476.25,-1.7486616114514439e-07,1.7498524525678946e-07,-3.4985140640193385e-07,4.1116012298877665e-21,3.1538462537483719e-05,6.8468263787457524e-19,-1.7486611840008725e-07,0.025000000000000001
476.5,-1.7486617234248497e-07,1.7498704441048607e-07,-3.4985321675297104e-07,4.7586745195998688e-21,3.1538462501661747e-05,6.4954698301677763e-19,-1.7486612960243079e-07,0.025000000000000001
476.75,-1.7486618375607691e-07,1.7498884159069938e-07,-3.4985502534677628e-07,4.1116012298877665e-21,3.1538462465806402e-05,7.3623284446173192e-19,-1.7486614102113046e-07,0.025000000000000001
477,-1.7486619538579036e-07,1.7499063677659785e-07,-3.4985683216238821e-07,4.1116012298877665e-21,3.1538462429918348e-05,6.8468263787457524e-19,-1.7486615265605634e-07,0.025000000000000001
477.25,-1.7486620723149099e-07,1.7499242994749244e-07,-3.4985863717898342e-07,4.7586745195998688e-21,3.1538462393998425e-05,7.0367589826817577e-19,-1.7486616450707406e-07,0.025000000000000001
477.5,-1.74866219293045e-07,1.7499422108283111e-07,-3.498604403758761e-07,4.1711535254719318e-21,3.1538462358047175e-05,5.9541806776537948e-19,-1.7486617657404979e-07,0.025000000000000001
477.75,-1.7486623157031482e-07,1.7499601016220104e-07,-3.4986224173251585e-07,4.1711535254719318e-21,3.153846232206527e-05,7.0367589826817577e-19,-1.7486618885684587e-07,0.025000000000000001
478,-1.7486624406315939e-07,1.7499779716532825e-07,-3.4986404122848765e-07,3.9785760584677947e-21,3.1538462286053522e-05,7.3623284446173192e-19,-1.748662013553212e-07,0.025000000000000001
478.25,-1.7486625677143682e-07,1.7499958207207277e-07,-3.4986583884350959e-07,2.6785533665288553e-21,3.1538462250012493e-05,6.8468263787457524e-19,-1.7486621406933381e-07,0.025000000000000001
478.5,-1.7486626969500165e-07,1.7500136486243163e-07,-3.4986763455743327e-07,3.9785760584677947e-21,3.1538462213942937e-05,6.4954698301677763e-19,-1.7486622699873821e-07,0.025000000000000001
478.75,-1.7486628283370577e-07,1.7500314551653604e-07,-3.4986942835024181e-07,3.5998900258307764e-21,3.1538462177845537e-05,5.9541806776537948e-19,-1.7486624014338621e-07,0.025000000000000001
479,-1.7486629618739912e-07,1.7500492401464992e-07,-3.4987122020204904e-07,4.1116012298877665e-21,3.1538462141720978e-05,7.0367589826817577e-19,-1.7486625350312769e-07,0.025000000000000001
479.25,-1.7486630975592839e-07,1.7500670033716943e-07,-3.4987301009309782e-07,2.541098841762901e-21,3.1538462105570018e-05,7.3623284446173192e-19,-1.7486626707780928e-07,0.025000000000000001
479.5,-1.7486632353913931e-07,1.7500847446462139e-07,-3.498747980037607e-07,3.0832464679262277e-21,3.1538462069393322e-05,6.4954698301677763e-19,-1.7486628086727662e-07,0.025000000000000001
479.75,-1.7486633753687331e-07,1.7501024637766329e-07,-3.498765839145366e-07,2.8802234130016577e-21,3.1538462033191554e-05,5.9541806776537948e-19,-1.7486629487137112e-07,0.025000000000000001
480,-1.7486635174897022e-07,1.7501201605708042e-07,-3.4987836780605065e-07,3.4144989710325696e-21,3.1538461996965534e-05,6.3356270951038989e-19,-1.7486630908993251e-07,0.025000000000000001
480.25,-1.7486636617526735e-07,1.7501378348378646e-07,-3.498801496590538e-07,4.3190375267056852e-21,3.1538461960715878e-05,7.0367589826817577e-19,-1.7486632352279803e-07,0.025000000000000001
480.5,-1.7486638081559868e-07,1.7501554863882202e-07,-3.498819294544207e-07,2.7528570785764761e-21,3.1538461924443386e-05,6.8468263787457524e-19,-1.7486633816980161e-07,0.025000000000000001
480.75,-1.7486639566979784e-07,1.7501731150335063e-07,-3.4988370717314847e-07,4.2351647362715017e-21,3.1538461888148709e-05,6.4954698301677763e-19,-1.7486635303077679e-07,0.025000000000000001
481,-1.7486641073769344e-07,1.7501907205866236e-07,-3.498854827963558e-07,2.541098841762901e-21,3.1538461851832591e-05,7.0367589826817577e-19,-1.7486636810555209e-07,0.025000000000000001
481.25,-1.7486642601911355e-07,1.7502083028616911e-07,-3.4988725630528266e-07,3.788046498485219e-21,3.1538461815495711e-05,7.3623284446173192e-19,-1.7486638339395557e-07,0.025000000000000001
481.5,-1.748664415138818e-07,1.7502258616740547e-07,-3.4988902768128727e-07,3.4924063099077129e-21,3.1538461779138902e-05,6.8468263787457524e-19,-1.7486639889581073e-07,0.025000000000000001
481.75,-1.7486645722182164e-07,1.7502433968402551e-07,-3.4989079690584715e-07,4.1116012298877665e-21,3.1538461742762815e-05,6.8468263787457524e-19,-1.7486641461094095e-07,0.025000000000000001
482,-1.7486647314275191e-07,1.7502609081780372e-07,-3.4989256396055564e-07,3.4924063099077129e-21,3.1538461706368215e-05,6.8468263787457524e-19,-1.7486643053916503e-07,0.025000000000000001
482.25,-1.7486648927649011e-07,1.7502783955063258e-07,-3.4989432882712269e-07,4.2351647362715017e-21,3.1538461669955841e-05,6.8468263787457524e-19,-1.7486644668030034e-07,0.025000000000000001
482.5,-1.7486650562285171e-07,1.7502958586452071e-07,-3.4989609148737242e-07,3.0540207233327644e-21,3.1538461633526356e-05,6.8468263787457524e-19,-1.7486646303416231e-07,0.025000000000000001
482.75,-1.7486652218164792e-07,1.7503132974159418e-07,-3.4989785192324211e-07,3.4144989710325696e-21,3.1538461597080609e-05,6.4954698301677763e-19,-1.7486647960056205e-07,0.025000000000000001
483,-1.74866538952689e-07,1.7503307116409233e-07,-3.4989961011678132e-07,3.4924063099077129e-21,3.1538461560619296e-05,7.0367589826817577e-19,-1.7486649637930972e-07,0.025000000000000001
483.25,-1.7486655593578329e-07,1.7503481011436833e-07,-3.4990136605015161e-07,3.0832464679262277e-21,3.153846152414313e-05,6.3356270951038989e-19,-1.7486651337021362e-07,0.025000000000000001
483.5,-1.7486657313073439e-07,1.7503654657488854e-07,-3.4990311970562293e-07,3.0832464679262277e-21,3.1538461487652924e-05,6.8468263787457524e-19,-1.7486653057307723e-07,0.025000000000000001
483.75,-1.7486659053734531e-07,1.7503828052822893e-07,-3.4990487106557424e-07,3.5998900258307764e-21,3.1538461451149395e-05,6.8468263787457524e-19,-1.7486654798770349e-07,0.025000000000000001
484,-1.7486660815541599e-07,1.7504001195707613e-07,-3.4990662011249213e-07,4.1116012298877665e-21,3.1538461414633269e-05,5.9541806776537948e-19,-1.7486656561389227e-07,0.025000000000000001
484.25,-1.7486662598474358e-07,1.7504174084422474e-07,-3.4990836682896832e-07,3.788046498485219e-21,3.1538461378105367e-05,7.0367589826817577e-19,-1.7486658345144061e-07,0.025000000000000001
484.5,-1.7486664402512345e-07,1.7504346717257702e-07,-3.4991011119770047e-07,2.541098841762901e-21,3.1538461341566391e-05,7.3623284446173192e-19,-1.7486660150014377e-07,0.025000000000000001
484.75,-1.7486666227634907e-07,1.7504519092514121e-07,-3.4991185320149028e-07,3.4924063099077129e-21,3.1538461305017062e-05,5.9541806776537948e-19,-1.7486661975979517e-07,0.025000000000000001
485,-1.7486668073821018e-07,1.7504691208503072e-07,-3.499135928232409e-07,3.9785760584677947e-21,3.1538461268458144e-05,7.0367589826817577e-19,-1.7486663823018442e-07,0.025000000000000001
485.25,-1.7486669941049453e-07,1.7504863063546262e-07,-3.4991533004595715e-07,3.6981986171391893e-21,3.1538461231890451e-05,6.8468263787457524e-19,-1.7486665691109921e-07,0.025000000000000001
485.5,-1.7486671829298733e-07,1.7505034655975694e-07,-3.4991706485274427e-07,3.9785760584677947e-21,3.1538461195314681e-05,7.3623284446173192e-19,-1.7486667580232463e-07,0.025000000000000001
485.75,-1.7486673738547143e-07,1.7505205984133406e-07,-3.4991879722680549e-07,3.788046498485219e-21,3.1538461158731612e-05,5.9541806776537948e-19,-1.7486669490364347e-07,0.025000000000000001
486,-1.7486675668772753e-07,1.7505377046371487e-07,-3.499205271514424e-07,3.0540207233327644e-21,3.1538461122142032e-05,5.9541806776537948e-19,-1.748667142148363e-07,0.025000000000000001
486.25,-1.7486677619953397e-07,1.7505547841051951e-07,-3.4992225461005348e-07,2.8802234130016577e-21,3.1538461085546672e-05,6.8468263787457524e-19,-1.7486673373568137e-07,0.025000000000000001
486.5,-1.7486679592066647e-07,1.7505718366546564e-07,-3.4992397958613212e-07,3.0832464679262277e-21,3.1538461048946215e-05,7.3623284446173192e-19,-1.7486675346595431e-07,0.025000000000000001
486.75,-1.7486681585089768e-07,1.7505888621236682e-07,-3.499257020632645e-07,3.2873718616659403e-21,3.1538461012341544e-05,6.8468263787457524e-19,-1.7486677340542766e-07,0.025000000000000001
487,-1.7486683598999867e-07,1.7506058603513251e-07,-3.4992742202513118e-07,3.4924063099077129e-21,3.1538460975733397e-05,6.8468263787457524e-19,-1.748667935538724e-07,0.025000000000000001
487.25,-1.7486685633773822e-07,1.750622831177663e-07,-3.4992913945550452e-07,3.1763735522036263e-21,3.1538460939122451e-05,6.8468263787457524e-19,-1.7486681391105719e-07,0.025000000000000001
487.5,-1.7486687689388189e-07,1.7506397744436456e-07,-3.4993085433824645e-07,3.2323491998863358e-21,3.1538460902509594e-05,5.9541806776537948e-19,-1.748668344767475e-07,0.025000000000000001
487.75,-1.7486689765819343e-07,1.7506566899911536e-07,-3.4993256665730879e-07,3.4144989710325696e-21,3.1538460865895456e-05,5.9541806776537948e-19,-1.7486685525070696e-07,0.025000000000000001
488,-1.7486691863043336e-07,1.7506735776629757e-07,-3.4993427639673092e-07,3.3881317890172014e-21,3.1538460829280953e-05,6.8468263787457524e-19,-1.7486687623269599e-07,0.025000000000000001
488.25,-1.7486693981036149e-07,1.7506904373027889e-07,-3.4993598354064039e-07,3.9046289570014215e-21,3.1538460792666714e-05,7.0367589826817577e-19,-1.7486689742247433e-07,0.025000000000000001
488.5,-1.7486696119773414e-07,1.7507072687551568e-07,-3.4993768807324982e-07,3.788046498485219e-21,3.1538460756053572e-05,6.8468263787457524e-19,-1.7486691881979813e-07,0.025000000000000001
488.75,-1.7486698279230428e-07,1.7507240718655169e-07,-3.4993938997885597e-07,3.2873718616659403e-21,3.1538460719442288e-05,5.9541806776537948e-19,-1.748669404244203e-07,0.025000000000000001
489,-1.7486700459382406e-07,1.7507408464801613e-07,-3.4994108924184019e-07,2.8802234130016577e-21,3.1538460682833646e-05,7.0367589826817577e-19,-1.7486696223609285e-07,0.025000000000000001
489.25,-1.7486702660204364e-07,1.7507575924462256e-07,-3.499427858466662e-07,2.541098841762901e-21,3.1538460646228331e-05,6.3356270951038989e-19,-1.7486698425456582e-07,0.025000000000000001
489.5,-1.7486704881670873e-07,1.7507743096116997e-07,-3.4994447977787871e-07,4.3655078873846413e-21,3.1538460609627176e-05,6.3356270951038989e-19,-1.7486700647958486e-07,0.025000000000000001
489.75,-1.748670712375637e-07,1.7507909978253826e-07,-3.4994617102010196e-07,3.0832464679262277e-21,3.1538460573031016e-05,7.3623284446173192e-19,-1.7486702891089415e-07,0.025000000000000001
490,-1.7486709386435214e-07,1.7508076569368867e-07,-3.4994785955804081e-07,2.6785533665288553e-21,3.1538460536440392e-05,7.3623284446173192e-19,-1.7486705154823723e-07,0.025000000000000001
490.25,-1.7486711669681258e-07,1.7508242867966379e-07,-3.4994954537647636e-07,3.9785760584677947e-21,3.1538460499856247e-05,6.3356270951038989e-19,-1.7486707439135247e-07,0.025000000000000001
490.5,-1.7486713973468192e-07,1.7508408872558566e-07,-3.4995122846026758e-07,3.5998900258307764e-21,3.1538460463279365e-05,7.0367589826817577e-19,-1.7486709743997666e-07,0.025000000000000001
490.75,-1.7486716297769578e-07,1.7508574581665325e-07,-3.4995290879434903e-07,4.1116012298877665e-21,3.1538460426710432e-05,6.3356270951038989e-19,-1.7486712069384533e-07,0.025000000000000001
491,-1.7486718642558751e-07,1.7508739993814294e-07,-3.4995458636373045e-07,3.9046289570014215e-21,3.1538460390150186e-05,7.0367589826817577e-19,-1.7486714415269168e-07,0.025000000000000001
491.25,-1.7486721007808677e-07,1.750890510754077e-07,-3.4995626115349447e-07,2.541098841762901e-21,3.1538460353599447e-05,6.8468263787457524e-19,-1.7486716781624526e-07,0.025000000000000001
491.5,-1.7486723393492114e-07,1.7509069921387514e-07,-3.4995793314879628e-07,3.9785760584677947e-21,3.1538460317059042e-05,6.4954698301677763e-19,-1.7486719168423351e-07,0.025000000000000001
491.75,-1.7486725799581657e-07,1.7509234433904698e-07,-3.4995960233486355e-07,3.6981986171391893e-21,3.1538460280529608e-05,6.4954698301677763e-19,-1.7486721575638228e-07,0.025000000000000001
492,-1.7486728226049627e-07,1.7509398643649733e-07,-3.4996126869699359e-07,3.4924063099077129e-21,3.1538460244011937e-05,6.4954698301677763e-19,-1.7486724003241462e-07,0.025000000000000001
492.25,-1.7486730672868227e-07,1.7509562549187223e-07,-3.499629322205545e-07,3.4144989710325696e-21,3.1538460207506748e-05,6.3356270951038989e-19,-1.7486726451205252e-07,0.025000000000000001
492.5,-1.7486733140009224e-07,1.7509726149088893e-07,-3.4996459289098117e-07,4.5614120180372746e-21,3.1538460171014868e-05,7.3623284446173192e-19,-1.7486728919501342e-07,0.025000000000000001
492.75,-1.7486735627444171e-07,1.750988944193345e-07,-3.4996625069377621e-07,2.6785533665288553e-21,3.1538460134537089e-05,6.4954698301677763e-19,-1.7486731408101277e-07,0.025000000000000001
493,-1.7486738135144504e-07,1.7510052426306453e-07,-3.4996790561450957e-07,2.6785533665288553e-21,3.1538460098074164e-05,5.9541806776537948e-19,-1.7486733916976479e-07,0.025000000000000001
493.25,-1.7486740663081423e-07,1.7510215100800276e-07,-3.4996955763881699e-07,2.8802234130016577e-21,3.1538460061626797e-05,6.4954698301677763e-19,-1.7486736446098135e-07,0.025000000000000001
493.5,-1.7486743211225821e-07,1.7510377464013954e-07,-3.4997120675239775e-07,2.8802234130016577e-21,3.1538460025195775e-05,6.3356270951038989e-19,-1.7486738995437125e-07,0.025000000000000001
493.75,-1.7486745779548426e-07,1.7510539514553099e-07,-3.4997285294101525e-07,3.6981986171391893e-21,3.1538459988781815e-05,7.3623284446173192e-19,-1.7486741564964163e-07,0.025000000000000001
494,-1.7486748368019727e-07,1.7510701251029913e-07,-3.4997449619049639e-07,4.3190375267056852e-21,3.1538459952385669e-05,6.4954698301677763e-19,-1.7486744154649728e-07,0.025000000000000001
494.25,-1.7486750976609947e-07,1.7510862672062946e-07,-3.4997613648672893e-07,3.4924063099077129e-21,3.1538459916008091e-05,6.4954698301677763e-19,-1.7486746764464025e-07,0.025000000000000001
494.5,-1.748675360528901e-07,1.7511023776277042e-07,-3.4997777381566052e-07,3.5998900258307764e-21,3.15384598796499e-05,5.9541806776537948e-19,-1.7486749394376966e-07,0.025000000000000001
494.75,-1.7486756254026747e-07,1.7511184562303348e-07,-3.4997940816330095e-07,4.1711535254719318e-21,3.15384598433118e-05,6.4954698301677763e-19,-1.748675204435837e-07,0.025000000000000001
495,-1.7486758922792761e-07,1.7511345028779012e-07,-3.4998103951571773e-07,3.5998900258307764e-21,3.1538459806994504e-05,6.4954698301677763e-19,-1.7486754714377823e-07,0.025000000000000001
495.25,-1.7486761611556252e-07,1.7511505174347437e-07,-3.4998266785903689e-07,3.6981986171391893e-21,3.1538459770698857e-05,7.0367589826817577e-19,-1.7486757404404512e-07,0.025000000000000001
495.5,-1.7486764320286389e-07,1.7511664997657773e-07,-3.4998429317944162e-07,3.6981986171391893e-21,3.1538459734425484e-05,7.0367589826817577e-19,-1.7486760114407592e-07,0.025000000000000001
495.75,-1.7486767048952096e-07,1.751182449736512e-07,-3.4998591546317215e-07,3.3881317890172014e-21,3.1538459698175137e-05,6.4954698301677763e-19,-1.7486762844355974e-07,0.025000000000000001
496,-1.7486769797521861e-07,1.7511983672130487e-07,-3.4998753469652348e-07,3.1763735522036263e-21,3.1538459661948622e-05,7.5780481351957391e-19,-1.7486765594218132e-07,0.025000000000000001
496.25,-1.7486772565964161e-07,1.7512142520620475e-07,-3.4998915086584636e-07,3.8116482626443515e-21,3.1538459625746624e-05,7.0367589826817577e-19,-1.7486768363962525e-07,0.025000000000000001
496.5,-1.7486775354247114e-07,1.7512301041507344e-07,-3.4999076395754458e-07,3.9046289570014215e-21,3.1538459589569962e-05,5.9541806776537948e-19,-1.7486771153557259e-07,0.025000000000000001
496.75,-1.7486778162338787e-07,1.7512459233468871e-07,-3.4999237395807659e-07,4.1116012298877665e-21,3.1538459553419246e-05,7.0367589826817577e-19,-1.7486773962970386e-07,0.025000000000000001
497,-1.748678099020687e-07,1.7512617095188325e-07,-3.4999398085395195e-07,2.8802234130016577e-21,3.1538459517295277e-05,7.0367589826817577e-19,-1.7486776792169581e-07,0.025000000000000001
497.25,-1.7486783837818808e-07,1.7512774625354492e-07,-3.4999558463173301e-07,2.7528570785764761e-21,3.1538459481198866e-05,6.3356270951038989e-19,-1.7486779641122275e-07,0.025000000000000001
497.5,-1.7486786705141876e-07,1.7512931822661302e-07,-3.4999718527803178e-07,4.2351647362715017e-21,3.1538459445130685e-05,7.8812890243546133e-19,-1.7486782509795727e-07,0.025000000000000001
497.75,-1.7486789592143152e-07,1.7513088685808021e-07,-3.4999878277951173e-07,3.2873718616659403e-21,3.1538459409091439e-05,5.8298625892039065e-19,-1.7486785398156999e-07,0.025000000000000001
498,-1.7486792498789436e-07,1.7513245213499093e-07,-3.5000037712288529e-07,4.1116012298877665e-21,3.1538459373081873e-05,6.4954698301677763e-19,-1.7486788306172877e-07,0.025000000000000001
498.25,-1.7486795425047441e-07,1.7513401404443978e-07,-3.5000196829491419e-07,2.8802234130016577e-21,3.1538459337102597e-05,7.3623284446173192e-19,-1.7486791233810061e-07,0.025000000000000001
498.5,-1.7486798370883345e-07,1.7513557257357333e-07,-3.5000355628240679e-07,4.3655078873846413e-21,3.1538459301154566e-05,6.4954698301677763e-19,-1.7486794181034708e-07,0.025000000000000001
498.75,-1.7486801336263502e-07,1.7513712770958597e-07,-3.5000514107222099e-07,2.6785533665288553e-21,3.1538459265238302e-05,6.4954698301677763e-19,-1.748679714781316e-07,0.025000000000000001
499,-1.7486804321153697e-07,1.7513867943972312e-07,-3.5000672265126009e-07,3.4924063099077129e-21,3.1538459229354639e-05,6.3356270951038989e-19,-1.7486800134111187e-07,0.025000000000000001
499.25,-1.7486807325519676e-07,1.7514022775127682e-07,-3.5000830100647358e-07,3.2873718616659403e-21,3.1538459193504213e-05,7.0367589826817577e-19,-1.7486803139894517e-07,0.025000000000000001
499.5,-1.7486810349326922e-07,1.7514177263158754e-07,-3.5000987612485675e-07,4.1116012298877665e-21,3.1538459157687791e-05,7.3623284446173192e-19,-1.7486806165128616e-07,0.025000000000000001
499.75,-1.7486813392540719e-07,1.7514331406804271e-07,-3.500114479934499e-07,2.9646153153900512e-21,3.1538459121906104e-05,7.5780481351957391e-19,-1.7486809209778756e-07,0.025000000000000001
